bug_id,buggy_checkout_available,fixed_checkout_available,buggy_compiles,fixed_compiles,trigger_tests_available,trigger_tests,buggy_trigger_failures,fixed_trigger_failures,dir_src_classes,error
Chart-1,True,True,True,True,True,org.jfree.chart.renderer.category.junit.AbstractCategoryItemRendererTests::test2947660,1,0,source,
Chart-11,True,True,True,True,True,org.jfree.chart.util.junit.ShapeUtilitiesTests::testEqualGeneralPaths,1,0,source,
Chart-12,True,True,True,True,True,org.jfree.chart.plot.junit.MultiplePiePlotTests::testConstructor,1,0,source,
Chart-13,True,True,True,True,True,org.jfree.chart.block.junit.BorderArrangementTests::testSizingWithWidthConstraint,1,0,source,
Chart-14,True,True,True,True,True,org.jfree.chart.plot.junit.CategoryPlotTests::testRemoveRangeMarker;org.jfree.chart.plot.junit.CategoryPlotTests::testRemoveDomainMarker;org.jfree.chart.plot.junit.XYPlotTests::testRemoveRangeMarker;org.jfree.chart.plot.junit.XYPlotTests::testRemoveDomainMarker,4,0,source,
Chart-15,True,True,True,True,True,org.jfree.chart.plot.junit.PiePlot3DTests::testDrawWithNullDataset,1,0,source,
Chart-17,True,True,True,True,True,org.jfree.data.time.junit.TimeSeriesTests::testBug1832432,1,0,source,
Chart-18,True,True,True,True,True,org.jfree.data.category.junit.DefaultCategoryDatasetTests::testBug1835955;org.jfree.data.junit.DefaultKeyedValues2DTests::testRemoveColumnByKey;org.jfree.data.junit.DefaultKeyedValuesTests::testRemoveValue;org.jfree.data.junit.DefaultKeyedValuesTests::testGetIndex2,4,0,source,
Chart-19,True,True,True,True,True,org.jfree.chart.plot.junit.CategoryPlotTests::testGetRangeAxisIndex;org.jfree.chart.plot.junit.CategoryPlotTests::testGetDomainAxisIndex,2,0,source,
Chart-20,True,True,True,True,True,org.jfree.chart.plot.junit.ValueMarkerTests::test1808376,1,0,source,
Chart-21,True,True,True,True,True,org.jfree.data.statistics.junit.DefaultBoxAndWhiskerCategoryDatasetTests::testGetRangeBounds,1,0,source,
Chart-22,True,True,True,True,True,org.jfree.data.junit.KeyedObjects2DTests::testRemoveColumnByKey;org.jfree.data.junit.KeyedObjects2DTests::testRemoveValue;org.jfree.data.junit.KeyedObjects2DTests::testGetValueByKey;org.jfree.data.junit.KeyedObjects2DTests::testRemoveColumnByIndex;org.jfree.data.junit.KeyedObjects2DTests::testSetObject;org.jfree.data.junit.KeyedObjects2DTests::testRemoveRowByKey,6,0,source,
Chart-24,True,True,True,True,True,org.jfree.chart.renderer.junit.GrayPaintScaleTests::testGetPaint,1,0,source,
Chart-25,True,True,True,True,True,org.jfree.chart.renderer.category.junit.StatisticalBarRendererTests::testDrawWithNullMeanVertical;org.jfree.chart.renderer.category.junit.StatisticalBarRendererTests::testDrawWithNullDeviationVertical;org.jfree.chart.renderer.category.junit.StatisticalBarRendererTests::testDrawWithNullMeanHorizontal;org.jfree.chart.renderer.category.junit.StatisticalBarRendererTests::testDrawWithNullDeviationHorizontal,4,0,source,
Chart-26,False,False,False,False,False,,0,0,,"buggy checkout failed: .. OK
Tag post-fix revision...................................................... OK
Excluding broken/flaky tests............................................... OK
Excluding broken/flaky tests............................................... OK
Cannot open file for appending /opt/defects4j-2.0.1/framework/projects/Chart/dir-layout.csv: Permission denied at /opt/defects4j-2.0.1/framework/core/Utils.pm line 152.
Compilation failed in require at /opt/defects4j-2.0.1/framework/bin/defects4j line 195.
"
Chart-3,True,True,True,True,True,org.jfree.data.time.junit.TimeSeriesTests::testCreateCopy3,1,0,source,
Chart-4,True,True,True,True,True,org.jfree.chart.axis.junit.LogAxisTests::testXYAutoRange1;org.jfree.chart.axis.junit.LogAxisTests::testXYAutoRange2;org.jfree.chart.axis.junit.NumberAxisTests::testXYAutoRange1;org.jfree.chart.axis.junit.NumberAxisTests::testXYAutoRange2;org.jfree.chart.axis.junit.ValueAxisTests::testAxisMargins;org.jfree.chart.junit.JFreeChartTests::testSerialization4;org.jfree.chart.junit.ScatterPlotTests::testDrawWithNullInfo;org.jfree.chart.junit.ScatterPlotTests::testSetSeriesToolTipGenerator;org.jfree.chart.junit.ScatterPlotTests::testReplaceDataset;org.jfree.chart.junit.TimeSeriesChartTests::testDrawWithNullInfo;org.jfree.chart.junit.TimeSeriesChartTests::testSetSeriesToolTipGenerator;org.jfree.chart.junit.TimeSeriesChartTests::testReplaceDataset;org.jfree.chart.junit.XYAreaChartTests::testDrawWithNullInfo;org.jfree.chart.junit.XYAreaChartTests::testSetSeriesToolTipGenerator;org.jfree.chart.junit.XYAreaChartTests::testReplaceDataset;org.jfree.chart.junit.XYStepAreaChartTests::testDrawWithNullInfo;org.jfree.chart.junit.XYStepAreaChartTests::testSetSeriesToolTipGenerator;org.jfree.chart.junit.XYStepAreaChartTests::testReplaceDataset;org.jfree.chart.junit.XYStepChartTests::testDrawWithNullInfo;org.jfree.chart.junit.XYStepChartTests::testSetSeriesToolTipGenerator;org.jfree.chart.junit.XYStepChartTests::testReplaceDataset;org.jfree.chart.plot.junit.XYPlotTests::testDrawRangeGridlines,22,0,source,
Chart-5,True,True,True,True,True,org.jfree.data.xy.junit.XYSeriesTests::testBug1955483,1,0,source,
Chart-6,True,True,True,True,True,org.jfree.chart.util.junit.ShapeListTests::testSerialization;org.jfree.chart.util.junit.ShapeListTests::testEquals,2,0,source,
Chart-7,True,True,True,True,True,org.jfree.data.time.junit.TimePeriodValuesTests::testGetMaxMiddleIndex,1,0,source,
Chart-8,True,True,True,True,True,org.jfree.data.time.junit.WeekTests::testConstructor,1,0,source,
Chart-9,True,True,True,True,True,org.jfree.data.time.junit.TimeSeriesTests::testBug1864222,1,0,source,
Closure-1,True,True,True,True,True,com.google.javascript.jscomp.CommandLineRunnerTest::testSimpleModeLeavesUnusedParams;com.google.javascript.jscomp.CommandLineRunnerTest::testForwardDeclareDroppedTypes;com.google.javascript.jscomp.CommandLineRunnerTest::testDebugFlag1;com.google.javascript.jscomp.IntegrationTest::testIssue787;com.google.javascript.jscomp.RemoveUnusedVarsTest::testRemoveGlobal1;com.google.javascript.jscomp.RemoveUnusedVarsTest::testRemoveGlobal2;com.google.javascript.jscomp.RemoveUnusedVarsTest::testRemoveGlobal3;com.google.javascript.jscomp.RemoveUnusedVarsTest::testIssue168b,8,0,src,
Closure-10,True,True,True,True,True,com.google.javascript.jscomp.PeepholeFoldConstantsTest::testIssue821,1,0,src,
Closure-101,True,True,True,True,True,com.google.javascript.jscomp.CommandLineRunnerTest::testProcessClosurePrimitives,1,0,src,
Closure-106,True,True,True,True,True,com.google.javascript.jscomp.CheckSideEffectsTest::testJSDocComments;com.google.javascript.jscomp.CollapsePropertiesTest::testTwinReferenceCancelsChildCollapsing;com.google.javascript.jscomp.CollapsePropertiesTest::testCrashInNestedAssign;com.google.javascript.jscomp.CollapsePropertiesTest::testCrashInCommaOperator,4,0,src,
Closure-107,True,True,True,True,True,com.google.javascript.jscomp.CommandLineRunnerTest::testGetMsgWiringNoWarnings,1,0,src,
Closure-108,True,True,True,True,True,com.google.javascript.jscomp.ScopedAliasesTest::testIssue1144,1,0,src,
Closure-109,True,True,True,True,True,com.google.javascript.jscomp.parsing.JsDocInfoParserTest::testStructuralConstructor2;com.google.javascript.jscomp.parsing.JsDocInfoParserTest::testStructuralConstructor3,2,0,src,
Closure-112,True,True,True,True,True,com.google.javascript.jscomp.TypeCheckTest::testIssue1058;com.google.javascript.jscomp.TypeCheckTest::testTemplatized11,2,0,src,
Closure-114,True,True,True,True,True,com.google.javascript.jscomp.NameAnalyzerTest::testAssignWithCall,1,0,src,
Closure-115,True,True,True,True,True,com.google.javascript.jscomp.InlineFunctionsTest::testBug4944818;com.google.javascript.jscomp.InlineFunctionsTest::testDoubleInlining1;com.google.javascript.jscomp.InlineFunctionsTest::testNoInlineIfParametersModified8;com.google.javascript.jscomp.InlineFunctionsTest::testNoInlineIfParametersModified9;com.google.javascript.jscomp.InlineFunctionsTest::testInlineFunctions6,5,0,src,
Closure-116,True,True,True,True,True,com.google.javascript.jscomp.FunctionInjectorTest::testIssue1101a;com.google.javascript.jscomp.FunctionInjectorTest::testIssue1101b;com.google.javascript.jscomp.InlineFunctionsTest::testBug4944818;com.google.javascript.jscomp.InlineFunctionsTest::testDoubleInlining2;com.google.javascript.jscomp.InlineFunctionsTest::testIssue1101;com.google.javascript.jscomp.InlineFunctionsTest::testInlineIfParametersModified8;com.google.javascript.jscomp.InlineFunctionsTest::testInlineIfParametersModified9;com.google.javascript.jscomp.InlineFunctionsTest::testInlineFunctions6,8,0,src,
Closure-117,True,True,True,True,True,com.google.javascript.jscomp.TypeCheckTest::testIssue1047,1,0,src,
Closure-119,True,True,True,True,True,com.google.javascript.jscomp.CheckGlobalNamesTest::testGlobalCatch,1,0,src,
Closure-12,True,True,True,True,True,com.google.javascript.jscomp.FlowSensitiveInlineVariablesTest::testIssue794b,1,0,src,
Closure-120,True,True,True,True,True,com.google.javascript.jscomp.InlineVariablesTest::testExternalIssue1053,1,0,src,
Closure-121,True,True,True,True,True,com.google.javascript.jscomp.InlineVariablesTest::testExternalIssue1053,1,0,src,
Closure-122,True,True,True,True,True,com.google.javascript.jscomp.parsing.ParserTest::testSuspiciousBlockCommentWarning3;com.google.javascript.jscomp.parsing.ParserTest::testSuspiciousBlockCommentWarning4;com.google.javascript.jscomp.parsing.ParserTest::testSuspiciousBlockCommentWarning5,3,0,src,
Closure-123,True,True,True,True,True,com.google.javascript.jscomp.CodePrinterTest::testPrintInOperatorInForLoop,1,0,src,
Closure-124,True,True,True,True,True,com.google.javascript.jscomp.ExploitAssignsTest::testIssue1017,1,0,src,
Closure-125,True,True,True,True,True,com.google.javascript.jscomp.TypeCheckTest::testIssue1002,1,0,src,
Closure-126,True,True,True,True,True,com.google.javascript.jscomp.MinimizeExitPointsTest::testDontRemoveBreakInTryFinally;com.google.javascript.jscomp.MinimizeExitPointsTest::testFunctionReturnOptimization,2,0,src,
Closure-127,True,True,True,True,True,com.google.javascript.jscomp.UnreachableCodeEliminationTest::testIssue4177428_return;com.google.javascript.jscomp.UnreachableCodeEliminationTest::testDontRemoveBreakInTryFinally;com.google.javascript.jscomp.UnreachableCodeEliminationTest::testIssue4177428_continue;com.google.javascript.jscomp.UnreachableCodeEliminationTest::testDontRemoveBreakInTryFinallySwitch;com.google.javascript.jscomp.UnreachableCodeEliminationTest::testIssue4177428a;com.google.javascript.jscomp.UnreachableCodeEliminationTest::testIssue4177428c,6,0,src,
Closure-129,True,True,True,True,True,com.google.javascript.jscomp.IntegrationTest::testIssue937,1,0,src,
Closure-130,True,True,True,True,True,com.google.javascript.jscomp.CollapsePropertiesTest::testIssue931,1,0,src,
Closure-131,True,True,True,True,True,com.google.javascript.jscomp.ConvertToDottedPropertiesTest::testQuotedProps;com.google.javascript.jscomp.ConvertToDottedPropertiesTest::testDoNotConvert,2,0,src,
Closure-132,True,True,True,True,True,com.google.javascript.jscomp.PeepholeSubstituteAlternateSyntaxTest::testIssue925,1,0,src,
Closure-133,True,True,True,True,True,com.google.javascript.jscomp.parsing.JsDocInfoParserTest::testTextExtents,1,0,src,
Closure-14,True,True,True,True,True,com.google.javascript.jscomp.CheckMissingReturnTest::testIssue779;com.google.javascript.jscomp.ControlFlowAnalysisTest::testDeepNestedFinally;com.google.javascript.jscomp.ControlFlowAnalysisTest::testDeepNestedBreakwithFinally,3,0,src,
Closure-15,True,True,True,True,True,com.google.javascript.jscomp.FlowSensitiveInlineVariablesTest::testSimpleForIn,1,0,src,
Closure-18,True,True,True,True,True,com.google.javascript.jscomp.IntegrationTest::testDependencySorting,1,0,src,
Closure-19,True,True,True,True,True,com.google.javascript.jscomp.TypeInferenceTest::testNoThisInference,1,0,src,
Closure-2,True,True,True,True,True,com.google.javascript.jscomp.TypeCheckTest::testBadInterfaceExtendsNonExistentInterfaces,1,0,src,
Closure-20,True,True,True,True,True,com.google.javascript.jscomp.PeepholeSubstituteAlternateSyntaxTest::testSimpleFunctionCall,1,0,src,
Closure-21,True,True,True,True,True,com.google.javascript.jscomp.CheckSideEffectsTest::testUselessCode,1,0,src,
Closure-22,True,True,True,True,True,com.google.javascript.jscomp.CheckSideEffectsTest::testUselessCode,1,0,src,
Closure-26,True,True,True,True,True,com.google.javascript.jscomp.CommandLineRunnerTest::testTransformAMDAndProcessCJS;com.google.javascript.jscomp.CommandLineRunnerTest::testProcessCJS;com.google.javascript.jscomp.ProcessCommonJSModulesTest::testExports;com.google.javascript.jscomp.ProcessCommonJSModulesTest::testModuleName;com.google.javascript.jscomp.ProcessCommonJSModulesTest::testDash;com.google.javascript.jscomp.ProcessCommonJSModulesTest::testVarRenaming;com.google.javascript.jscomp.ProcessCommonJSModulesTest::testWithoutExports,7,0,src,
Closure-29,True,True,True,True,True,com.google.javascript.jscomp.InlineObjectLiteralsTest::testObject10;com.google.javascript.jscomp.InlineObjectLiteralsTest::testObject12;com.google.javascript.jscomp.InlineObjectLiteralsTest::testObject22;com.google.javascript.jscomp.InlineObjectLiteralsTest::testIssue724;com.google.javascript.jscomp.IntegrationTest::testIssue724,5,0,src,
Closure-3,True,True,True,True,True,com.google.javascript.jscomp.FlowSensitiveInlineVariablesTest::testDoNotInlineCatchExpression1a;com.google.javascript.jscomp.FlowSensitiveInlineVariablesTest::testDoNotInlineCatchExpression1;com.google.javascript.jscomp.FlowSensitiveInlineVariablesTest::testDoNotInlineCatchExpression3,3,0,src,
Closure-30,True,True,True,True,True,com.google.javascript.jscomp.FlowSensitiveInlineVariablesTest::testInlineAcrossSideEffect1;com.google.javascript.jscomp.FlowSensitiveInlineVariablesTest::testCanInlineAcrossNoSideEffect;com.google.javascript.jscomp.FlowSensitiveInlineVariablesTest::testIssue698,3,0,src,
Closure-31,True,True,True,True,True,com.google.javascript.jscomp.CommandLineRunnerTest::testDependencySortingWhitespaceMode,1,0,src,
Closure-33,True,True,True,True,True,com.google.javascript.jscomp.TypeCheckTest::testIssue700,1,0,src,
Closure-35,True,True,True,True,True,com.google.javascript.jscomp.TypeCheckTest::testIssue669,1,0,src,
Closure-36,True,True,True,True,True,com.google.javascript.jscomp.IntegrationTest::testSingletonGetter1,1,0,src,
Closure-38,True,True,True,True,True,com.google.javascript.jscomp.CodePrinterTest::testMinusNegativeZero,1,0,src,
Closure-40,True,True,True,True,True,com.google.javascript.jscomp.IntegrationTest::testIssue284;com.google.javascript.jscomp.NameAnalyzerTest::testIssue284,2,0,src,
Closure-45,True,True,True,True,True,com.google.javascript.jscomp.RemoveUnusedVarsTest::testIssue618_1,1,0,src,
Closure-46,True,True,True,True,True,com.google.javascript.rhino.jstype.JSTypeTest::testRecordTypeLeastSuperType2;com.google.javascript.rhino.jstype.JSTypeTest::testRecordTypeLeastSuperType3;com.google.javascript.rhino.jstype.RecordTypeTest::testSupAndInf,3,0,src,
Closure-48,True,True,True,True,True,com.google.javascript.jscomp.TypeCheckTest::testIssue586,1,0,src,
Closure-49,True,True,True,True,True,com.google.javascript.jscomp.FunctionInjectorTest::testInline19b;com.google.javascript.jscomp.FunctionInjectorTest::testInlineIntoLoop;com.google.javascript.jscomp.FunctionInjectorTest::testInline13;com.google.javascript.jscomp.FunctionInjectorTest::testInline14;com.google.javascript.jscomp.FunctionInjectorTest::testInline15;com.google.javascript.jscomp.FunctionInjectorTest::testInline16;com.google.javascript.jscomp.FunctionInjectorTest::testInline17;com.google.javascript.jscomp.FunctionInjectorTest::testInline18;com.google.javascript.jscomp.FunctionInjectorTest::testInline19;com.google.javascript.jscomp.FunctionInjectorTest::testBug1897706;com.google.javascript.jscomp.FunctionInjectorTest::testInlineFunctionWithInnerFunction5;com.google.javascript.jscomp.FunctionToBlockMutatorTest::testMutateWithParameters3;com.google.javascript.jscomp.FunctionToBlockMutatorTest::testMutateCallInLoopVars1;com.google.javascript.jscomp.FunctionToBlockMutatorTest::testMutateInitializeUninitializedVars1;com.google.javascript.jscomp.FunctionToBlockMutatorTest::testMutateInitializeUninitializedVars2;com.google.javascript.jscomp.FunctionToBlockMutatorTest::testMutateFunctionDefinition;com.google.javascript.jscomp.FunctionToBlockMutatorTest::testMutate8;com.google.javascript.jscomp.InlineFunctionsTest::testLoopWithFunctionWithFunction;com.google.javascript.jscomp.InlineFunctionsTest::testShadowVariables16;com.google.javascript.jscomp.InlineFunctionsTest::testShadowVariables18;com.google.javascript.jscomp.InlineFunctionsTest::testCostBasedInlining11;com.google.javascript.jscomp.InlineFunctionsTest::testMixedModeInliningCosting3;com.google.javascript.jscomp.InlineFunctionsTest::testInlineNeverMutateConstants;com.google.javascript.jscomp.InlineFunctionsTest::testInlineWithThis7;com.google.javascript.jscomp.InlineFunctionsTest::testAnonymous1;com.google.javascript.jscomp.InlineFunctionsTest::testAnonymous3;com.google.javascript.jscomp.InlineFunctionsTest::testShadowVariables1;com.google.javascript.jscomp.InlineFunctionsTest::testShadowVariables3;com.google.javascript.jscomp.InlineFunctionsTest::testShadowVariables6;com.google.javascript.jscomp.InlineFunctionsTest::testShadowVariables7;com.google.javascript.jscomp.InlineFunctionsTest::testFunctionExpressionCallInlining11b;com.google.javascript.jscomp.InlineFunctionsTest::testComplexInlineNoResultNoParamCall3;com.google.javascript.jscomp.InlineFunctionsTest::testCostBasedInlining9;com.google.javascript.jscomp.InlineFunctionsTest::testMethodWithFunctionWithFunction;com.google.javascript.jscomp.InlineFunctionsTest::testFunctionExpressionYCombinator;com.google.javascript.jscomp.InlineFunctionsTest::testComplexInlineVars7;com.google.javascript.jscomp.InlineFunctionsTest::testComplexFunctionWithFunctionDefinition2a;com.google.javascript.jscomp.InlineFunctionsTest::testComplexInline7;com.google.javascript.jscomp.InlineFunctionsTest::testFunctionExpressionOmega;com.google.javascript.jscomp.InlineFunctionsTest::testInlineFunctions15b;com.google.javascript.jscomp.InlineFunctionsTest::testInlineFunctions15d;com.google.javascript.jscomp.InlineFunctionsTest::testInlineFunctions16a;com.google.javascript.jscomp.InlineFunctionsTest::testBug4944818;com.google.javascript.jscomp.InlineFunctionsTest::testComplexSample;com.google.javascript.jscomp.InlineFunctionsTest::testNoInlineIfParametersModified1;com.google.javascript.jscomp.InlineFunctionsTest::testNoInlineIfParametersModified2;com.google.javascript.jscomp.InlineFunctionsTest::testNoInlineIfParametersModified3;com.google.javascript.jscomp.InlineFunctionsTest::testNoInlineIfParametersModified4;com.google.javascript.jscomp.InlineFunctionsTest::testNoInlineIfParametersModified5;com.google.javascript.jscomp.InlineFunctionsTest::testNoInlineIfParametersModified6;com.google.javascript.jscomp.InlineFunctionsTest::testNoInlineIfParametersModified7;com.google.javascript.jscomp.InlineFunctionsTest::testIssue423;com.google.javascript.jscomp.InlineFunctionsTest::testComplexFunctionWithFunctionDefinition2;com.google.javascript.jscomp.InlineFunctionsTest::testComplexFunctionWithFunctionDefinition3;com.google.javascript.jscomp.InlineFunctionsTest::testDecomposeFunctionExpressionInCall;com.google.javascript.jscomp.InlineFunctionsTest::testInlineNeverOverrideNewValues;com.google.javascript.jscomp.InlineFunctionsTest::testInlineBlockMutableArgs1;com.google.javascript.jscomp.InlineFunctionsTest::testInlineBlockMutableArgs2;com.google.javascript.jscomp.InlineFunctionsTest::testInlineBlockMutableArgs3;com.google.javascript.jscomp.InlineFunctionsTest::testInlineBlockMutableArgs4;com.google.javascript.jscomp.InlineFunctionsTest::testInlineFunctions10;com.google.javascript.jscomp.InlineFunctionsTest::testInlineFunctions13;com.google.javascript.jscomp.InlineFunctionsTest::testInlineFunctions22;com.google.javascript.jscomp.InlineFunctionsTest::testInlineFunctions23;com.google.javascript.jscomp.InlineFunctionsTest::testInlineFunctions9;com.google.javascript.jscomp.MakeDeclaredNamesUniqueTest::testMakeLocalNamesUniqueWithContext5,66,0,src,
Closure-5,True,True,True,True,True,com.google.javascript.jscomp.InlineObjectLiteralsTest::testNoInlineDeletedProperties,1,0,src,
Closure-50,True,True,True,True,True,com.google.javascript.jscomp.PeepholeReplaceKnownMethodsTest::testStringJoinAdd;com.google.javascript.jscomp.PeepholeReplaceKnownMethodsTest::testNoStringJoin,2,0,src,
Closure-55,True,True,True,True,True,com.google.javascript.jscomp.FunctionRewriterTest::testIssue538,1,0,src,
Closure-57,True,True,True,True,True,com.google.javascript.jscomp.ClosureCodingConventionTest::testRequire,1,0,src,
Closure-59,True,True,True,True,True,com.google.javascript.jscomp.CommandLineRunnerTest::testCheckGlobalThisOff,1,0,src,
Closure-6,True,True,True,True,True,com.google.javascript.jscomp.LooseTypeCheckTest::testTypeRedefinition;com.google.javascript.jscomp.TypeCheckTest::testIssue635b;com.google.javascript.jscomp.TypeCheckTest::testTypeRedefinition,3,0,src,
Closure-61,True,True,True,True,True,com.google.javascript.jscomp.PeepholeRemoveDeadCodeTest::testCall1;com.google.javascript.jscomp.PeepholeRemoveDeadCodeTest::testCall2;com.google.javascript.jscomp.PeepholeRemoveDeadCodeTest::testRemoveUselessOps,3,0,src,
Closure-62,True,True,True,True,True,com.google.javascript.jscomp.LightweightMessageFormatterTest::testFormatErrorSpaceEndOfLine1;com.google.javascript.jscomp.LightweightMessageFormatterTest::testFormatErrorSpaceEndOfLine2,2,0,src,
Closure-63,False,False,False,False,False,,0,0,,"buggy checkout failed: ecated bug
 at /opt/defects4j-2.0.1/framework/core/Utils.pm line 481.
	Utils::ensure_valid_bid(""Closure"", 63) called at /opt/defects4j-2.0.1/framework/core/Utils.pm line 502
	Utils::ensure_valid_vid(""Closure"", ""63b"") called at /opt/defects4j-2.0.1/framework/bin/d4j/d4j-checkout line 87
	require /opt/defects4j-2.0.1/framework/bin/d4j/d4j-checkout called at /opt/defects4j-2.0.1/framework/bin/defects4j line 195
Compilation failed in require at /opt/defects4j-2.0.1/framework/bin/defects4j line 195.
"
Closure-64,True,True,True,True,True,com.google.javascript.jscomp.CommandLineRunnerTest::testES5StrictUseStrictMultipleInputs,1,0,src,
Closure-66,True,True,True,True,True,com.google.javascript.jscomp.TypeCheckTest::testGetTypedPercent5;com.google.javascript.jscomp.TypeCheckTest::testGetTypedPercent6,2,0,src,
Closure-67,True,True,True,True,True,com.google.javascript.jscomp.RemoveUnusedPrototypePropertiesTest::testAliasing7,1,0,src,
Closure-68,True,True,True,True,True,com.google.javascript.jscomp.parsing.JsDocInfoParserTest::testIssue477,1,0,src,
Closure-7,True,True,True,True,True,com.google.javascript.jscomp.ClosureReverseAbstractInterpreterTest::testGoogIsFunction2;com.google.javascript.jscomp.SemanticReverseAbstractInterpreterTest::testTypeof3,2,0,src,
Closure-70,True,True,True,True,True,com.google.javascript.jscomp.LooseTypeCheckTest::testDuplicateLocalVarDecl;com.google.javascript.jscomp.LooseTypeCheckTest::testFunctionArguments13;com.google.javascript.jscomp.TypeCheckTest::testScoping12;com.google.javascript.jscomp.TypeCheckTest::testDuplicateLocalVarDecl;com.google.javascript.jscomp.TypeCheckTest::testFunctionArguments13,5,0,src,
Closure-72,True,True,True,True,True,com.google.javascript.jscomp.InlineFunctionsTest::testInlineFunctions31,1,0,src,
Closure-73,True,True,True,True,True,com.google.javascript.jscomp.CodePrinterTest::testUnicode,1,0,src,
Closure-75,True,True,True,True,True,com.google.javascript.jscomp.PeepholeFoldConstantsTest::testIEString,1,0,src,
Closure-76,True,True,True,True,True,com.google.javascript.jscomp.DeadAssignmentsEliminationTest::testInExpression2;com.google.javascript.jscomp.DeadAssignmentsEliminationTest::testIssue384b;com.google.javascript.jscomp.DeadAssignmentsEliminationTest::testIssue384c;com.google.javascript.jscomp.DeadAssignmentsEliminationTest::testIssue384d,4,0,src,
Closure-78,True,True,True,True,True,com.google.javascript.jscomp.PeepholeFoldConstantsTest::testFoldArithmetic,1,0,src,
Closure-8,True,True,True,True,True,com.google.javascript.jscomp.CollapseVariableDeclarationsTest::testIssue820,1,0,src,
Closure-86,True,True,True,True,True,com.google.javascript.jscomp.NodeUtilTest::testLocalValue1;com.google.javascript.jscomp.PureFunctionIdentifierTest::testLocalizedSideEffects8;com.google.javascript.jscomp.PureFunctionIdentifierTest::testLocalizedSideEffects9;com.google.javascript.jscomp.PureFunctionIdentifierTest::testAnnotationInExterns_new4;com.google.javascript.jscomp.PureFunctionIdentifierTest::testAnnotationInExterns_new6;com.google.javascript.jscomp.PureFunctionIdentifierTest::testIssue303b;com.google.javascript.jscomp.PureFunctionIdentifierTest::testIssue303,7,0,src,
Closure-92,True,True,True,True,True,com.google.javascript.jscomp.ProcessClosurePrimitivesTest::testProvideInIndependentModules4,1,0,src,
Closure-93,False,False,False,False,False,,0,0,,"buggy checkout failed: ecated bug
 at /opt/defects4j-2.0.1/framework/core/Utils.pm line 481.
	Utils::ensure_valid_bid(""Closure"", 93) called at /opt/defects4j-2.0.1/framework/core/Utils.pm line 502
	Utils::ensure_valid_vid(""Closure"", ""93b"") called at /opt/defects4j-2.0.1/framework/bin/d4j/d4j-checkout line 87
	require /opt/defects4j-2.0.1/framework/bin/d4j/d4j-checkout called at /opt/defects4j-2.0.1/framework/bin/defects4j line 195
Compilation failed in require at /opt/defects4j-2.0.1/framework/bin/defects4j line 195.
"
Lang-1,True,True,True,True,True,org.apache.commons.lang3.math.NumberUtilsTest::TestLang747,2,1,src/main/java,
Lang-10,True,True,True,True,True,org.apache.commons.lang3.time.FastDateFormat_ParserTest::testLANG_831;org.apache.commons.lang3.time.FastDateParserTest::testLANG_831,3,1,src/main/java,
Lang-12,True,True,True,True,True,org.apache.commons.lang3.RandomStringUtilsTest::testExceptions;org.apache.commons.lang3.RandomStringUtilsTest::testLANG805,3,1,src/main/java,
Lang-13,True,True,True,True,True,org.apache.commons.lang3.SerializationUtilsTest::testPrimitiveTypeClassSerialization,2,1,src/main/java,
Lang-16,True,True,True,True,True,org.apache.commons.lang3.math.NumberUtilsTest::testCreateNumber,2,1,src/main/java,
Lang-18,True,True,True,True,True,org.apache.commons.lang3.time.FastDateFormatTest::testFormat,2,1,src/main/java,
Lang-20,True,True,True,True,True,org.apache.commons.lang3.StringUtilsTest::testJoin_ArrayChar;org.apache.commons.lang3.StringUtilsTest::testJoin_Objectarray,3,1,src/main/java,
Lang-21,True,True,True,True,True,org.apache.commons.lang3.time.DateUtilsTest::testIsSameLocalTime_Cal,2,1,src/main/java,
Lang-22,True,True,True,True,True,org.apache.commons.lang3.math.FractionTest::testReducedFactory_int_int;org.apache.commons.lang3.math.FractionTest::testReduce,3,1,src/main/java,
Lang-24,True,True,True,True,True,org.apache.commons.lang3.math.NumberUtilsTest::testIsNumber,2,1,src/main/java,
Lang-26,True,True,True,True,True,org.apache.commons.lang3.time.FastDateFormatTest::testLang645,2,1,src/main/java,
Lang-27,True,True,True,True,True,org.apache.commons.lang3.math.NumberUtilsTest::testCreateNumber,2,1,src/main/java,
Lang-33,True,True,True,True,True,org.apache.commons.lang3.ClassUtilsTest::testToClass_object,2,1,src/main/java,
Lang-35,True,True,True,True,True,org.apache.commons.lang3.ArrayUtilsAddTest::testLANG571,2,1,src/main/java,
Lang-38,True,True,True,True,True,org.apache.commons.lang3.time.FastDateFormatTest::testLang538,2,1,src/java,
Lang-39,True,True,True,True,True,org.apache.commons.lang3.StringUtilsTest::testReplace_StringStringArrayStringArray,2,1,src/java,
Lang-41,True,True,True,True,True,org.apache.commons.lang.ClassUtilsTest::test_getShortClassName_Class;org.apache.commons.lang.ClassUtilsTest::test_getPackageName_Class,3,1,src/java,
Lang-43,True,True,True,True,True,org.apache.commons.lang.text.ExtendedMessageFormatTest::testEscapedQuote_LANG_477,2,1,src/java,
Lang-44,True,True,True,True,True,org.apache.commons.lang.NumberUtilsTest::testLang457,2,1,src/java,
Lang-45,True,True,True,True,True,org.apache.commons.lang.WordUtilsTest::testAbbreviate,2,1,src/java,
Lang-46,True,True,True,True,True,org.apache.commons.lang.StringEscapeUtilsTest::testEscapeJavaWithSlash,2,1,src/java,
Lang-47,True,True,True,True,True,org.apache.commons.lang.text.StrBuilderTest::testLang412Left;org.apache.commons.lang.text.StrBuilderTest::testLang412Right,3,1,src/java,
Lang-50,True,True,True,True,True,org.apache.commons.lang.time.FastDateFormatTest::test_changeDefault_Locale_DateInstance;org.apache.commons.lang.time.FastDateFormatTest::test_changeDefault_Locale_DateTimeInstance,3,1,src/java,
Lang-51,True,True,True,True,True,org.apache.commons.lang.BooleanUtilsTest::test_toBoolean_String,2,1,src/java,
Lang-53,True,True,True,True,True,org.apache.commons.lang.time.DateUtilsTest::testRoundLang346,2,1,src/java,
Lang-55,True,True,True,True,True,org.apache.commons.lang.time.StopWatchTest::testLang315,2,1,src/java,
Lang-57,True,True,True,True,True,org.apache.commons.lang.LocaleUtilsTest::testAvailableLocaleSet;org.apache.commons.lang.LocaleUtilsTest::testIsAvailableLocale;org.apache.commons.lang.LocaleUtilsTest::testAvailableLocaleList;org.apache.commons.lang.LocaleUtilsTest::testCountriesByLanguage;org.apache.commons.lang.LocaleUtilsTest::testLocaleLookupList_LocaleLocale;org.apache.commons.lang.LocaleUtilsTest::testLanguagesByCountry;org.apache.commons.lang.LocaleUtilsTest::testToLocale_1Part;org.apache.commons.lang.LocaleUtilsTest::testToLocale_2Part;org.apache.commons.lang.LocaleUtilsTest::testToLocale_3Part;org.apache.commons.lang.LocaleUtilsTest::testLocaleLookupList_Locale;org.apache.commons.lang.LocaleUtilsTest::testConstructor,12,1,src/java,
Lang-58,True,True,True,True,True,org.apache.commons.lang.math.NumberUtilsTest::testLang300,2,1,src/java,
Lang-59,True,True,True,True,True,org.apache.commons.lang.text.StrBuilderAppendInsertTest::testLang299,2,1,src/java,
Lang-6,True,True,True,True,True,org.apache.commons.lang3.StringUtilsTest::testEscapeSurrogatePairs,2,1,src/main/java,
Lang-60,True,True,True,True,True,org.apache.commons.lang.text.StrBuilderTest::testLang295,2,1,src/java,
Lang-61,True,True,True,True,True,org.apache.commons.lang.text.StrBuilderTest::testIndexOfLang294;org.apache.commons.lang.text.StrBuilderTest::testLang294,3,1,src/java,
Lang-63,True,True,True,True,True,org.apache.commons.lang.time.DurationFormatUtilsTest::testJiraLang281,2,1,src/java,
Lang-7,True,True,True,True,True,org.apache.commons.lang3.math.NumberUtilsTest::testCreateNumber,2,1,src/main/java,
Lang-9,True,True,True,True,True,org.apache.commons.lang3.time.FastDateFormat_ParserTest::testLANG_832;org.apache.commons.lang3.time.FastDateParserTest::testLANG_832,3,1,src/main/java,
Math-1,True,True,True,True,True,org.apache.commons.math3.fraction.BigFractionTest::testDigitLimitConstructor;org.apache.commons.math3.fraction.FractionTest::testDigitLimitConstructor,2,0,src/main/java,
Math-103,True,True,True,True,True,org.apache.commons.math.distribution.NormalDistributionTest::testExtremeValues,1,0,src/java,
Math-104,True,True,True,True,True,org.apache.commons.math.special.GammaTest::testRegularizedGammaPositivePositive,1,0,src/java,
Math-105,True,True,True,True,True,org.apache.commons.math.stat.regression.SimpleRegressionTest::testSSENonNegative,1,0,src/java,
Math-11,True,True,True,True,True,org.apache.commons.math3.distribution.MultivariateNormalDistributionTest::testUnivariateDistribution,1,0,src/main/java,
Math-15,True,True,True,True,True,org.apache.commons.math3.util.FastMathTest::testMath904,1,1,src/main/java,
Math-18,True,True,True,True,True,org.apache.commons.math3.optimization.direct.CMAESOptimizerTest::testFitAccuracyDependsOnBoundary,1,0,src/main/java,
Math-2,True,True,True,True,True,org.apache.commons.math3.distribution.HypergeometricDistributionTest::testMath1021,1,0,src/main/java,
Math-20,True,True,True,True,True,org.apache.commons.math3.optimization.direct.CMAESOptimizerTest::testMath864,1,0,src/main/java,
Math-22,True,True,True,True,True,org.apache.commons.math3.distribution.FDistributionTest::testIsSupportLowerBoundInclusive;org.apache.commons.math3.distribution.UniformRealDistributionTest::testIsSupportUpperBoundInclusive,2,0,src/main/java,
Math-25,True,True,True,True,True,org.apache.commons.math3.optimization.fitting.HarmonicFitterTest::testMath844,1,0,src/main/java,
Math-28,True,True,True,True,True,org.apache.commons.math3.optimization.linear.SimplexSolverTest::testMath828Cycle,1,0,src/main/java,
Math-29,True,True,True,True,True,org.apache.commons.math3.linear.SparseRealVectorTest::testEbeDivideMixedTypes;org.apache.commons.math3.linear.SparseRealVectorTest::testEbeMultiplyMixedTypes;org.apache.commons.math3.linear.SparseRealVectorTest::testEbeMultiplySameType,3,0,src/main/java,
Math-3,True,True,True,True,True,org.apache.commons.math3.util.MathArraysTest::testLinearCombinationWithSingleElementArray,1,0,src/main/java,
Math-30,True,True,True,True,True,org.apache.commons.math3.stat.inference.MannWhitneyUTestTest::testBigDataSet,1,0,src/main/java,
Math-31,True,True,True,True,True,org.apache.commons.math3.distribution.BinomialDistributionTest::testMath718;org.apache.commons.math3.distribution.FDistributionTest::testMath785,2,0,src/main/java,
Math-32,True,True,True,True,True,org.apache.commons.math3.geometry.euclidean.threed.PolyhedronsSetTest::testIssue780,1,0,src/main/java,
Math-33,True,True,True,True,True,org.apache.commons.math3.optimization.linear.SimplexSolverTest::testMath781,1,0,src/main/java,
Math-34,True,True,True,True,True,org.apache.commons.math3.genetics.ListPopulationTest::testIterator,1,0,src/main/java,
Math-35,True,True,True,True,True,org.apache.commons.math3.genetics.ElitisticListPopulationTest::testChromosomeListConstructorTooLow;org.apache.commons.math3.genetics.ElitisticListPopulationTest::testConstructorTooHigh;org.apache.commons.math3.genetics.ElitisticListPopulationTest::testConstructorTooLow;org.apache.commons.math3.genetics.ElitisticListPopulationTest::testChromosomeListConstructorTooHigh,4,0,src/main/java,
Math-4,True,True,True,True,True,org.apache.commons.math3.geometry.euclidean.threed.SubLineTest::testIntersectionNotIntersecting;org.apache.commons.math3.geometry.euclidean.twod.SubLineTest::testIntersectionParallel,2,0,src/main/java,
Math-40,True,True,True,True,True,org.apache.commons.math.analysis.solvers.BracketingNthOrderBrentSolverTest::testIssue716,1,0,src/main/java,
Math-41,True,True,True,True,True,org.apache.commons.math.stat.descriptive.moment.VarianceTest::testEvaluateArraySegmentWeighted,1,0,src/main/java,
Math-42,True,True,True,True,True,org.apache.commons.math.optimization.linear.SimplexSolverTest::testMath713NegativeVariable,1,0,src/main/java,
Math-43,True,True,True,True,True,org.apache.commons.math.stat.descriptive.SummaryStatisticsTest::testOverrideMeanWithMathClass;org.apache.commons.math.stat.descriptive.SummaryStatisticsTest::testOverrideGeoMeanWithMathClass;org.apache.commons.math.stat.descriptive.SummaryStatisticsTest::testOverrideVarianceWithMathClass;org.apache.commons.math.stat.descriptive.SynchronizedSummaryStatisticsTest::testOverrideMeanWithMathClass;org.apache.commons.math.stat.descriptive.SynchronizedSummaryStatisticsTest::testOverrideGeoMeanWithMathClass;org.apache.commons.math.stat.descriptive.SynchronizedSummaryStatisticsTest::testOverrideVarianceWithMathClass,6,0,src/main/java,
Math-44,True,True,True,True,True,org.apache.commons.math.ode.events.EventStateTest::testIssue695,1,0,src/main/java,
Math-49,True,True,True,True,True,org.apache.commons.math.linear.SparseRealVectorTest::testConcurrentModification,1,0,src/main/java,
Math-5,True,True,True,True,True,org.apache.commons.math3.complex.ComplexTest::testReciprocalZero,1,0,src/main/java,
Math-50,True,True,True,True,True,org.apache.commons.math.analysis.solvers.RegulaFalsiSolverTest::testIssue631,1,0,src/main/java,
Math-52,True,True,True,True,True,org.apache.commons.math.geometry.euclidean.threed.RotationTest::testIssue639,1,0,src/main/java,
Math-53,True,True,True,True,True,org.apache.commons.math.complex.ComplexTest::testAddNaN,1,0,src/main/java,
Math-56,True,True,True,True,True,org.apache.commons.math.util.MultidimensionalCounterTest::testIterationConsistency,1,0,src/main/java,
Math-57,True,True,True,True,True,org.apache.commons.math.stat.clustering.KMeansPlusPlusClustererTest::testSmallDistances,1,0,src/main/java,
Math-58,True,True,True,True,True,org.apache.commons.math.optimization.fitting.GaussianFitterTest::testMath519,1,0,src/main/java,
Math-59,True,True,True,True,True,org.apache.commons.math.util.FastMathTest::testMinMaxFloat,1,0,src/main/java,
Math-6,True,True,True,True,True,org.apache.commons.math3.optim.nonlinear.scalar.gradient.NonLinearConjugateGradientOptimizerTest::testTrivial;org.apache.commons.math3.optim.nonlinear.scalar.noderiv.CMAESOptimizerTest::testConstrainedRosen;org.apache.commons.math3.optim.nonlinear.scalar.noderiv.CMAESOptimizerTest::testElliRotated;org.apache.commons.math3.optim.nonlinear.scalar.noderiv.CMAESOptimizerTest::testEllipse;org.apache.commons.math3.optim.nonlinear.scalar.noderiv.CMAESOptimizerTest::testTwoAxes;org.apache.commons.math3.optim.nonlinear.scalar.noderiv.CMAESOptimizerTest::testCigar;org.apache.commons.math3.optim.nonlinear.scalar.noderiv.CMAESOptimizerTest::testRosen;org.apache.commons.math3.optim.nonlinear.scalar.noderiv.CMAESOptimizerTest::testRastrigin;org.apache.commons.math3.optim.nonlinear.scalar.noderiv.CMAESOptimizerTest::testDiagonalRosen;org.apache.commons.math3.optim.nonlinear.scalar.noderiv.CMAESOptimizerTest::testSsDiffPow;org.apache.commons.math3.optim.nonlinear.scalar.noderiv.CMAESOptimizerTest::testMaximize;org.apache.commons.math3.optim.nonlinear.scalar.noderiv.CMAESOptimizerTest::testAckley;org.apache.commons.math3.optim.nonlinear.scalar.noderiv.CMAESOptimizerTest::testCigTab;org.apache.commons.math3.optim.nonlinear.scalar.noderiv.CMAESOptimizerTest::testDiffPow;org.apache.commons.math3.optim.nonlinear.scalar.noderiv.CMAESOptimizerTest::testSphere;org.apache.commons.math3.optim.nonlinear.scalar.noderiv.CMAESOptimizerTest::testTablet;org.apache.commons.math3.optim.nonlinear.scalar.noderiv.CMAESOptimizerTest::testCigarWithBoundaries;org.apache.commons.math3.optim.nonlinear.scalar.noderiv.PowellOptimizerTest::testSumSinc;org.apache.commons.math3.optim.nonlinear.scalar.noderiv.SimplexOptimizerMultiDirectionalTest::testMaximize1;org.apache.commons.math3.optim.nonlinear.scalar.noderiv.SimplexOptimizerMultiDirectionalTest::testMaximize2;org.apache.commons.math3.optim.nonlinear.scalar.noderiv.SimplexOptimizerMultiDirectionalTest::testMinimize1;org.apache.commons.math3.optim.nonlinear.scalar.noderiv.SimplexOptimizerMultiDirectionalTest::testMinimize2;org.apache.commons.math3.optim.nonlinear.scalar.noderiv.SimplexOptimizerNelderMeadTest::testMaximize1;org.apache.commons.math3.optim.nonlinear.scalar.noderiv.SimplexOptimizerNelderMeadTest::testMaximize2;org.apache.commons.math3.optim.nonlinear.scalar.noderiv.SimplexOptimizerNelderMeadTest::testMinimize1;org.apache.commons.math3.optim.nonlinear.scalar.noderiv.SimplexOptimizerNelderMeadTest::testMinimize2;org.apache.commons.math3.optim.nonlinear.vector.jacobian.GaussNewtonOptimizerTest::testGetIterations;org.apache.commons.math3.optim.nonlinear.vector.jacobian.LevenbergMarquardtOptimizerTest::testGetIterations,28,0,src/main/java,
Math-60,True,True,True,True,True,org.apache.commons.math.distribution.NormalDistributionTest::testExtremeValues,1,0,src/main/java,
Math-61,True,True,True,True,True,org.apache.commons.math.distribution.PoissonDistributionTest::testMean,1,0,src/main/java,
Math-62,True,True,True,True,True,org.apache.commons.math.optimization.univariate.MultiStartUnivariateRealOptimizerTest::testQuinticMin,1,0,src/main/java,
Math-63,True,True,True,True,True,org.apache.commons.math.util.MathUtilsTest::testArrayEquals,1,0,src/main/java,
Math-65,True,True,True,True,True,org.apache.commons.math.optimization.general.LevenbergMarquardtOptimizerTest::testCircleFitting,1,0,src/main/java,
Math-69,True,True,True,True,True,org.apache.commons.math.stat.correlation.PearsonsCorrelationTest::testPValueNearZero;org.apache.commons.math.stat.correlation.SpearmansRankCorrelationTest::testPValueNearZero,2,0,src/main/java,
Math-7,True,True,True,True,True,org.apache.commons.math3.ode.nonstiff.DormandPrince853IntegratorTest::testEventsScheduling,1,0,src/main/java,
Math-70,True,True,True,True,True,org.apache.commons.math.analysis.solvers.BisectionSolverTest::testMath369,1,0,src/main/java,
Math-71,True,True,True,True,True,org.apache.commons.math.ode.nonstiff.ClassicalRungeKuttaIntegratorTest::testMissedEndEvent;org.apache.commons.math.ode.nonstiff.DormandPrince853IntegratorTest::testMissedEndEvent,2,0,src/main/java,
Math-72,True,True,True,True,True,org.apache.commons.math.analysis.solvers.BrentSolverTest::testRootEndpoints,1,0,src/main/java,
Math-73,True,True,True,True,True,org.apache.commons.math.analysis.solvers.BrentSolverTest::testBadEndpoints,1,0,src/main/java,
Math-74,True,True,True,True,True,org.apache.commons.math.ode.nonstiff.AdamsMoultonIntegratorTest::polynomial,1,0,src/main/java,
Math-75,True,True,True,True,True,org.apache.commons.math.stat.FrequencyTest::testPcts,1,0,src/main/java,
Math-78,True,True,True,True,True,org.apache.commons.math.ode.events.EventStateTest::closeEvents,1,0,src/main/java,
Math-79,True,True,True,True,True,org.apache.commons.math.stat.clustering.KMeansPlusPlusClustererTest::testPerformClusterAnalysisDegenerate,1,0,src/main/java,
Math-8,True,True,True,True,True,org.apache.commons.math3.distribution.DiscreteRealDistributionTest::testIssue942,1,0,src/main/java,
Math-80,True,True,True,True,True,org.apache.commons.math.linear.EigenDecompositionImplTest::testMathpbx02,1,0,src/main/java,
Math-81,True,True,True,True,True,org.apache.commons.math.linear.EigenDecompositionImplTest::testMath308,1,0,src/main/java,
Math-82,True,True,True,True,True,org.apache.commons.math.optimization.linear.SimplexSolverTest::testMath288,1,0,src/main/java,
Math-84,True,True,True,True,True,org.apache.commons.math.optimization.direct.MultiDirectionalTest::testMinimizeMaximize;org.apache.commons.math.optimization.direct.MultiDirectionalTest::testMath283,2,0,src/main/java,
Math-85,True,True,True,True,True,org.apache.commons.math.distribution.NormalDistributionTest::testMath280,1,0,src/java,
Math-87,True,True,True,True,True,org.apache.commons.math.optimization.linear.SimplexSolverTest::testSingleVariableAndConstraint,1,0,src/java,
Math-88,True,True,True,True,True,org.apache.commons.math.optimization.linear.SimplexSolverTest::testMath272,1,0,src/java,
Math-89,True,True,True,True,True,org.apache.commons.math.stat.FrequencyTest::testAddNonComparable,1,0,src/java,
Math-90,True,True,True,True,True,org.apache.commons.math.stat.FrequencyTest::testAddNonComparable,1,0,src/java,
Math-93,True,True,True,True,True,org.apache.commons.math.util.MathUtilsTest::testFactorial,1,0,src/java,
Math-95,True,True,True,True,True,org.apache.commons.math.distribution.FDistributionTest::testSmallDegreesOfFreedom,1,0,src/java,
Math-96,True,True,True,True,True,org.apache.commons.math.complex.ComplexTest::testMath221,1,0,src/java,
Math-97,True,True,True,True,True,org.apache.commons.math.analysis.BrentSolverTest::testRootEndpoints,1,0,src/java,
Math-98,True,True,True,True,True,org.apache.commons.math.linear.BigMatrixImplTest::testMath209;org.apache.commons.math.linear.RealMatrixImplTest::testMath209,2,0,src/java,
Math-99,True,True,True,True,True,org.apache.commons.math.util.MathUtilsTest::testGcd;org.apache.commons.math.util.MathUtilsTest::testLcm,2,0,src/java,
Time-11,True,True,True,True,True,org.joda.time.tz.TestCompiler::testDateTimeZoneBuilder,1,0,src/main/java,
Time-14,True,True,True,True,True,org.joda.time.TestMonthDay_Basics::testPlusMonths_int_negativeFromLeap;org.joda.time.TestMonthDay_Basics::testMinusDays_int_negativeFromLeap;org.joda.time.TestMonthDay_Basics::testPlusMonths_int_fromLeap;org.joda.time.TestMonthDay_Basics::testPlusMonths_int_negativeEndOfMonthAdjust;org.joda.time.TestMonthDay_Basics::testMinusMonths_int_endOfMonthAdjust;org.joda.time.TestMonthDay_Basics::testMinusMonths_int_negativeFromLeap;org.joda.time.TestMonthDay_Basics::testMinusMonths_int_fromLeap;org.joda.time.TestMonthDay_Basics::testPlusDays_int_fromLeap,8,0,src/main/java,
Time-15,True,True,True,True,True,org.joda.time.field.TestFieldUtils::testSafeMultiplyLongInt,1,0,src/main/java,
Time-17,True,True,True,True,True,org.joda.time.TestDateTimeZoneCutover::testBug3476684_adjustOffset,1,0,src/main/java,
Time-19,True,True,True,True,True,org.joda.time.TestDateTimeZoneCutover::testDateTimeCreation_london,1,0,src/main/java,
