patch_id,bug_id,has_trigger_test_info,lines_added,lines_removed,total_changed,code_lines_added,code_lines_removed,n_hunks,n_files,only_deletes,adds_conditional_guard,literal_in_failing_test_message
Patches_ICSE__Ddifferent__ACS__Chart__patch1-Chart-19-ACS,Chart-19,1,2,2,4,2,2,2,1,0,1,0
Patches_ICSE__Ddifferent__ACS__Lang__patch1-Lang-24-ACS,Lang-24,1,1,1,2,1,0,1,1,0,1,0
Patches_ICSE__Ddifferent__ACS__Lang__patch1-Lang-35-ACS,Lang-35,0,2,2,4,2,2,2,1,0,1,0
Patches_ICSE__Ddifferent__ACS__Lang__patch1-Lang-7-ACS,Lang-7,1,1,1,2,1,1,1,1,0,1,0
Patches_ICSE__Ddifferent__ACS__Math__patch1-Math-25-ACS,Math-25,1,1,1,2,1,1,1,1,0,1,0
Patches_ICSE__Ddifferent__ACS__Math__patch1-Math-3-ACS,Math-3,1,1,1,2,1,1,1,1,0,1,0
Patches_ICSE__Ddifferent__ACS__Math__patch1-Math-35-ACS,Math-35,1,13,0,13,13,0,3,1,0,1,0
Patches_ICSE__Ddifferent__ACS__Math__patch1-Math-5-ACS,Math-5,1,1,1,2,1,1,1,1,0,1,0
Patches_ICSE__Ddifferent__ACS__Math__patch1-Math-61-ACS,Math-61,1,2,2,4,2,2,2,1,0,1,0
Patches_ICSE__Ddifferent__ACS__Math__patch1-Math-82-ACS,Math-82,1,1,2,3,1,2,1,1,0,1,1
Patches_ICSE__Ddifferent__ACS__Math__patch1-Math-85-ACS,Math-85,1,1,2,3,1,2,1,1,0,1,0
Patches_ICSE__Ddifferent__ACS__Math__patch1-Math-89-ACS,Math-89,1,1,1,2,1,1,1,1,0,1,0
Patches_ICSE__Ddifferent__ACS__Math__patch1-Math-90-ACS,Math-90,1,1,1,2,1,0,1,1,0,1,0
Patches_ICSE__Ddifferent__ACS__Math__patch1-Math-99-ACS,Math-99,1,2,2,4,2,2,2,1,0,1,0
Patches_ICSE__Ddifferent__AVATAR__Chart__patch1-Chart-11-AVATAR,Chart-11,1,1,1,2,1,1,1,1,0,0,0
Patches_ICSE__Ddifferent__AVATAR__Closure__patch1-Closure-115-AVATAR,Closure-115,1,1,3,4,0,3,1,1,1,0,0
Patches_ICSE__Ddifferent__AVATAR__Closure__patch1-Closure-2-AVATAR,Closure-2,1,4,1,5,3,1,2,1,0,1,0
Patches_ICSE__Ddifferent__AVATAR__Closure__patch1-Closure-38-AVATAR,Closure-38,1,1,1,2,1,1,1,1,0,1,0
Patches_ICSE__Ddifferent__AVATAR__Lang__patch1-Lang-10-AVATAR,Lang-10,1,1,7,8,0,7,1,1,1,0,0
Patches_ICSE__Ddifferent__AVATAR__Lang__patch1-Lang-57-AVATAR,Lang-57,1,1,1,2,1,1,1,1,0,0,0
Patches_ICSE__Ddifferent__Arja__Chart__patch1-Chart-12-Arja,Chart-12,1,1,0,1,1,0,1,1,0,0,0
Patches_ICSE__Ddifferent__Arja__Closure__patch1-Closure-115-Arja,Closure-115,1,0,1,1,0,1,1,1,1,0,0
Patches_ICSE__Ddifferent__Arja__Closure__patch1-Closure-126-Arja,Closure-126,1,0,8,8,0,4,1,1,1,0,0
Patches_ICSE__Ddifferent__Arja__Math__patch1-Math-35-Arja,Math-35,1,6,1,7,6,1,2,1,0,1,0
Patches_ICSE__Ddifferent__Arja__Math__patch1-Math-50-Arja,Math-50,1,0,8,8,0,7,2,2,1,0,0
Patches_ICSE__Ddifferent__Cardumen__Chart__patch1-Chart-11-Cardumen,Chart-11,1,1,1,2,1,1,1,1,0,0,0
Patches_ICSE__Ddifferent__DynaMoth__Math__patch1-Math-50-DynaMoth,Math-50,1,3,1,4,3,1,1,1,0,1,0
Patches_ICSE__Ddifferent__FixMiner__Chart__patch1-Chart-11-FixMiner,Chart-11,1,1,1,2,1,1,1,1,0,0,0
Patches_ICSE__Ddifferent__FixMiner__Chart__patch1-Chart-24-FixMiner,Chart-24,1,1,1,2,1,1,1,1,0,0,0
Patches_ICSE__Ddifferent__GenProg__Closure__patch1-Closure-115-GenProg,Closure-115,1,0,1,1,0,1,1,1,1,0,0
Patches_ICSE__Ddifferent__GenProg__Closure__patch1-Closure-126-GenProg,Closure-126,1,0,1,1,0,1,1,1,1,0,0
Patches_ICSE__Ddifferent__Kali__Closure__patch1-Closure-115-Kali,Closure-115,1,1,1,2,1,1,1,1,0,1,0
Patches_ICSE__Ddifferent__Kali__Closure__patch1-Closure-126-Kali,Closure-126,1,1,1,2,1,1,1,1,0,1,0
Patches_ICSE__Ddifferent__Kali__Math__patch1-Math-50-Kali,Math-50,1,1,1,2,1,1,1,1,0,1,0
Patches_ICSE__Ddifferent__Nopol__Lang__patch1-Lang-46-Nopol,Lang-46,1,3,1,4,3,1,1,1,0,1,0
Patches_ICSE__Ddifferent__RSRepair__Closure__patch1-Closure-115-RSRepair,Closure-115,1,1,1,2,1,1,1,1,0,0,0
Patches_ICSE__Ddifferent__SimFix__Chart__patch1-Chart-20-SimFix,Chart-20,1,6,0,6,3,0,1,1,0,0,0
Patches_ICSE__Ddifferent__SimFix__Closure__patch1-Closure-115-SimFix,Closure-115,1,7,0,7,4,0,1,1,0,1,0
Patches_ICSE__Ddifferent__SimFix__Closure__patch1-Closure-19-SimFix,Closure-19,1,1,1,2,1,1,1,1,0,1,0
Patches_ICSE__Ddifferent__SimFix__Closure__patch1-Closure-6-SimFix,Closure-6,1,9,0,9,6,0,1,1,0,1,0
Patches_ICSE__Ddifferent__SimFix__Closure__patch1-Closure-68-SimFix,Closure-68,1,8,0,8,5,0,1,1,0,1,0
Patches_ICSE__Ddifferent__SimFix__Lang__patch1-Lang-60-SimFix,Lang-60,1,9,0,9,6,0,1,1,0,1,0
Patches_ICSE__Ddifferent__SimFix__Math__patch1-Math-71-SimFix,Math-71,1,11,0,11,8,0,2,1,0,1,0
Patches_ICSE__Ddifferent__SimFix__Math__patch1-Math-72-SimFix,Math-72,0,8,0,8,5,0,1,1,0,1,0
Patches_ICSE__Ddifferent__TBar__Chart__patch1-Chart-11-TBar,Chart-11,1,1,1,2,1,1,1,1,0,0,0
Patches_ICSE__Ddifferent__TBar__Lang__patch1-Lang-10-TBar,Lang-10,1,1,7,8,0,7,1,1,1,0,0
Patches_ICSE__Ddifferent__TBar__Lang__patch1-Lang-33-TBar,Lang-33,1,3,1,4,3,1,1,1,0,1,0
Patches_ICSE__Ddifferent__TBar__Lang__patch1-Lang-47-TBar,Lang-47,1,2,1,3,2,1,1,1,0,1,0
Patches_ICSE__Ddifferent__TBar__Lang__patch1-Lang-7-TBar,Lang-7,1,1,1,2,1,1,1,1,0,1,0
Patches_ICSE__Ddifferent__TBar__Math__patch1-Math-11-TBar,Math-11,1,1,1,2,1,1,1,1,0,0,0
Patches_ICSE__Ddifferent__TBar__Math__patch1-Math-65-TBar,Math-65,1,1,1,2,1,1,1,1,0,0,0
Patches_ICSE__Ddifferent__jGenProg__Math__patch1-Math-5-jGenProg,Math-5,1,1,63,64,1,61,6,1,0,0,0
Patches_ICSE__Ddifferent__jGenProg__Math__patch1-Math-53-jGenProg,Math-53,1,7,4,11,7,4,3,1,0,1,0
Patches_ICSE__Ddifferent__jKali__Closure__patch1-Closure-126-jKali,Closure-126,1,1,1,2,1,1,1,1,0,1,0
Patches_ICSE__Ddifferent__jKali__Lang__patch1-Lang-10-jKali,Lang-10,1,1,1,2,1,1,1,1,0,1,0
Patches_ICSE__Ddifferent__jKali__Lang__patch1-Lang-7-jKali,Lang-7,1,1,1,2,0,1,1,1,1,0,0
Patches_ICSE__Ddifferent__jKali__Math__patch1-Math-50-jKali,Math-50,1,3,3,6,1,3,1,1,0,1,0
Patches_ICSE__Ddifferent__kPAR__Closure__patch1-Closure-40-kPAR,Closure-40,1,1,1,2,1,1,1,1,0,0,0
Patches_ICSE__Ddifferent__kPAR__Lang__patch1-Lang-7-kPAR,Lang-7,1,1,1,2,1,1,1,1,0,1,0
Patches_ICSE__Doverfitting__ACS__Math__patch1-Math-28-ACS-plausible,Math-28,1,1,1,2,1,1,1,1,0,1,0
Patches_ICSE__Doverfitting__ACS__Math__patch1-Math-4-ACS-plausible,Math-4,1,2,2,4,2,0,2,2,0,1,0
Patches_ICSE__Doverfitting__ACS__Math__patch1-Math-73-ACS-plausible,Math-73,1,1,1,2,1,0,1,1,0,1,0
Patches_ICSE__Doverfitting__ACS__Math__patch1-Math-81-ACS-plausible,Math-81,1,1,2,3,1,2,1,1,0,1,0
Patches_ICSE__Doverfitting__ACS__Math__patch1-Math-93-ACS-plausible,Math-93,1,8,1,9,8,1,2,1,0,1,0
Patches_ICSE__Doverfitting__ACS__Math__patch1-Math-97-ACS-plausible,Math-97,1,1,2,3,1,1,1,1,0,1,0
Patches_ICSE__Doverfitting__AVATAR__Chart__patch1-Chart-13-AVATAR-plausible,Chart-13,1,1,3,4,0,3,1,1,1,0,0
Patches_ICSE__Doverfitting__AVATAR__Chart__patch1-Chart-14-AVATAR-plausible,Chart-14,1,1,1,2,1,1,1,1,0,0,0
Patches_ICSE__Doverfitting__AVATAR__Chart__patch1-Chart-15-AVATAR-plausible,Chart-15,1,0,379,379,0,289,1,1,1,0,0
Patches_ICSE__Doverfitting__AVATAR__Chart__patch1-Chart-25-AVATAR-plausible,Chart-25,1,0,42,42,0,25,1,1,1,0,0
Patches_ICSE__Doverfitting__AVATAR__Chart__patch1-Chart-26-AVATAR-plausible,Chart-26,1,1,1,2,1,1,1,1,0,1,0
Patches_ICSE__Doverfitting__AVATAR__Chart__patch1-Chart-5-AVATAR-plausible,Chart-5,1,1,1,2,1,1,1,1,0,0,0
Patches_ICSE__Doverfitting__AVATAR__Chart__patch1-Chart-7-AVATAR-plausible,Chart-7,1,1,1,2,1,1,1,1,0,0,0
Patches_ICSE__Doverfitting__AVATAR__Closure__patch1-Closure-108-AVATAR-plausible,Closure-108,1,1,1,2,1,1,1,1,0,0,0
Patches_ICSE__Doverfitting__AVATAR__Closure__patch1-Closure-12-AVATAR-plausible,Closure-12,1,1,1,2,1,1,1,1,0,1,0
Patches_ICSE__Doverfitting__AVATAR__Closure__patch1-Closure-126-AVATAR-plausible,Closure-126,1,1,1,2,1,1,1,1,0,0,0
Patches_ICSE__Doverfitting__AVATAR__Closure__patch1-Closure-21-AVATAR-plausible,Closure-21,1,1,1,2,1,1,1,1,0,0,0
Patches_ICSE__Doverfitting__AVATAR__Closure__patch1-Closure-22-AVATAR-plausible,Closure-22,1,1,1,2,1,1,1,1,0,1,0
Patches_ICSE__Doverfitting__AVATAR__Closure__patch1-Closure-45-AVATAR-plausible,Closure-45,1,1,4,5,1,4,1,1,0,0,0
Patches_ICSE__Doverfitting__AVATAR__Closure__patch1-Closure-48-AVATAR-plausible,Closure-48,1,1,1,2,1,1,1,1,0,0,0
Patches_ICSE__Doverfitting__AVATAR__Closure__patch1-Closure-66-AVATAR-plausible,Closure-66,1,1,1,2,1,1,1,1,0,0,0
Patches_ICSE__Doverfitting__AVATAR__Lang__patch1-Lang-13-AVATAR-plausible,Lang-13,1,1,17,18,0,9,1,1,1,0,0
Patches_ICSE__Doverfitting__AVATAR__Lang__patch1-Lang-20-AVATAR-plausible,Lang-20,1,1,1,2,1,1,1,1,0,0,0
Patches_ICSE__Doverfitting__AVATAR__Lang__patch1-Lang-22-AVATAR-plausible,Lang-22,1,1,1,2,1,1,1,1,0,1,0
Patches_ICSE__Doverfitting__AVATAR__Lang__patch1-Lang-27-AVATAR-plausible,Lang-27,1,1,1,2,1,1,1,1,0,1,0
Patches_ICSE__Doverfitting__AVATAR__Lang__patch1-Lang-39-AVATAR-plausible,Lang-39,1,1,1,2,1,1,1,1,0,0,0
Patches_ICSE__Doverfitting__AVATAR__Lang__patch1-Lang-51-AVATAR-plausible,Lang-51,1,1,3,4,1,3,1,1,0,0,0
Patches_ICSE__Doverfitting__AVATAR__Lang__patch1-Lang-58-AVATAR-plausible,Lang-58,1,0,1,1,0,1,1,1,1,0,0
Patches_ICSE__Doverfitting__AVATAR__Lang__patch1-Lang-59-AVATAR-plausible,Lang-59,1,1,1,2,1,1,1,1,0,0,0
Patches_ICSE__Doverfitting__AVATAR__Lang__patch1-Lang-63-AVATAR-plausible,Lang-63,1,1,1,2,1,1,1,1,0,0,0
Patches_ICSE__Doverfitting__AVATAR__Math__patch1-Math-104-AVATAR-plausible,Math-104,1,1,1,2,1,1,1,1,0,1,0
Patches_ICSE__Doverfitting__AVATAR__Math__patch1-Math-2-AVATAR-plausible,Math-2,1,1,1,2,1,1,1,1,0,0,0
Patches_ICSE__Doverfitting__AVATAR__Math__patch1-Math-49-AVATAR-plausible,Math-49,1,1,1,2,1,1,1,1,0,0,0
Patches_ICSE__Doverfitting__AVATAR__Math__patch1-Math-50-AVATAR-plausible,Math-50,1,1,1,2,1,1,1,1,0,0,0
Patches_ICSE__Doverfitting__AVATAR__Math__patch1-Math-57-AVATAR-plausible,Math-57,1,1,1,2,1,1,1,1,0,0,0
Patches_ICSE__Doverfitting__AVATAR__Math__patch1-Math-6-AVATAR-plausible,Math-6,1,1,1,2,1,1,1,1,0,0,0
Patches_ICSE__Doverfitting__AVATAR__Math__patch1-Math-62-AVATAR-plausible,Math-62,1,1,1,2,1,1,1,1,0,0,0
Patches_ICSE__Doverfitting__AVATAR__Math__patch1-Math-78-AVATAR-plausible,Math-78,1,1,1,2,1,1,1,1,0,0,0
Patches_ICSE__Doverfitting__AVATAR__Math__patch1-Math-80-AVATAR-plausible,Math-80,1,1,1,2,1,1,1,1,0,0,1
Patches_ICSE__Doverfitting__AVATAR__Math__patch1-Math-81-AVATAR-plausible,Math-81,1,1,1,2,1,1,1,1,0,0,0
Patches_ICSE__Doverfitting__AVATAR__Math__patch1-Math-82-AVATAR-plausible,Math-82,1,1,1,2,1,1,1,1,0,1,0
Patches_ICSE__Doverfitting__AVATAR__Math__patch1-Math-84-AVATAR-plausible,Math-84,1,1,1,2,1,1,1,1,0,1,0
Patches_ICSE__Doverfitting__AVATAR__Math__patch1-Math-88-AVATAR-plausible,Math-88,1,1,1,2,1,1,1,1,0,1,0
Patches_ICSE__Doverfitting__AVATAR__Math__patch1-Math-95-AVATAR-plausible,Math-95,1,1,1,2,1,1,1,1,0,0,0
Patches_ICSE__Doverfitting__Arja__Chart__patch1-Chart-1-Arja-plusible,Chart-1,1,1,3,4,1,3,1,1,0,0,0
Patches_ICSE__Doverfitting__Arja__Chart__patch1-Chart-13-Arja-plusible,Chart-13,1,1,0,1,1,0,1,1,0,0,0
Patches_ICSE__Doverfitting__Arja__Chart__patch1-Chart-14-Arja-plusible,Chart-14,1,4,5,9,4,5,4,2,0,0,0
Patches_ICSE__Doverfitting__Arja__Chart__patch1-Chart-15-Arja-plusible,Chart-15,1,3,3,6,3,3,3,2,0,0,0
Patches_ICSE__Doverfitting__Arja__Chart__patch1-Chart-19-Arja-plusible,Chart-19,1,10,1,11,10,1,4,2,0,1,0
Patches_ICSE__Doverfitting__Arja__Chart__patch1-Chart-25-Arja-plusible,Chart-25,1,22,20,42,22,20,4,2,0,1,0
Patches_ICSE__Doverfitting__Arja__Chart__patch1-Chart-3-Arja-plusible,Chart-3,1,5,11,16,5,11,2,1,0,1,0
Patches_ICSE__Doverfitting__Arja__Chart__patch1-Chart-5-Arja-plusible,Chart-5,1,1,10,11,1,6,1,1,0,0,0
Patches_ICSE__Doverfitting__Arja__Chart__patch1-Chart-7-Arja-plusible,Chart-7,1,1,0,1,1,0,1,1,0,0,0
Patches_ICSE__Doverfitting__Arja__Closure__patch1-Closure-1-Arja-plausible,Closure-1,1,2,11,13,2,11,2,2,0,0,0
Patches_ICSE__Doverfitting__Arja__Closure__patch1-Closure-10-Arja-plausible,Closure-10,1,2,2,4,2,2,2,2,0,0,0
Patches_ICSE__Doverfitting__Arja__Closure__patch1-Closure-112-Arja-plausible,Closure-112,1,3,43,46,3,36,2,1,0,0,0
Patches_ICSE__Doverfitting__Arja__Closure__patch1-Closure-114-Arja-plausible,Closure-114,1,0,16,16,0,11,1,1,1,0,0
Patches_ICSE__Doverfitting__Arja__Closure__patch1-Closure-116-Arja-plausible,Closure-116,1,2,18,20,2,10,3,3,0,0,0
Patches_ICSE__Doverfitting__Arja__Closure__patch1-Closure-117-Arja-plausible,Closure-117,1,0,1,1,0,1,1,1,1,0,0
Patches_ICSE__Doverfitting__Arja__Closure__patch1-Closure-119-Arja-plausible,Closure-119,1,1,2,3,1,2,2,2,0,0,0
Patches_ICSE__Doverfitting__Arja__Closure__patch1-Closure-120-Arja-plausible,Closure-120,1,0,3,3,0,3,1,1,1,0,0
Patches_ICSE__Doverfitting__Arja__Closure__patch1-Closure-121-Arja-plausible,Closure-121,1,0,1,1,0,1,1,1,1,0,0
Patches_ICSE__Doverfitting__Arja__Closure__patch1-Closure-124-Arja-plausible,Closure-124,1,0,1,1,0,1,1,1,1,0,0
Patches_ICSE__Doverfitting__Arja__Closure__patch1-Closure-125-Arja-plausible,Closure-125,1,0,1,1,0,1,1,1,1,0,0
Patches_ICSE__Doverfitting__Arja__Closure__patch1-Closure-129-Arja-plausible,Closure-129,1,0,1,1,0,1,1,1,1,0,0
Patches_ICSE__Doverfitting__Arja__Closure__patch1-Closure-130-Arja-plausible,Closure-130,1,0,4,4,0,3,1,1,1,0,0
Patches_ICSE__Doverfitting__Arja__Closure__patch1-Closure-133-Arja-plausible,Closure-133,1,0,1,1,0,1,1,1,1,0,0
Patches_ICSE__Doverfitting__Arja__Closure__patch1-Closure-21-Arja-plausible,Closure-21,1,1,2,3,1,2,1,1,0,0,0
Patches_ICSE__Doverfitting__Arja__Closure__patch1-Closure-22-Arja-plausible,Closure-22,1,3,9,12,2,7,2,1,0,0,0
Patches_ICSE__Doverfitting__Arja__Closure__patch1-Closure-33-Arja-plausible,Closure-33,1,0,1,1,0,1,1,1,1,0,0
Patches_ICSE__Doverfitting__Arja__Closure__patch1-Closure-45-Arja-plausible,Closure-45,1,1,1,2,1,1,1,1,0,0,0
Patches_ICSE__Doverfitting__Arja__Closure__patch1-Closure-46-Arja-plausible,Closure-46,1,1,13,14,1,12,4,3,0,0,0
Patches_ICSE__Doverfitting__Arja__Closure__patch1-Closure-55-Arja-plausible,Closure-55,1,1,2,3,1,2,2,1,0,0,0
Patches_ICSE__Doverfitting__Arja__Closure__patch1-Closure-59-Arja-plausible,Closure-59,1,1,1,2,1,1,1,1,0,0,0
Patches_ICSE__Doverfitting__Arja__Closure__patch1-Closure-67-Arja-plausible,Closure-67,1,0,13,13,0,11,1,1,1,0,0
Patches_ICSE__Doverfitting__Arja__Closure__patch1-Closure-68-Arja-plausible,Closure-68,1,1,2,3,1,2,1,1,0,0,0
Patches_ICSE__Doverfitting__Arja__Closure__patch1-Closure-7-Arja-plausible,Closure-7,1,1,1,2,1,1,1,1,0,0,0
Patches_ICSE__Doverfitting__Arja__Closure__patch1-Closure-75-Arja-plausible,Closure-75,1,1,10,11,1,7,3,2,0,0,0
Patches_ICSE__Doverfitting__Arja__Closure__patch1-Closure-78-Arja-plausible,Closure-78,1,1,5,6,1,4,3,2,0,0,0
Patches_ICSE__Doverfitting__Arja__Closure__patch1-Closure-8-Arja-plausible,Closure-8,1,0,36,36,0,31,2,1,1,0,0
Patches_ICSE__Doverfitting__Arja__Lang__patch1-Lang-16-Arja-plausible,Lang-16,1,1,1,2,1,1,1,1,0,0,0
Patches_ICSE__Doverfitting__Arja__Lang__patch1-Lang-20-Arja-plausible,Lang-20,1,2,2,4,2,2,2,1,0,0,0
Patches_ICSE__Doverfitting__Arja__Lang__patch1-Lang-7-Arja-plausible,Lang-7,1,2,2,4,2,2,3,2,0,0,0
Patches_ICSE__Doverfitting__Arja__Math__patch1-Math-2-Arja-plausible,Math-2,1,0,3,3,0,3,1,1,1,0,0
Patches_ICSE__Doverfitting__Arja__Math__patch1-Math-28-Arja-plausible,Math-28,1,0,1,1,0,1,1,1,1,0,0
Patches_ICSE__Doverfitting__Arja__Math__patch1-Math-40-Arja-plausible,Math-40,1,1,0,1,1,0,1,1,0,0,0
Patches_ICSE__Doverfitting__Arja__Math__patch1-Math-56-Arja-plausible,Math-56,1,4,0,4,4,0,1,1,0,0,0
Patches_ICSE__Doverfitting__Arja__Math__patch1-Math-74-Arja-plausible,Math-74,1,2,0,2,2,0,2,1,0,0,0
Patches_ICSE__Doverfitting__Arja__Math__patch1-Math-80-Arja-plausible,Math-80,1,2,7,9,2,7,3,1,0,0,0
Patches_ICSE__Doverfitting__Arja__Math__patch1-Math-81-Arja-plausible,Math-81,1,0,3,3,0,2,2,1,1,0,0
Patches_ICSE__Doverfitting__Arja__Math__patch1-Math-82-Arja-plausible,Math-82,1,5,2,7,5,2,2,2,0,0,0
Patches_ICSE__Doverfitting__Arja__Math__patch1-Math-84-Arja-plausible,Math-84,1,1,6,7,1,3,1,1,0,0,0
Patches_ICSE__Doverfitting__Arja__Math__patch1-Math-85-Arja-plausible,Math-85,1,0,6,6,0,6,1,1,1,0,0
Patches_ICSE__Doverfitting__Arja__Math__patch1-Math-95-Arja-plausible,Math-95,1,2,1,3,2,1,2,1,0,0,0
Patches_ICSE__Doverfitting__Cardumen__Chart__patch1-Chart-13-Cardumen-plausible,Chart-13,1,1,1,2,1,1,1,1,0,0,0
Patches_ICSE__Doverfitting__Cardumen__Chart__patch1-Chart-24-Cardumen-plausible,Chart-24,1,1,1,2,1,1,1,1,0,0,0
Patches_ICSE__Doverfitting__Cardumen__Chart__patch1-Chart-6-Cardumen-plausible,Chart-6,1,1,1,2,1,1,1,1,0,0,0
Patches_ICSE__Doverfitting__Cardumen__Closure__patch1-Closure-62-Cardumen-plausible,Closure-62,1,2,2,4,2,2,1,1,0,1,0
Patches_ICSE__Doverfitting__Cardumen__Closure__patch1-Closure-63-Cardumen-plausible,Closure-63,1,2,2,4,2,2,1,1,0,1,0
Patches_ICSE__Doverfitting__Cardumen__Math__patch1-Math-5-Cardumen-plausible,Math-5,1,1,1,2,1,1,1,1,0,1,0
Patches_ICSE__Doverfitting__Cardumen__Math__patch1-Math-63-Cardumen-plausible,Math-63,1,8,112,120,4,112,12,1,0,0,0
Patches_ICSE__Doverfitting__Cardumen__Math__patch1-Math-73-Cardumen-plausible,Math-73,1,1,1,2,1,1,1,1,0,0,0
Patches_ICSE__Doverfitting__Cardumen__Math__patch1-Math-85-Cardumen-plausible,Math-85,1,1,1,2,1,1,1,1,0,0,0
Patches_ICSE__Doverfitting__Cardumen__Math__patch1-Math-95-Cardumen-plausible,Math-95,1,1,1,2,1,1,1,1,0,0,0
Patches_ICSE__Doverfitting__DynaMoth__Chart__patch1-Chart-1-DynaMoth-plausible,Chart-1,1,4,2,6,4,2,1,1,0,1,0
Patches_ICSE__Doverfitting__DynaMoth__Chart__patch1-Chart-13-DynaMoth-plausible,Chart-13,1,9,7,16,9,7,1,1,0,1,1
Patches_ICSE__Doverfitting__DynaMoth__Chart__patch1-Chart-15-DynaMoth-plausible,Chart-15,1,3,1,4,3,1,1,1,0,1,0
Patches_ICSE__Doverfitting__DynaMoth__Chart__patch1-Chart-18-DynaMoth-plausible,Chart-18,1,3,1,4,3,1,1,1,0,1,0
Patches_ICSE__Doverfitting__DynaMoth__Chart__patch1-Chart-25-DynaMoth-plausible,Chart-25,1,9,7,16,9,7,1,1,0,1,0
Patches_ICSE__Doverfitting__DynaMoth__Chart__patch1-Chart-5-DynaMoth-plausible,Chart-5,1,1,1,2,1,1,1,1,0,1,0
Patches_ICSE__Doverfitting__DynaMoth__Lang__patch1-Lang-51-DynaMoth-plausible,Lang-51,1,3,3,6,3,3,1,1,0,1,0
Patches_ICSE__Doverfitting__DynaMoth__Lang__patch1-Lang-63-DynaMoth-plausible,Lang-63,1,3,1,4,3,1,1,1,0,1,0
Patches_ICSE__Doverfitting__DynaMoth__Math__patch1-Math-105-DynaMoth-plausible,Math-105,1,3,1,4,3,1,1,1,0,1,0
Patches_ICSE__Doverfitting__DynaMoth__Math__patch1-Math-20-DynaMoth-plausible,Math-20,1,1,1,2,1,1,1,1,0,1,0
Patches_ICSE__Doverfitting__DynaMoth__Math__patch1-Math-32-DynaMoth-plausible,Math-32,1,1,1,2,1,1,1,1,0,1,0
Patches_ICSE__Doverfitting__DynaMoth__Math__patch1-Math-41-DynaMoth-plausible,Math-41,1,10,8,18,10,8,1,1,0,1,0
Patches_ICSE__Doverfitting__DynaMoth__Math__patch1-Math-49-DynaMoth-plausible,Math-49,1,6,2,8,6,2,1,1,0,1,0
Patches_ICSE__Doverfitting__DynaMoth__Math__patch1-Math-58-DynaMoth-plausible,Math-58,1,3,1,4,3,1,1,1,0,1,0
Patches_ICSE__Doverfitting__DynaMoth__Math__patch1-Math-71-DynaMoth-plausible,Math-71,1,6,4,10,6,4,1,1,0,1,0
Patches_ICSE__Doverfitting__DynaMoth__Math__patch1-Math-8-DynaMoth-plausible,Math-8,1,4,2,6,4,2,1,1,0,1,0
Patches_ICSE__Doverfitting__DynaMoth__Math__patch1-Math-80-DynaMoth-plausible,Math-80,1,8,6,14,8,6,1,1,0,1,1
Patches_ICSE__Doverfitting__DynaMoth__Math__patch1-Math-81-DynaMoth-plausible,Math-81,1,1,1,2,1,1,1,1,0,1,0
Patches_ICSE__Doverfitting__DynaMoth__Math__patch1-Math-82-DynaMoth-plausible,Math-82,1,3,1,4,3,1,1,1,0,1,0
Patches_ICSE__Doverfitting__DynaMoth__Math__patch1-Math-85-DynaMoth-plausible,Math-85,1,8,6,14,8,6,1,1,0,1,1
Patches_ICSE__Doverfitting__DynaMoth__Time__patch1-Time-11-DynaMoth-plausible,Time-11,1,7,5,12,7,5,1,1,0,1,0
Patches_ICSE__Doverfitting__FixMiner__Chart__patch1-Chart-13-FixMiner-plausible,Chart-13,1,1,1,2,1,1,1,1,0,1,0
Patches_ICSE__Doverfitting__FixMiner__Chart__patch1-Chart-14-FixMiner-plausible,Chart-14,1,4,1,5,4,1,1,1,0,1,0
Patches_ICSE__Doverfitting__FixMiner__Chart__patch1-Chart-15-FixMiner-plausible,Chart-15,1,4,1,5,4,1,1,1,0,1,0
Patches_ICSE__Doverfitting__FixMiner__Chart__patch1-Chart-17-FixMiner-plausible,Chart-17,1,1,1,2,1,1,1,1,0,1,0
Patches_ICSE__Doverfitting__FixMiner__Chart__patch1-Chart-25-FixMiner-plausible,Chart-25,1,1,1,2,1,1,1,1,0,0,0
Patches_ICSE__Doverfitting__FixMiner__Chart__patch1-Chart-26-FixMiner-plausible,Chart-26,1,1,1,2,1,1,1,1,0,1,0
Patches_ICSE__Doverfitting__FixMiner__Chart__patch1-Chart-3-FixMiner-plausible,Chart-3,1,1,1,2,1,1,1,1,0,1,0
Patches_ICSE__Doverfitting__FixMiner__Chart__patch1-Chart-7-FixMiner-plausible,Chart-7,1,1,1,2,1,1,1,1,0,0,0
Patches_ICSE__Doverfitting__FixMiner__Closure__patch1-Closure-129-FixMiner-plausible,Closure-129,1,1,1,2,1,1,1,1,0,0,0
Patches_ICSE__Doverfitting__FixMiner__Closure__patch1-Closure-19-FixMiner-plausible,Closure-19,1,1,2,3,0,2,1,1,1,0,0
Patches_ICSE__Doverfitting__FixMiner__Lang__patch1-Lang-57-FixMiner-plausible,Lang-57,1,4,1,5,4,1,1,1,0,1,0
Patches_ICSE__Doverfitting__FixMiner__Lang__patch1-Lang-63-FixMiner-plausible,Lang-63,1,1,1,2,1,1,1,1,0,0,0
Patches_ICSE__Doverfitting__FixMiner__Math__patch1-Math-20-FixMiner-plausible,Math-20,1,1,1,2,0,1,1,1,1,0,0
Patches_ICSE__Doverfitting__FixMiner__Math__patch1-Math-50-FixMiner-plausible,Math-50,1,1,1,2,1,1,1,1,0,0,0
Patches_ICSE__Doverfitting__FixMiner__Math__patch1-Math-63-FixMiner-plausible,Math-63,1,1,1,2,1,1,1,1,0,0,0
Patches_ICSE__Doverfitting__FixMiner__Math__patch1-Math-80-FixMiner-plausible,Math-80,1,1,1,2,1,1,1,1,0,0,0
Patches_ICSE__Doverfitting__FixMiner__Math__patch1-Math-81-FixMiner-plausible,Math-81,1,1,1,2,1,1,1,1,0,1,0
Patches_ICSE__Doverfitting__FixMiner__Math__patch1-Math-84-FixMiner-plausible,Math-84,1,1,1,2,1,1,1,1,0,1,0
Patches_ICSE__Doverfitting__FixMiner__Math__patch1-Math-85-FixMiner-plausible,Math-85,1,1,6,7,0,6,1,1,1,0,0
Patches_ICSE__Doverfitting__FixMiner__Time__patch1-Time-11-FixMiner-plausible,Time-11,1,1,1,2,1,1,1,1,0,0,0
Patches_ICSE__Doverfitting__GenProg__Chart__patch1-Chart-1-GenProg-plausible,Chart-1,1,4,2,6,4,2,3,2,0,0,0
Patches_ICSE__Doverfitting__GenProg__Chart__patch1-Chart-12-GenProg-plausible,Chart-12,1,5,6,11,5,6,3,2,0,1,0
Patches_ICSE__Doverfitting__GenProg__Chart__patch1-Chart-13-GenProg-plausible,Chart-13,1,3,7,10,3,7,2,1,0,0,0
Patches_ICSE__Doverfitting__GenProg__Chart__patch1-Chart-25-GenProg-plausible,Chart-25,1,0,3,3,0,3,1,1,1,0,0
Patches_ICSE__Doverfitting__GenProg__Chart__patch1-Chart-3-GenProg-plausible,Chart-3,1,1,3,4,1,3,1,1,0,0,0
Patches_ICSE__Doverfitting__GenProg__Closure__patch1-Closure-10-GenProg-plausible,Closure-10,1,2,2,4,2,2,2,1,0,0,0
Patches_ICSE__Doverfitting__GenProg__Closure__patch1-Closure-112-GenProg-plausible,Closure-112,1,0,3,3,0,2,1,1,1,0,0
Patches_ICSE__Doverfitting__GenProg__Closure__patch1-Closure-114-GenProg-plausible,Closure-114,1,2,3,5,2,3,2,2,0,0,0
Patches_ICSE__Doverfitting__GenProg__Closure__patch1-Closure-124-GenProg-plausible,Closure-124,1,0,16,16,0,10,1,1,1,0,0
Patches_ICSE__Doverfitting__GenProg__Closure__patch1-Closure-129-GenProg-plausible,Closure-129,1,0,1,1,0,1,1,1,1,0,0
Patches_ICSE__Doverfitting__GenProg__Closure__patch1-Closure-130-GenProg-plausible,Closure-130,1,0,4,4,0,3,1,1,1,0,0
Patches_ICSE__Doverfitting__GenProg__Closure__patch1-Closure-21-GenProg-plausible,Closure-21,1,1,8,9,1,8,1,1,0,0,0
Patches_ICSE__Doverfitting__GenProg__Closure__patch1-Closure-22-GenProg-plausible,Closure-22,1,0,4,4,0,4,1,1,1,0,0
Patches_ICSE__Doverfitting__GenProg__Closure__patch1-Closure-55-GenProg-plausible,Closure-55,1,0,5,5,0,2,1,1,1,0,0
Patches_ICSE__Doverfitting__GenProg__Closure__patch1-Closure-59-GenProg-plausible,Closure-59,1,1,1,2,1,1,1,1,0,0,0
Patches_ICSE__Doverfitting__GenProg__Closure__patch1-Closure-67-GenProg-plausible,Closure-67,1,0,22,22,0,18,1,1,1,0,0
Patches_ICSE__Doverfitting__GenProg__Closure__patch1-Closure-75-GenProg-plausible,Closure-75,1,2,5,7,2,4,3,3,0,0,0
Patches_ICSE__Doverfitting__GenProg__Closure__patch1-Closure-78-GenProg-plausible,Closure-78,1,1,1,2,1,1,1,1,0,0,0
Patches_ICSE__Doverfitting__GenProg__Lang__patch1-Lang-7-GenProg-plausible,Lang-7,1,1,0,1,1,0,1,1,0,0,0
Patches_ICSE__Doverfitting__GenProg__Math__patch1-Math-2-GenProg-plausible,Math-2,1,1,1,2,1,1,2,2,0,0,0
Patches_ICSE__Doverfitting__GenProg__Math__patch1-Math-28-GenProg-plausible,Math-28,1,0,1,1,0,1,1,1,1,0,0
Patches_ICSE__Doverfitting__GenProg__Math__patch1-Math-31-GenProg-plausible,Math-31,1,3,3,6,3,3,3,3,0,0,0
Patches_ICSE__Doverfitting__GenProg__Math__patch1-Math-40-GenProg-plausible,Math-40,1,18,12,30,18,6,3,2,0,1,0
Patches_ICSE__Doverfitting__GenProg__Math__patch1-Math-80-GenProg-plausible,Math-80,1,9,5,14,9,5,3,1,0,1,1
Patches_ICSE__Doverfitting__GenProg__Math__patch1-Math-81-GenProg-plausible,Math-81,1,0,21,21,0,19,1,1,1,0,0
Patches_ICSE__Doverfitting__GenProg__Math__patch1-Math-82-GenProg-plausible,Math-82,1,0,1,1,0,1,1,1,1,0,0
Patches_ICSE__Doverfitting__GenProg__Math__patch1-Math-85-GenProg-plausible,Math-85,1,4,6,10,4,6,3,2,0,1,0
Patches_ICSE__Doverfitting__GenProg__Math__patch1-Math-95-GenProg-plausible,Math-95,1,6,4,10,6,4,3,2,0,0,0
Patches_ICSE__Doverfitting__Kali__Chart__patch1-Chart-1-Kali-plausible,Chart-1,1,1,1,2,1,1,1,1,0,1,0
Patches_ICSE__Doverfitting__Kali__Chart__patch1-Chart-12-Kali-plausible,Chart-12,1,2,0,2,2,0,1,1,0,1,0
Patches_ICSE__Doverfitting__Kali__Chart__patch1-Chart-15-Kali-plausible,Chart-15,1,2,0,2,2,0,1,1,0,1,0
Patches_ICSE__Doverfitting__Kali__Chart__patch1-Chart-25-Kali-plausible,Chart-25,1,1,1,2,1,1,1,1,0,1,0
Patches_ICSE__Doverfitting__Kali__Chart__patch1-Chart-26-Kali-plausible,Chart-26,1,2,0,2,2,0,1,1,0,1,0
Patches_ICSE__Doverfitting__Kali__Chart__patch1-Chart-5-Kali-plausible,Chart-5,1,1,1,2,1,1,1,1,0,1,0
Patches_ICSE__Doverfitting__Kali__Closure__patch1-Closure-1-Kali-plausible,Closure-1,1,1,1,2,1,1,1,1,0,1,0
Patches_ICSE__Doverfitting__Kali__Closure__patch1-Closure-10-Kali-plausible,Closure-10,1,6,2,8,6,2,1,1,0,1,0
Patches_ICSE__Doverfitting__Kali__Closure__patch1-Closure-112-Kali-plausible,Closure-112,1,1,1,2,1,1,1,1,0,1,0
Patches_ICSE__Doverfitting__Kali__Closure__patch1-Closure-114-Kali-plausible,Closure-114,1,2,0,2,2,0,1,1,0,1,0
Patches_ICSE__Doverfitting__Kali__Closure__patch1-Closure-117-Kali-plausible,Closure-117,1,5,1,6,5,1,1,1,0,1,0
Patches_ICSE__Doverfitting__Kali__Closure__patch1-Closure-119-Kali-plausible,Closure-119,1,1,1,2,1,1,1,1,0,1,0
Patches_ICSE__Doverfitting__Kali__Closure__patch1-Closure-12-Kali-plausible,Closure-12,1,1,1,2,1,1,1,1,0,1,0
Patches_ICSE__Doverfitting__Kali__Closure__patch1-Closure-120-Kali-plausible,Closure-120,1,2,0,2,2,0,1,1,0,1,0
Patches_ICSE__Doverfitting__Kali__Closure__patch1-Closure-121-Kali-plausible,Closure-121,1,2,0,2,2,0,1,1,0,1,0
Patches_ICSE__Doverfitting__Kali__Closure__patch1-Closure-122-Kali-plausible,Closure-122,1,1,1,2,1,1,1,1,0,1,0
Patches_ICSE__Doverfitting__Kali__Closure__patch1-Closure-124-Kali-plausible,Closure-124,1,1,2,3,1,2,1,1,0,1,0
Patches_ICSE__Doverfitting__Kali__Closure__patch1-Closure-125-Kali-plausible,Closure-125,1,1,1,2,1,1,1,1,0,1,0
Patches_ICSE__Doverfitting__Kali__Closure__patch1-Closure-127-Kali-plausible,Closure-127,1,1,1,2,1,1,1,1,0,1,0
Patches_ICSE__Doverfitting__Kali__Closure__patch1-Closure-129-Kali-plausible,Closure-129,1,2,0,2,2,0,1,1,0,1,0
Patches_ICSE__Doverfitting__Kali__Closure__patch1-Closure-130-Kali-plausible,Closure-130,1,1,1,2,1,1,1,1,0,1,0
Patches_ICSE__Doverfitting__Kali__Closure__patch1-Closure-131-Kali-plausible,Closure-131,1,2,0,2,2,0,1,1,0,1,0
Patches_ICSE__Doverfitting__Kali__Closure__patch1-Closure-132-Kali-plausible,Closure-132,1,2,0,2,2,0,1,1,0,1,0
Patches_ICSE__Doverfitting__Kali__Closure__patch1-Closure-15-Kali-plausible,Closure-15,1,1,1,2,1,1,1,1,0,1,0
Patches_ICSE__Doverfitting__Kali__Closure__patch1-Closure-20-Kali-plausible,Closure-20,1,2,0,2,2,0,1,1,0,1,0
Patches_ICSE__Doverfitting__Kali__Closure__patch1-Closure-21-Kali-plausible,Closure-21,1,1,1,2,1,1,1,1,0,1,0
Patches_ICSE__Doverfitting__Kali__Closure__patch1-Closure-22-Kali-plausible,Closure-22,1,1,1,2,1,1,1,1,0,1,0
Patches_ICSE__Doverfitting__Kali__Closure__patch1-Closure-26-Kali-plausible,Closure-26,1,2,0,2,2,0,1,1,0,1,0
Patches_ICSE__Doverfitting__Kali__Closure__patch1-Closure-29-Kali-plausible,Closure-29,1,2,0,2,2,0,1,1,0,1,0
Patches_ICSE__Doverfitting__Kali__Closure__patch1-Closure-3-Kali-plausible,Closure-3,1,1,1,2,1,1,1,1,0,1,0
Patches_ICSE__Doverfitting__Kali__Closure__patch1-Closure-30-Kali-plausible,Closure-30,1,2,0,2,2,0,1,1,0,1,0
Patches_ICSE__Doverfitting__Kali__Closure__patch1-Closure-31-Kali-plausible,Closure-31,1,2,0,2,2,0,1,1,0,1,0
Patches_ICSE__Doverfitting__Kali__Closure__patch1-Closure-33-Kali-plausible,Closure-33,1,1,1,2,1,1,1,1,0,1,0
Patches_ICSE__Doverfitting__Kali__Closure__patch1-Closure-36-Kali-plausible,Closure-36,1,2,0,2,2,0,1,1,0,1,0
Patches_ICSE__Doverfitting__Kali__Closure__patch1-Closure-45-Kali-plausible,Closure-45,1,2,0,2,2,0,1,1,0,1,0
Patches_ICSE__Doverfitting__Kali__Closure__patch1-Closure-46-Kali-plausible,Closure-46,1,1,1,2,1,1,1,1,0,1,0
Patches_ICSE__Doverfitting__Kali__Closure__patch1-Closure-49-Kali-plausible,Closure-49,1,2,0,2,2,0,1,1,0,1,0
Patches_ICSE__Doverfitting__Kali__Closure__patch1-Closure-5-Kali-plausible,Closure-5,1,2,0,2,2,0,1,1,0,1,0
Patches_ICSE__Doverfitting__Kali__Closure__patch1-Closure-50-Kali-plausible,Closure-50,1,2,0,2,2,0,1,1,0,1,0
Patches_ICSE__Doverfitting__Kali__Closure__patch1-Closure-55-Kali-plausible,Closure-55,1,1,1,2,1,1,1,1,0,1,0
Patches_ICSE__Doverfitting__Kali__Closure__patch1-Closure-59-Kali-plausible,Closure-59,1,3,1,4,3,1,1,1,0,1,0
Patches_ICSE__Doverfitting__Kali__Closure__patch1-Closure-61-Kali-plausible,Closure-61,1,2,0,2,2,0,1,1,0,1,0
Patches_ICSE__Doverfitting__Kali__Closure__patch1-Closure-64-Kali-plausible,Closure-64,1,2,0,2,2,0,1,1,0,1,0
Patches_ICSE__Doverfitting__Kali__Closure__patch1-Closure-67-Kali-plausible,Closure-67,1,1,1,2,1,1,1,1,0,1,0
Patches_ICSE__Doverfitting__Kali__Closure__patch1-Closure-68-Kali-plausible,Closure-68,1,5,2,7,5,1,1,1,0,1,0
Patches_ICSE__Doverfitting__Kali__Closure__patch1-Closure-7-Kali-plausible,Closure-7,1,2,0,2,2,0,1,1,0,1,0
Patches_ICSE__Doverfitting__Kali__Closure__patch1-Closure-72-Kali-plausible,Closure-72,1,2,0,2,2,0,1,1,0,1,0
Patches_ICSE__Doverfitting__Kali__Closure__patch1-Closure-75-Kali-plausible,Closure-75,1,1,4,5,1,4,1,1,0,1,0
Patches_ICSE__Doverfitting__Kali__Closure__patch1-Closure-76-Kali-plausible,Closure-76,1,2,0,2,2,0,1,1,0,1,0
Patches_ICSE__Doverfitting__Kali__Closure__patch1-Closure-78-Kali-plausible,Closure-78,1,2,0,2,2,0,1,1,0,1,0
Patches_ICSE__Doverfitting__Kali__Closure__patch1-Closure-8-Kali-plausible,Closure-8,1,2,0,2,2,0,1,1,0,1,0
Patches_ICSE__Doverfitting__Kali__Math__patch1-Math-2-Kali-plausible,Math-2,1,1,1,2,1,1,1,1,0,1,0
Patches_ICSE__Doverfitting__Kali__Math__patch1-Math-28-Kali-plausible,Math-28,1,1,1,2,1,1,1,1,0,1,0
Patches_ICSE__Doverfitting__Kali__Math__patch1-Math-31-Kali-plausible,Math-31,1,2,0,2,2,0,1,1,0,1,0
Patches_ICSE__Doverfitting__Kali__Math__patch1-Math-32-Kali-plausible,Math-32,1,1,1,2,1,1,1,1,0,1,0
Patches_ICSE__Doverfitting__Kali__Math__patch1-Math-49-Kali-plausible,Math-49,1,1,1,2,1,1,1,1,0,1,0
Patches_ICSE__Doverfitting__Kali__Math__patch1-Math-80-Kali-plausible,Math-80,1,2,0,2,2,0,1,1,0,1,0
Patches_ICSE__Doverfitting__Kali__Math__patch1-Math-81-Kali-plausible,Math-81,1,1,1,2,1,1,1,1,0,1,0
Patches_ICSE__Doverfitting__Kali__Math__patch1-Math-84-Kali-plausible,Math-84,1,1,1,2,1,1,1,1,0,1,0
Patches_ICSE__Doverfitting__Kali__Math__patch1-Math-95-Kali-plausible,Math-95,1,2,0,2,2,0,1,1,0,1,0
Patches_ICSE__Doverfitting__Nopol__Chart__patch1-Chart-13-Nopol-plausible,Chart-13,1,9,7,16,9,7,1,1,0,1,1
Patches_ICSE__Doverfitting__Nopol__Chart__patch1-Chart-17-Nopol-plausible,Chart-17,1,3,1,4,3,1,1,1,0,1,1
Patches_ICSE__Doverfitting__Nopol__Chart__patch1-Chart-21-Nopol-plausible,Chart-21,1,3,1,4,3,1,1,1,0,1,0
Patches_ICSE__Doverfitting__Nopol__Chart__patch1-Chart-25-Nopol-plausible,Chart-25,1,9,7,16,9,7,1,1,0,1,0
Patches_ICSE__Doverfitting__Nopol__Chart__patch1-Chart-5-Nopol-plausible,Chart-5,1,1,1,2,1,1,1,1,0,1,0
Patches_ICSE__Doverfitting__Nopol__Chart__patch1-Chart-9-Nopol-plausible,Chart-9,1,3,1,4,3,1,1,1,0,1,1
Patches_ICSE__Doverfitting__Nopol__Lang__patch1-Lang-44-Nopol-plausible,Lang-44,1,9,7,16,7,5,1,1,0,1,0
Patches_ICSE__Doverfitting__Nopol__Lang__patch1-Lang-51-Nopol-plausible,Lang-51,1,3,3,6,3,3,1,1,0,1,0
Patches_ICSE__Doverfitting__Nopol__Lang__patch1-Lang-53-Nopol-plausible,Lang-53,1,5,3,8,5,3,1,1,0,1,0
Patches_ICSE__Doverfitting__Nopol__Lang__patch1-Lang-55-Nopol-plausible,Lang-55,1,3,1,4,3,1,1,1,0,1,0
Patches_ICSE__Doverfitting__Nopol__Lang__patch1-Lang-58-Nopol-plausible,Lang-58,1,3,1,4,3,1,1,1,0,1,1
Patches_ICSE__Doverfitting__Nopol__Math__patch1-Math-105-Nopol-plausible,Math-105,1,3,1,4,3,1,1,1,0,1,0
Patches_ICSE__Doverfitting__Nopol__Math__patch1-Math-18-Nopol-plausible,Math-18,1,3,1,4,3,1,1,1,0,1,0
Patches_ICSE__Doverfitting__Nopol__Math__patch1-Math-2-Nopol-plausible,Math-2,1,4,2,6,4,2,1,1,0,1,0
Patches_ICSE__Doverfitting__Nopol__Math__patch1-Math-20-Nopol-plausible,Math-20,1,3,1,4,3,1,1,1,0,1,0
Patches_ICSE__Doverfitting__Nopol__Math__patch1-Math-33-Nopol-plausible,Math-33,1,3,1,4,3,1,1,1,0,1,0
Patches_ICSE__Doverfitting__Nopol__Math__patch1-Math-4-Nopol-plausible,Math-4,1,3,1,4,3,1,1,1,0,1,0
Patches_ICSE__Doverfitting__Nopol__Math__patch1-Math-41-Nopol-plausible,Math-41,1,3,1,4,3,1,1,1,0,1,0
Patches_ICSE__Doverfitting__Nopol__Math__patch1-Math-42-Nopol-plausible,Math-42,1,3,1,4,3,1,1,1,0,1,0
Patches_ICSE__Doverfitting__Nopol__Math__patch1-Math-49-Nopol-plausible,Math-49,1,6,2,8,6,2,1,1,0,1,0
Patches_ICSE__Doverfitting__Nopol__Math__patch1-Math-58-Nopol-plausible,Math-58,1,5,3,8,5,3,1,1,0,1,0
Patches_ICSE__Doverfitting__Nopol__Math__patch1-Math-69-Nopol-plausible,Math-69,1,8,6,14,8,6,1,1,0,1,0
Patches_ICSE__Doverfitting__Nopol__Math__patch1-Math-7-Nopol-plausible,Math-7,1,3,1,4,3,1,1,1,0,1,0
Patches_ICSE__Doverfitting__Nopol__Math__patch1-Math-73-Nopol-plausible,Math-73,1,3,3,6,3,3,1,1,0,1,0
Patches_ICSE__Doverfitting__Nopol__Math__patch1-Math-78-Nopol-plausible,Math-78,1,3,1,4,3,1,1,1,0,1,0
Patches_ICSE__Doverfitting__Nopol__Math__patch1-Math-80-Nopol-plausible,Math-80,1,6,4,10,6,4,1,1,0,1,1
Patches_ICSE__Doverfitting__Nopol__Math__patch1-Math-81-Nopol-plausible,Math-81,1,3,1,4,3,1,1,1,0,1,0
Patches_ICSE__Doverfitting__Nopol__Math__patch1-Math-82-Nopol-plausible,Math-82,1,3,1,4,3,1,1,1,0,1,0
Patches_ICSE__Doverfitting__Nopol__Math__patch1-Math-87-Nopol-plausible,Math-87,1,3,1,4,3,1,1,1,0,1,0
Patches_ICSE__Doverfitting__Nopol__Time__patch1-Time-14-Nopol-plausible,Time-14,1,1,1,2,1,1,1,1,0,1,0
Patches_ICSE__Doverfitting__RSRepair__Chart__patch1-Chart-12-RSRepair-plausible,Chart-12,1,3,0,3,3,0,1,1,0,1,0
Patches_ICSE__Doverfitting__RSRepair__Chart__patch1-Chart-13-RSRepair-plausible,Chart-13,1,1,2,3,1,2,2,2,0,0,0
Patches_ICSE__Doverfitting__RSRepair__Chart__patch1-Chart-25-RSRepair-plausible,Chart-25,1,1,3,4,1,3,2,2,0,0,0
Patches_ICSE__Doverfitting__RSRepair__Chart__patch1-Chart-5-RSRepair-plausible,Chart-5,1,1,10,11,1,6,1,1,0,0,0
Patches_ICSE__Doverfitting__RSRepair__Closure__patch1-Closure-10-RSRepair-plausible,Closure-10,1,1,2,3,1,2,1,1,0,0,0
Patches_ICSE__Doverfitting__RSRepair__Closure__patch1-Closure-112-RSRepair-plausible,Closure-112,1,0,2,2,0,2,1,1,1,0,0
Patches_ICSE__Doverfitting__RSRepair__Closure__patch1-Closure-114-RSRepair-plausible,Closure-114,1,0,2,2,0,2,2,2,1,0,0
Patches_ICSE__Doverfitting__RSRepair__Closure__patch1-Closure-120-RSRepair-plausible,Closure-120,1,0,1,1,0,1,1,1,1,0,0
Patches_ICSE__Doverfitting__RSRepair__Closure__patch1-Closure-121-RSRepair-plausible,Closure-121,1,0,1,1,0,1,1,1,1,0,0
Patches_ICSE__Doverfitting__RSRepair__Closure__patch1-Closure-124-RSRepair-plausible,Closure-124,1,1,10,11,1,9,1,1,0,0,0
Patches_ICSE__Doverfitting__RSRepair__Closure__patch1-Closure-127-RSRepair-plausible,Closure-127,1,1,1,2,1,1,1,1,0,0,0
Patches_ICSE__Doverfitting__RSRepair__Closure__patch1-Closure-129-RSRepair-plausible,Closure-129,1,0,1,1,0,1,1,1,1,0,0
Patches_ICSE__Doverfitting__RSRepair__Closure__patch1-Closure-130-RSRepair-plausible,Closure-130,1,0,4,4,0,3,1,1,1,0,0
Patches_ICSE__Doverfitting__RSRepair__Closure__patch1-Closure-21-RSRepair-plausible,Closure-21,1,1,6,7,1,6,1,1,0,0,0
Patches_ICSE__Doverfitting__RSRepair__Closure__patch1-Closure-22-RSRepair-plausible,Closure-22,1,0,9,9,0,9,1,1,1,0,0
Patches_ICSE__Doverfitting__RSRepair__Closure__patch1-Closure-31-RSRepair-plausible,Closure-31,1,1,1,2,1,1,1,1,0,0,0
Patches_ICSE__Doverfitting__RSRepair__Closure__patch1-Closure-33-RSRepair-plausible,Closure-33,1,0,1,1,0,1,1,1,1,0,0
Patches_ICSE__Doverfitting__RSRepair__Closure__patch1-Closure-45-RSRepair-plausible,Closure-45,1,1,1,2,1,1,1,1,0,0,0
Patches_ICSE__Doverfitting__RSRepair__Closure__patch1-Closure-55-RSRepair-plausible,Closure-55,1,0,12,12,0,8,1,1,1,0,0
Patches_ICSE__Doverfitting__RSRepair__Closure__patch1-Closure-59-RSRepair-plausible,Closure-59,1,0,1,1,0,1,1,1,1,0,0
Patches_ICSE__Doverfitting__RSRepair__Closure__patch1-Closure-61-RSRepair-plausible,Closure-61,1,1,1,2,1,1,1,1,0,0,0
Patches_ICSE__Doverfitting__RSRepair__Closure__patch1-Closure-67-RSRepair-plausible,Closure-67,1,0,1,1,0,1,1,1,1,0,0
Patches_ICSE__Doverfitting__RSRepair__Closure__patch1-Closure-75-RSRepair-plausible,Closure-75,1,1,1,2,1,1,1,1,0,0,0
Patches_ICSE__Doverfitting__RSRepair__Closure__patch1-Closure-78-RSRepair-plausible,Closure-78,1,0,1,1,0,1,1,1,1,0,0
Patches_ICSE__Doverfitting__RSRepair__Lang__patch1-Lang-13-RSRepair-plausible,Lang-13,1,1,1,2,1,1,1,1,0,0,0
Patches_ICSE__Doverfitting__RSRepair__Lang__patch1-Lang-16-RSRepair-plausible,Lang-16,1,1,1,2,1,1,1,1,0,0,0
Patches_ICSE__Doverfitting__RSRepair__Lang__patch1-Lang-7-RSRepair-plausible,Lang-7,1,1,1,2,1,1,1,1,0,0,0
Patches_ICSE__Doverfitting__RSRepair__Math__patch1-Math-103-RSRepair-plausible,Math-103,1,12,1,13,12,1,2,1,0,1,0
Patches_ICSE__Doverfitting__RSRepair__Math__patch1-Math-2-RSRepair-plausible,Math-2,1,0,3,3,0,3,1,1,1,0,0
Patches_ICSE__Doverfitting__RSRepair__Math__patch1-Math-28-RSRepair-plausible,Math-28,1,0,1,1,0,1,1,1,1,0,0
Patches_ICSE__Doverfitting__RSRepair__Math__patch1-Math-33-RSRepair-plausible,Math-33,1,0,3,3,0,3,1,1,1,0,0
Patches_ICSE__Doverfitting__RSRepair__Math__patch1-Math-40-RSRepair-plausible,Math-40,1,1,0,1,1,0,1,1,0,0,0
Patches_ICSE__Doverfitting__RSRepair__Math__patch1-Math-58-RSRepair-plausible,Math-58,1,7,7,14,7,6,2,1,0,1,0
Patches_ICSE__Doverfitting__RSRepair__Math__patch1-Math-80-RSRepair-plausible,Math-80,1,1,8,9,1,8,1,1,0,0,0
Patches_ICSE__Doverfitting__RSRepair__Math__patch1-Math-81-RSRepair-plausible,Math-81,1,1,0,1,1,0,1,1,0,0,0
Patches_ICSE__Doverfitting__RSRepair__Math__patch1-Math-82-RSRepair-plausible,Math-82,1,0,1,1,0,1,1,1,1,0,0
Patches_ICSE__Doverfitting__RSRepair__Math__patch1-Math-84-RSRepair-plausible,Math-84,1,2,6,8,2,3,2,1,0,0,0
Patches_ICSE__Doverfitting__RSRepair__Math__patch1-Math-85-RSRepair-plausible,Math-85,1,0,9,9,0,9,2,2,1,0,0
Patches_ICSE__Doverfitting__RSRepair__Math__patch1-Math-95-RSRepair-plausible,Math-95,1,1,2,3,1,1,1,1,0,0,1
Patches_ICSE__Doverfitting__SimFix__Chart__patch1-Chart-12-SimFix-plausible,Chart-12,1,3,0,3,3,0,1,1,0,1,0
Patches_ICSE__Doverfitting__SimFix__Chart__patch1-Chart-18-SimFix-plausible,Chart-18,1,1,1,2,1,1,1,1,0,1,0
Patches_ICSE__Doverfitting__SimFix__Chart__patch1-Chart-22-SimFix-plausible,Chart-22,1,3,0,3,3,0,1,1,0,1,1
Patches_ICSE__Doverfitting__SimFix__Chart__patch1-Chart-25-SimFix-plausible,Chart-25,1,1,1,2,1,1,1,1,0,1,0
Patches_ICSE__Doverfitting__SimFix__Chart__patch1-Chart-3-SimFix-plausible,Chart-3,1,1,0,1,1,0,1,1,0,0,1
Patches_ICSE__Doverfitting__SimFix__Closure__patch1-Closure-106-SimFix-plausible,Closure-106,1,1,0,1,1,0,1,1,0,0,0
Patches_ICSE__Doverfitting__SimFix__Closure__patch1-Closure-107-SimFix-plausible,Closure-107,1,1,9,10,1,1,1,1,0,1,0
Patches_ICSE__Doverfitting__SimFix__Closure__patch1-Closure-108-SimFix-plausible,Closure-108,1,1,1,2,1,0,1,1,0,0,0
Patches_ICSE__Doverfitting__SimFix__Closure__patch1-Closure-109-SimFix-plausible,Closure-109,1,1,1,2,1,1,1,1,0,1,0
Patches_ICSE__Doverfitting__SimFix__Closure__patch1-Closure-126-SimFix-plausible,Closure-126,1,1,1,2,1,1,1,1,0,0,0
Patches_ICSE__Doverfitting__SimFix__Closure__patch1-Closure-14-SimFix-plausible,Closure-14,1,1,1,2,1,1,1,1,0,0,0
Patches_ICSE__Doverfitting__SimFix__Closure__patch1-Closure-21-SimFix-plausible,Closure-21,1,1,1,2,1,1,1,1,0,0,0
Patches_ICSE__Doverfitting__SimFix__Closure__patch1-Closure-22-SimFix-plausible,Closure-22,1,1,1,2,1,1,1,1,0,0,0
Patches_ICSE__Doverfitting__SimFix__Closure__patch1-Closure-26-SimFix-plausible,Closure-26,1,1,0,1,1,0,1,1,0,0,0
Patches_ICSE__Doverfitting__SimFix__Closure__patch1-Closure-38-SimFix-plausible,Closure-38,1,1,1,2,1,1,1,1,0,1,0
Patches_ICSE__Doverfitting__SimFix__Closure__patch1-Closure-46-SimFix-plausible,Closure-46,1,1,1,2,1,1,1,1,0,0,0
Patches_ICSE__Doverfitting__SimFix__Closure__patch1-Closure-57-SimFix-plausible,Closure-57,1,1,1,2,1,1,1,1,0,1,0
Patches_ICSE__Doverfitting__SimFix__Lang__patch1-Lang-1-SimFix-plausible,Lang-1,1,5,1,6,5,1,1,1,0,1,0
Patches_ICSE__Doverfitting__SimFix__Lang__patch1-Lang-10-SimFix-plausible,Lang-10,1,1,0,1,1,0,1,1,0,0,0
Patches_ICSE__Doverfitting__SimFix__Lang__patch1-Lang-12-SimFix-plausible,Lang-12,1,1,1,2,1,1,1,1,0,1,0
Patches_ICSE__Doverfitting__SimFix__Lang__patch1-Lang-16-SimFix-plausible,Lang-16,1,1,0,1,1,0,1,1,0,0,0
Patches_ICSE__Doverfitting__SimFix__Lang__patch1-Lang-27-SimFix-plausible,Lang-27,1,1,0,1,1,0,1,1,0,0,0
Patches_ICSE__Doverfitting__SimFix__Lang__patch1-Lang-41-SimFix-plausible,Lang-41,1,1,1,2,1,1,1,1,0,0,0
Patches_ICSE__Doverfitting__SimFix__Lang__patch1-Lang-45-SimFix-plausible,Lang-45,1,1,1,2,1,1,1,1,0,1,0
Patches_ICSE__Doverfitting__SimFix__Lang__patch1-Lang-50-SimFix-plausible,Lang-50,1,3,0,3,3,0,1,1,0,1,0
Patches_ICSE__Doverfitting__SimFix__Lang__patch1-Lang-61-SimFix-plausible,Lang-61,1,1,1,2,1,1,1,1,0,0,0
Patches_ICSE__Doverfitting__SimFix__Lang__patch1-Lang-63-SimFix-plausible,Lang-63,1,1,1,2,1,1,1,1,0,1,0
Patches_ICSE__Doverfitting__SimFix__Lang__patch1-Lang-9-SimFix-plausible,Lang-9,1,1,0,1,1,0,1,1,0,0,0
Patches_ICSE__Doverfitting__SimFix__Math__patch1-Math-1-SimFix-plausible,Math-1,1,1,3,4,1,1,1,1,0,1,0
Patches_ICSE__Doverfitting__SimFix__Math__patch1-Math-43-SimFix-plausible,Math-43,1,1,0,1,1,0,1,1,0,0,0
Patches_ICSE__Doverfitting__SimFix__Math__patch1-Math-44-SimFix-plausible,Math-44,1,1,0,1,1,0,1,1,0,0,0
Patches_ICSE__Doverfitting__SimFix__Math__patch1-Math-50-SimFix-plausible,Math-50,1,1,1,2,1,1,1,1,0,1,0
Patches_ICSE__Doverfitting__SimFix__Math__patch1-Math-6-SimFix-plausible,Math-6,1,1,1,2,1,1,1,1,0,0,0
Patches_ICSE__Doverfitting__SimFix__Math__patch1-Math-63-SimFix-plausible,Math-63,1,1,1,2,1,1,1,1,0,0,0
Patches_ICSE__Doverfitting__SimFix__Math__patch1-Math-69-SimFix-plausible,Math-69,1,2,2,4,2,2,1,1,0,1,0
Patches_ICSE__Doverfitting__SimFix__Math__patch1-Math-73-SimFix-plausible,Math-73,1,1,4,5,1,1,1,1,0,0,0
Patches_ICSE__Doverfitting__SimFix__Math__patch1-Math-8-SimFix-plausible,Math-8,1,1,1,2,1,1,1,1,0,0,0
Patches_ICSE__Doverfitting__SimFix__Math__patch1-Math-80-SimFix-plausible,Math-80,1,1,1,2,1,1,1,1,0,0,0
Patches_ICSE__Doverfitting__SimFix__Math__patch1-Math-81-SimFix-plausible,Math-81,1,1,1,2,1,1,1,1,0,1,0
Patches_ICSE__Doverfitting__SimFix__Math__patch1-Math-82-SimFix-plausible,Math-82,1,1,1,2,1,1,1,1,0,1,0
Patches_ICSE__Doverfitting__SimFix__Math__patch1-Math-84-SimFix-plausible,Math-84,1,1,4,5,1,1,1,1,0,1,0
Patches_ICSE__Doverfitting__SimFix__Math__patch1-Math-85-SimFix-plausible,Math-85,1,2,7,9,2,7,1,1,0,1,1
Patches_ICSE__Doverfitting__SimFix__Math__patch1-Math-88-SimFix-plausible,Math-88,1,1,1,2,1,1,1,1,0,1,0
Patches_ICSE__Doverfitting__TBar__Chart__patch1-Chart-12-TBar-plausible,Chart-12,1,1,1,2,1,1,1,1,0,0,0
Patches_ICSE__Doverfitting__TBar__Chart__patch1-Chart-13-TBar-plausible,Chart-13,1,1,1,2,0,1,1,1,1,0,0
Patches_ICSE__Doverfitting__TBar__Chart__patch1-Chart-14-TBar-plausible,Chart-14,1,1,1,2,1,1,1,1,0,0,0
Patches_ICSE__Doverfitting__TBar__Chart__patch1-Chart-15-TBar-plausible,Chart-15,1,0,379,379,0,289,1,1,1,0,0
Patches_ICSE__Doverfitting__TBar__Chart__patch1-Chart-25-TBar-plausible,Chart-25,1,0,42,42,0,25,1,1,1,0,0
Patches_ICSE__Doverfitting__TBar__Chart__patch1-Chart-26-TBar-plausible,Chart-26,1,1,1,2,1,1,1,1,0,0,0
Patches_ICSE__Doverfitting__TBar__Chart__patch1-Chart-3-TBar-plausible,Chart-3,1,1,0,1,1,0,1,1,0,0,0
Patches_ICSE__Doverfitting__TBar__Chart__patch1-Chart-5-TBar-plausible,Chart-5,1,1,1,2,1,1,1,1,0,0,0
Patches_ICSE__Doverfitting__TBar__Chart__patch1-Chart-7-TBar-plausible,Chart-7,1,2,1,3,1,1,1,1,0,0,0
Patches_ICSE__Doverfitting__TBar__Closure__patch1-Closure-107-TBar-plausible,Closure-107,1,1,1,2,0,1,1,1,1,0,0
Patches_ICSE__Doverfitting__TBar__Closure__patch1-Closure-109-TBar-plausible,Closure-109,1,1,1,2,1,1,1,1,0,0,0
Patches_ICSE__Doverfitting__TBar__Closure__patch1-Closure-115-TBar-plausible,Closure-115,1,1,1,2,1,1,1,1,0,1,0
Patches_ICSE__Doverfitting__TBar__Closure__patch1-Closure-12-TBar-plausible,Closure-12,1,1,1,2,1,1,1,1,0,1,0
Patches_ICSE__Doverfitting__TBar__Closure__patch1-Closure-126-TBar-plausible,Closure-126,1,1,1,2,1,1,1,1,0,0,0
Patches_ICSE__Doverfitting__TBar__Closure__patch1-Closure-133-TBar-plausible,Closure-133,1,1,1,2,1,1,1,1,0,0,0
Patches_ICSE__Doverfitting__TBar__Closure__patch1-Closure-21-TBar-plausible,Closure-21,1,1,1,2,1,1,1,1,0,1,0
Patches_ICSE__Doverfitting__TBar__Closure__patch1-Closure-22-TBar-plausible,Closure-22,1,1,1,2,1,1,1,1,0,1,0
Patches_ICSE__Doverfitting__TBar__Closure__patch1-Closure-66-TBar-plausible,Closure-66,1,1,1,2,1,1,1,1,0,0,0
Patches_ICSE__Doverfitting__TBar__Lang__patch1-Lang-13-TBar-plausible,Lang-13,1,1,17,18,0,9,1,1,1,0,0
Patches_ICSE__Doverfitting__TBar__Lang__patch1-Lang-18-TBar-plausible,Lang-18,1,1,1,2,1,1,1,1,0,1,0
Patches_ICSE__Doverfitting__TBar__Lang__patch1-Lang-20-TBar-plausible,Lang-20,1,1,1,2,1,1,1,1,0,0,0
Patches_ICSE__Doverfitting__TBar__Lang__patch1-Lang-22-TBar-plausible,Lang-22,1,1,1,2,1,1,1,1,0,1,0
Patches_ICSE__Doverfitting__TBar__Lang__patch1-Lang-24-TBar-plausible,Lang-24,1,2,1,3,2,1,1,1,0,1,0
Patches_ICSE__Doverfitting__TBar__Lang__patch1-Lang-27-TBar-plausible,Lang-27,1,1,1,2,1,1,1,1,0,1,0
Patches_ICSE__Doverfitting__TBar__Lang__patch1-Lang-39-TBar-plausible,Lang-39,1,1,1,2,1,1,1,1,0,0,0
Patches_ICSE__Doverfitting__TBar__Lang__patch1-Lang-41-TBar-plausible,Lang-41,1,1,1,2,1,1,1,1,0,0,0
Patches_ICSE__Doverfitting__TBar__Lang__patch1-Lang-43-TBar-plausible,Lang-43,1,1,1,2,1,1,1,1,0,0,0
Patches_ICSE__Doverfitting__TBar__Lang__patch1-Lang-44-TBar-plausible,Lang-44,1,2,2,4,2,2,1,1,0,1,0
Patches_ICSE__Doverfitting__TBar__Lang__patch1-Lang-45-TBar-plausible,Lang-45,1,1,1,2,1,1,1,1,0,1,0
Patches_ICSE__Doverfitting__TBar__Lang__patch1-Lang-51-TBar-plausible,Lang-51,1,1,1,2,1,1,1,1,0,1,0
Patches_ICSE__Doverfitting__TBar__Lang__patch1-Lang-58-TBar-plausible,Lang-58,1,2,2,4,2,2,1,1,0,1,0
Patches_ICSE__Doverfitting__TBar__Lang__patch1-Lang-60-TBar-plausible,Lang-60,1,1,1,2,1,1,1,1,0,0,0
Patches_ICSE__Doverfitting__TBar__Lang__patch1-Lang-63-TBar-plausible,Lang-63,1,1,1,2,1,1,1,1,0,0,0
Patches_ICSE__Doverfitting__TBar__Math__patch1-Math-15-TBar-plausible,Math-15,1,1,1,2,1,1,1,1,0,1,0
Patches_ICSE__Doverfitting__TBar__Math__patch1-Math-2-TBar-plausible,Math-2,1,2,2,4,2,2,1,1,0,0,0
Patches_ICSE__Doverfitting__TBar__Math__patch1-Math-50-TBar-plausible,Math-50,1,1,1,2,1,1,1,1,0,0,0
Patches_ICSE__Doverfitting__TBar__Math__patch1-Math-6-TBar-plausible,Math-6,1,1,1,2,1,1,1,1,0,0,0
Patches_ICSE__Doverfitting__TBar__Math__patch1-Math-62-TBar-plausible,Math-62,1,1,1,2,1,1,1,1,0,0,0
Patches_ICSE__Doverfitting__TBar__Math__patch1-Math-63-TBar-plausible,Math-63,1,1,1,2,1,1,1,1,0,1,0
Patches_ICSE__Doverfitting__TBar__Math__patch1-Math-8-TBar-plausible,Math-8,1,1,1,2,1,1,1,1,0,0,0
Patches_ICSE__Doverfitting__TBar__Math__patch1-Math-80-TBar-plausible,Math-80,1,1,1,2,1,1,1,1,0,0,1
Patches_ICSE__Doverfitting__TBar__Math__patch1-Math-81-TBar-plausible,Math-81,1,1,1,2,1,1,1,1,0,0,0
Patches_ICSE__Doverfitting__TBar__Math__patch1-Math-82-TBar-plausible,Math-82,1,1,1,2,1,1,1,1,0,1,0
Patches_ICSE__Doverfitting__TBar__Math__patch1-Math-84-TBar-plausible,Math-84,1,1,1,2,1,1,1,1,0,1,0
Patches_ICSE__Doverfitting__TBar__Math__patch1-Math-85-TBar-plausible,Math-85,1,1,6,7,0,6,1,1,1,0,0
Patches_ICSE__Doverfitting__TBar__Math__patch1-Math-88-TBar-plausible,Math-88,1,1,1,2,1,1,1,1,0,1,0
Patches_ICSE__Doverfitting__TBar__Math__patch1-Math-95-TBar-plausible,Math-95,1,1,1,2,1,1,1,1,0,0,0
Patches_ICSE__Doverfitting__TBar__Math__patch1-Math-96-TBar-plausible,Math-96,1,1,1,2,1,1,1,1,0,0,0
Patches_ICSE__Doverfitting__jGenProg__Chart__patch1-Chart-13-jGenProg-plausible,Chart-13,1,4,290,294,3,282,6,1,0,0,1
Patches_ICSE__Doverfitting__jGenProg__Chart__patch1-Chart-25-jGenProg-plausible,Chart-25,1,8,8,16,0,8,1,1,1,0,0
Patches_ICSE__Doverfitting__jGenProg__Chart__patch1-Chart-3-jGenProg-plausible,Chart-3,1,1,0,1,1,0,1,1,0,0,0
Patches_ICSE__Doverfitting__jGenProg__Chart__patch1-Chart-5-jGenProg-plausible,Chart-5,1,2,2,4,1,2,1,1,0,1,0
Patches_ICSE__Doverfitting__jGenProg__Chart__patch1-Chart-7-jGenProg-plausible,Chart-7,1,1,1,2,1,1,1,1,0,0,0
Patches_ICSE__Doverfitting__jGenProg__Closure__patch1-Closure-21-jGenProg-plausible,Closure-21,1,6,6,12,0,6,1,1,1,0,0
Patches_ICSE__Doverfitting__jGenProg__Closure__patch1-Closure-22-jGenProg-plausible,Closure-22,1,9,9,18,0,9,1,1,1,0,0
Patches_ICSE__Doverfitting__jGenProg__Lang__patch1-Lang-27-jGenProg-plausible,Lang-27,1,1,3,4,1,3,1,1,0,0,0
Patches_ICSE__Doverfitting__jGenProg__Lang__patch1-Lang-39-jGenProg-plausible,Lang-39,1,6,6,12,0,6,1,1,1,0,0
Patches_ICSE__Doverfitting__jGenProg__Math__patch1-Math-50-jGenProg-plausible,Math-50,1,2,2,4,1,2,1,1,0,0,0
Patches_ICSE__Doverfitting__jGenProg__Math__patch1-Math-60-jGenProg-plausible,Math-60,1,2,2,4,2,2,1,1,0,0,0
Patches_ICSE__Doverfitting__jGenProg__Math__patch1-Math-73-jGenProg-plausible,Math-73,1,2,2,4,1,2,1,1,0,0,0
Patches_ICSE__Doverfitting__jGenProg__Math__patch1-Math-8-jGenProg-plausible,Math-8,1,1,1,2,0,1,1,1,1,0,0
Patches_ICSE__Doverfitting__jGenProg__Math__patch1-Math-81-jGenProg-plausible,Math-81,1,1,19,20,0,19,1,1,1,0,0
Patches_ICSE__Doverfitting__jGenProg__Math__patch1-Math-84-jGenProg-plausible,Math-84,1,1,1,2,1,1,1,1,0,0,0
Patches_ICSE__Doverfitting__jGenProg__Math__patch1-Math-85-jGenProg-plausible,Math-85,1,6,6,12,0,6,1,1,1,0,0
Patches_ICSE__Doverfitting__jGenProg__Math__patch1-Math-95-jGenProg-plausible,Math-95,1,1,1,2,1,1,1,1,0,0,1
Patches_ICSE__Doverfitting__jKali__Chart__patch1-Chart-1-jKali-plausible,Chart-1,1,1,1,2,1,1,1,1,0,1,0
Patches_ICSE__Doverfitting__jKali__Chart__patch1-Chart-13-jKali-plausible,Chart-13,1,1,1,2,1,1,1,1,0,1,0
Patches_ICSE__Doverfitting__jKali__Chart__patch1-Chart-25-jKali-plausible,Chart-25,1,0,8,8,0,8,1,1,1,0,0
Patches_ICSE__Doverfitting__jKali__Chart__patch1-Chart-5-jKali-plausible,Chart-5,1,1,1,2,1,1,1,1,0,1,0
Patches_ICSE__Doverfitting__jKali__Closure__patch1-Closure-101-jKali-plausible,Closure-101,1,1,1,2,0,1,1,1,1,0,0
Patches_ICSE__Doverfitting__jKali__Closure__patch1-Closure-21-jKali-plausible,Closure-21,1,0,6,6,0,6,1,1,1,0,0
Patches_ICSE__Doverfitting__jKali__Closure__patch1-Closure-22-jKali-plausible,Closure-22,1,4,4,8,0,4,1,1,1,0,0
Patches_ICSE__Doverfitting__jKali__Closure__patch1-Closure-45-jKali-plausible,Closure-45,1,1,2,3,1,2,1,1,0,1,0
Patches_ICSE__Doverfitting__jKali__Closure__patch1-Closure-46-jKali-plausible,Closure-46,1,1,1,2,1,1,1,1,0,1,0
Patches_ICSE__Doverfitting__jKali__Closure__patch1-Closure-62-jKali-plausible,Closure-62,1,2,2,4,2,2,1,1,0,1,0
Patches_ICSE__Doverfitting__jKali__Closure__patch1-Closure-63-jKali-plausible,Closure-63,1,2,2,4,2,2,1,1,0,1,0
Patches_ICSE__Doverfitting__jKali__Lang__patch1-Lang-22-jKali-plausible,Lang-22,1,1,1,2,1,1,1,1,0,1,0
Patches_ICSE__Doverfitting__jKali__Lang__patch1-Lang-27-jKali-plausible,Lang-27,1,1,1,2,1,1,1,1,0,1,0
Patches_ICSE__Doverfitting__jKali__Math__patch1-Math-2-jKali-plausible,Math-2,1,1,1,2,1,1,1,1,0,1,0
Patches_ICSE__Doverfitting__jKali__Math__patch1-Math-28-jKali-plausible,Math-28,1,1,1,2,1,1,1,1,0,1,0
Patches_ICSE__Doverfitting__jKali__Math__patch1-Math-29-jKali-plausible,Math-29,1,1,1,2,1,1,1,1,0,1,0
Patches_ICSE__Doverfitting__jKali__Math__patch1-Math-32-jKali-plausible,Math-32,1,1,1,2,1,1,1,1,0,1,0
Patches_ICSE__Doverfitting__jKali__Math__patch1-Math-49-jKali-plausible,Math-49,1,1,1,2,1,1,1,1,0,1,0
Patches_ICSE__Doverfitting__jKali__Math__patch1-Math-71-jKali-plausible,Math-71,1,0,1,1,0,1,1,1,1,0,0
Patches_ICSE__Doverfitting__jKali__Math__patch1-Math-8-jKali-plausible,Math-8,1,3,3,6,0,3,1,1,1,0,0
Patches_ICSE__Doverfitting__jKali__Math__patch1-Math-80-jKali-plausible,Math-80,1,0,8,8,0,8,1,1,1,0,0
Patches_ICSE__Doverfitting__jMutRepair__Chart__patch1-Chart-25-jMutRepair-plausible,Chart-25,1,1,1,2,1,1,1,1,0,1,0
Patches_ICSE__Doverfitting__jMutRepair__Chart__patch1-Chart-26-jMutRepair-plausible,Chart-26,1,1,1,2,1,1,1,1,0,1,0
Patches_ICSE__Doverfitting__jMutRepair__Chart__patch1-Chart-7-jMutRepair-plausible,Chart-7,1,1,1,2,1,1,1,1,0,1,0
Patches_ICSE__Doverfitting__jMutRepair__Closure__patch1-Closure-126-jMutRepair-plausible,Closure-126,1,1,1,2,1,1,1,1,0,1,0
Patches_ICSE__Doverfitting__jMutRepair__Closure__patch1-Closure-21-jMutRepair-plausible,Closure-21,1,1,1,2,1,1,1,1,0,1,0
Patches_ICSE__Doverfitting__jMutRepair__Closure__patch1-Closure-22-jMutRepair-plausible,Closure-22,1,1,1,2,1,1,1,1,0,1,0
Patches_ICSE__Doverfitting__jMutRepair__Lang__patch1-Lang-22-jMutRepair-plausible,Lang-22,1,1,1,2,1,1,1,1,0,1,0
Patches_ICSE__Doverfitting__jMutRepair__Lang__patch1-Lang-27-jMutRepair-plausible,Lang-27,1,1,1,2,1,1,1,1,0,1,0
Patches_ICSE__Doverfitting__jMutRepair__Math__patch1-Math-2-jMutRepair-plausible,Math-2,1,1,1,2,1,1,1,1,0,1,0
Patches_ICSE__Doverfitting__jMutRepair__Math__patch1-Math-28-jMutRepair-plausible,Math-28,1,1,1,2,1,1,1,1,0,1,0
Patches_ICSE__Doverfitting__jMutRepair__Math__patch1-Math-50-jMutRepair-plausible,Math-50,1,1,1,2,1,1,1,1,0,1,0
Patches_ICSE__Doverfitting__jMutRepair__Math__patch1-Math-52-jMutRepair-plausible,Math-52,1,1,1,2,1,1,1,1,0,1,0
Patches_ICSE__Doverfitting__jMutRepair__Math__patch1-Math-57-jMutRepair-plausible,Math-57,1,1,1,2,1,1,1,1,0,1,0
Patches_ICSE__Doverfitting__jMutRepair__Math__patch1-Math-80-jMutRepair-plausible,Math-80,1,1,1,2,1,1,1,1,0,1,1
Patches_ICSE__Doverfitting__jMutRepair__Math__patch1-Math-81-jMutRepair-plausible,Math-81,1,1,1,2,1,1,1,1,0,1,0
Patches_ICSE__Doverfitting__jMutRepair__Math__patch1-Math-84-jMutRepair-plausible,Math-84,1,1,1,2,1,1,1,1,0,1,0
Patches_ICSE__Doverfitting__jMutRepair__Math__patch1-Math-88-jMutRepair-plausible,Math-88,1,1,1,2,1,1,1,1,0,1,0
Patches_ICSE__Doverfitting__kPAR__Chart__patch1-Chart-13-kPAR-plausible,Chart-13,1,1,1,2,1,1,1,1,0,1,0
Patches_ICSE__Doverfitting__kPAR__Chart__patch1-Chart-14-kPAR-plausible,Chart-14,1,4,1,5,4,1,1,1,0,1,0
Patches_ICSE__Doverfitting__kPAR__Chart__patch1-Chart-15-kPAR-plausible,Chart-15,1,4,1,5,4,1,1,1,0,1,0
Patches_ICSE__Doverfitting__kPAR__Chart__patch1-Chart-17-kPAR-plausible,Chart-17,1,1,1,2,1,1,1,1,0,1,0
Patches_ICSE__Doverfitting__kPAR__Chart__patch1-Chart-25-kPAR-plausible,Chart-25,1,1,1,2,1,1,1,1,0,0,0
Patches_ICSE__Doverfitting__kPAR__Chart__patch1-Chart-26-kPAR-plausible,Chart-26,1,1,1,2,1,1,1,1,0,1,0
Patches_ICSE__Doverfitting__kPAR__Chart__patch1-Chart-3-kPAR-plausible,Chart-3,1,1,1,2,1,1,1,1,0,1,0
Patches_ICSE__Doverfitting__kPAR__Chart__patch1-Chart-5-kPAR-plausible,Chart-5,1,1,1,2,1,1,1,1,0,1,0
Patches_ICSE__Doverfitting__kPAR__Chart__patch1-Chart-7-kPAR-plausible,Chart-7,1,1,1,2,1,1,1,1,0,0,0
Patches_ICSE__Doverfitting__kPAR__Closure__patch1-Closure-109-kPAR-plausible,Closure-109,1,1,1,2,1,1,1,1,0,0,0
Patches_ICSE__Doverfitting__kPAR__Closure__patch1-Closure-115-kPAR-plausible,Closure-115,1,1,1,2,1,1,1,1,0,1,0
Patches_ICSE__Doverfitting__kPAR__Closure__patch1-Closure-126-kPAR-plausible,Closure-126,1,1,1,2,1,1,1,1,0,0,0
Patches_ICSE__Doverfitting__kPAR__Closure__patch1-Closure-129-kPAR-plausible,Closure-129,1,1,1,2,1,1,1,1,0,0,0
Patches_ICSE__Doverfitting__kPAR__Closure__patch1-Closure-35-kPAR-plausible,Closure-35,1,1,1,2,1,1,1,1,0,0,0
Patches_ICSE__Doverfitting__kPAR__Closure__patch1-Closure-46-kPAR-plausible,Closure-46,1,1,1,2,1,1,1,1,0,1,0
Patches_ICSE__Doverfitting__kPAR__Closure__patch1-Closure-62-kPAR-plausible,Closure-62,1,1,2,3,1,2,1,1,0,1,0
Patches_ICSE__Doverfitting__kPAR__Closure__patch1-Closure-63-kPAR-plausible,Closure-63,1,1,2,3,1,2,1,1,0,1,0
Patches_ICSE__Doverfitting__kPAR__Lang__patch1-Lang-10-kPAR-plausible,Lang-10,1,1,1,2,1,1,1,1,0,1,0
Patches_ICSE__Doverfitting__kPAR__Lang__patch1-Lang-16-kPAR-plausible,Lang-16,1,1,1,2,1,1,1,1,0,1,0
Patches_ICSE__Doverfitting__kPAR__Lang__patch1-Lang-18-kPAR-plausible,Lang-18,1,1,1,2,1,1,1,1,0,1,0
Patches_ICSE__Doverfitting__kPAR__Lang__patch1-Lang-20-kPAR-plausible,Lang-20,1,1,1,2,1,1,1,1,0,0,0
Patches_ICSE__Doverfitting__kPAR__Lang__patch1-Lang-21-kPAR-plausible,Lang-21,1,1,1,2,1,1,1,1,0,0,0
Patches_ICSE__Doverfitting__kPAR__Lang__patch1-Lang-24-kPAR-plausible,Lang-24,1,2,1,3,2,1,1,1,0,1,0
Patches_ICSE__Doverfitting__kPAR__Lang__patch1-Lang-27-kPAR-plausible,Lang-27,1,1,1,2,1,1,1,1,0,0,0
Patches_ICSE__Doverfitting__kPAR__Lang__patch1-Lang-41-kPAR-plausible,Lang-41,1,1,1,2,1,1,1,1,0,0,0
Patches_ICSE__Doverfitting__kPAR__Lang__patch1-Lang-43-kPAR-plausible,Lang-43,1,1,1,2,1,1,1,1,0,0,0
Patches_ICSE__Doverfitting__kPAR__Lang__patch1-Lang-44-kPAR-plausible,Lang-44,1,1,2,3,1,2,1,1,0,0,0
Patches_ICSE__Doverfitting__kPAR__Lang__patch1-Lang-45-kPAR-plausible,Lang-45,1,1,1,2,1,1,1,1,0,1,0
Patches_ICSE__Doverfitting__kPAR__Lang__patch1-Lang-51-kPAR-plausible,Lang-51,1,1,1,2,1,1,1,1,0,1,0
Patches_ICSE__Doverfitting__kPAR__Lang__patch1-Lang-53-kPAR-plausible,Lang-53,1,1,1,2,1,1,1,1,0,1,0
Patches_ICSE__Doverfitting__kPAR__Lang__patch1-Lang-57-kPAR-plausible,Lang-57,1,4,1,5,4,1,1,1,0,1,0
Patches_ICSE__Doverfitting__kPAR__Lang__patch1-Lang-58-kPAR-plausible,Lang-58,1,1,2,3,1,2,1,1,0,1,0
Patches_ICSE__Doverfitting__kPAR__Lang__patch1-Lang-59-kPAR-plausible,Lang-59,1,1,1,2,1,1,1,1,0,0,0
Patches_ICSE__Doverfitting__kPAR__Lang__patch1-Lang-63-kPAR-plausible,Lang-63,1,1,1,2,1,1,1,1,0,0,0
Patches_ICSE__Doverfitting__kPAR__Math__patch1-Math-104-kPAR-plausible,Math-104,1,1,1,2,1,1,1,1,0,1,0
Patches_ICSE__Doverfitting__kPAR__Math__patch1-Math-15-kPAR-plausible,Math-15,1,1,1,2,1,1,1,1,0,1,0
Patches_ICSE__Doverfitting__kPAR__Math__patch1-Math-2-kPAR-plausible,Math-2,1,1,1,2,1,1,1,1,0,0,0
Patches_ICSE__Doverfitting__kPAR__Math__patch1-Math-40-kPAR-plausible,Math-40,1,1,1,2,1,1,1,1,0,1,0
Patches_ICSE__Doverfitting__kPAR__Math__patch1-Math-42-kPAR-plausible,Math-42,1,1,1,2,1,1,1,1,0,0,0
Patches_ICSE__Doverfitting__kPAR__Math__patch1-Math-43-kPAR-plausible,Math-43,1,1,1,2,1,1,1,1,0,1,0
Patches_ICSE__Doverfitting__kPAR__Math__patch1-Math-49-kPAR-plausible,Math-49,1,1,1,2,1,1,1,1,0,0,0
Patches_ICSE__Doverfitting__kPAR__Math__patch1-Math-50-kPAR-plausible,Math-50,1,1,1,2,1,1,1,1,0,0,0
Patches_ICSE__Doverfitting__kPAR__Math__patch1-Math-62-kPAR-plausible,Math-62,1,1,1,2,1,1,1,1,0,0,0
Patches_ICSE__Doverfitting__kPAR__Math__patch1-Math-63-kPAR-plausible,Math-63,1,1,1,2,1,1,1,1,0,0,0
Patches_ICSE__Doverfitting__kPAR__Math__patch1-Math-7-kPAR-plausible,Math-7,1,1,1,2,1,1,1,1,0,0,0
Patches_ICSE__Doverfitting__kPAR__Math__patch1-Math-8-kPAR-plausible,Math-8,1,1,1,2,1,1,1,1,0,0,0
Patches_ICSE__Doverfitting__kPAR__Math__patch1-Math-80-kPAR-plausible,Math-80,1,1,1,2,1,1,1,1,0,0,0
Patches_ICSE__Doverfitting__kPAR__Math__patch1-Math-81-kPAR-plausible,Math-81,1,1,1,2,1,1,1,1,0,1,0
Patches_ICSE__Doverfitting__kPAR__Math__patch1-Math-82-kPAR-plausible,Math-82,1,1,1,2,1,1,1,1,0,1,0
Patches_ICSE__Doverfitting__kPAR__Math__patch1-Math-84-kPAR-plausible,Math-84,1,1,1,2,1,1,1,1,0,1,0
Patches_ICSE__Doverfitting__kPAR__Math__patch1-Math-88-kPAR-plausible,Math-88,1,1,1,2,1,1,1,1,0,1,0
Patches_ICSE__Doverfitting__kPAR__Time__patch1-Time-17-kPAR-plausible,Time-17,1,1,1,2,1,1,1,1,0,0,1
Patches_ICSE__Dsame__ACS__Chart__patch1-Chart-14-ACS,Chart-14,1,12,0,12,12,0,4,2,0,1,0
Patches_ICSE__Dsame__ACS__Time__patch1-Time-15-ACS,Time-15,1,1,1,2,1,1,1,1,0,1,0
Patches_ICSE__Dsame__AVATAR__Chart__patch1-Chart-1-AVATAR,Chart-1,1,1,1,2,1,1,1,1,0,1,0
Patches_ICSE__Dsame__AVATAR__Chart__patch1-Chart-19-AVATAR,Chart-19,1,6,0,6,6,0,2,1,0,1,0
Patches_ICSE__Dsame__AVATAR__Chart__patch1-Chart-24-AVATAR,Chart-24,1,1,1,2,1,1,1,1,0,0,0
Patches_ICSE__Dsame__AVATAR__Chart__patch1-Chart-4-AVATAR,Chart-4,1,2,0,2,2,0,2,1,0,1,0
Patches_ICSE__Dsame__AVATAR__Closure__patch1-Closure-46-AVATAR,Closure-46,1,0,16,16,0,16,1,1,1,0,0
Patches_ICSE__Dsame__AVATAR__Closure__patch1-Closure-62-AVATAR,Closure-62,1,1,1,2,1,1,1,1,0,0,0
Patches_ICSE__Dsame__AVATAR__Closure__patch1-Closure-63-AVATAR,Closure-63,1,1,1,2,1,1,1,1,0,0,0
Patches_ICSE__Dsame__AVATAR__Closure__patch1-Closure-73-AVATAR,Closure-73,1,1,1,2,1,1,1,1,0,1,0
Patches_ICSE__Dsame__AVATAR__Lang__patch1-Lang-6-AVATAR,Lang-6,1,1,1,2,1,1,1,1,0,0,0
Patches_ICSE__Dsame__AVATAR__Lang__patch1-Lang-7-AVATAR,Lang-7,1,3,3,6,3,3,2,1,0,1,0
Patches_ICSE__Dsame__AVATAR__Math__patch1-Math-4-AVATAR,Math-4,1,6,0,6,6,0,2,2,0,1,0
Patches_ICSE__Dsame__AVATAR__Math__patch1-Math-59-AVATAR,Math-59,1,1,1,2,1,1,1,1,0,0,0
Patches_ICSE__Dsame__AVATAR__Math__patch1-Math-89-AVATAR,Math-89,1,4,0,4,4,0,1,1,0,1,0
Patches_ICSE__Dsame__Arja__Math__patch1-Math-58-Arja,Math-58,1,1,1,2,1,1,1,1,0,0,0
Patches_ICSE__Dsame__Arja__Math__patch1-Math-98-Arja,Math-98,1,1,1,2,1,1,1,1,0,0,0
Patches_ICSE__Dsame__Cardumen__Math__patch1-Math-70-Cardumen,Math-70,1,1,1,2,1,1,1,1,0,0,0
Patches_ICSE__Dsame__FixMiner__Chart__patch1-Chart-1-FixMiner,Chart-1,1,1,1,2,1,1,1,1,0,1,0
Patches_ICSE__Dsame__FixMiner__Chart__patch1-Chart-19-FixMiner,Chart-19,1,6,0,6,6,0,2,1,0,1,0
Patches_ICSE__Dsame__FixMiner__Chart__patch1-Chart-4-FixMiner,Chart-4,1,2,0,2,2,0,2,1,0,1,0
Patches_ICSE__Dsame__FixMiner__Math__patch1-Math-22-FixMiner,Math-22,1,1,1,2,1,1,1,1,0,0,0
Patches_ICSE__Dsame__FixMiner__Math__patch1-Math-30-FixMiner,Math-30,1,1,1,2,1,1,1,1,0,0,0
Patches_ICSE__Dsame__FixMiner__Math__patch1-Math-34-FixMiner,Math-34,1,1,1,2,1,1,1,1,0,0,0
Patches_ICSE__Dsame__FixMiner__Math__patch1-Math-57-FixMiner,Math-57,1,1,1,2,1,1,1,1,0,0,0
Patches_ICSE__Dsame__FixMiner__Math__patch1-Math-70-FixMiner,Math-70,1,1,1,2,1,1,1,1,0,0,0
Patches_ICSE__Dsame__FixMiner__Math__patch1-Math-75-FixMiner,Math-75,1,1,1,2,1,1,1,1,0,0,0
Patches_ICSE__Dsame__FixMiner__Math__patch1-Math-79-FixMiner,Math-79,1,2,2,4,2,2,1,1,0,0,0
Patches_ICSE__Dsame__RSRepair__Closure__patch1-Closure-126-RSRepair,Closure-126,1,0,4,4,0,4,1,1,1,0,0
Patches_ICSE__Dsame__SimFix__Chart__patch1-Chart-1-SimFix,Chart-1,1,1,1,2,1,1,1,1,0,1,0
Patches_ICSE__Dsame__SimFix__Chart__patch1-Chart-7-SimFix,Chart-7,1,2,2,4,2,2,1,1,0,0,0
Patches_ICSE__Dsame__SimFix__Closure__patch1-Closure-62-SimFix,Closure-62,1,1,1,2,1,1,1,1,0,0,0
Patches_ICSE__Dsame__SimFix__Closure__patch1-Closure-63-SimFix,Closure-63,1,1,1,2,1,1,1,1,0,0,0
Patches_ICSE__Dsame__SimFix__Closure__patch1-Closure-73-SimFix,Closure-73,1,1,1,2,1,1,1,1,0,1,0
Patches_ICSE__Dsame__SimFix__Lang__patch1-Lang-33-SimFix,Lang-33,1,1,1,2,1,1,1,1,0,0,0
Patches_ICSE__Dsame__SimFix__Lang__patch1-Lang-39-SimFix,Lang-39,1,3,0,3,3,0,1,1,0,1,0
Patches_ICSE__Dsame__SimFix__Lang__patch1-Lang-43-SimFix,Lang-43,1,1,0,1,1,0,1,1,0,0,0
Patches_ICSE__Dsame__SimFix__Lang__patch1-Lang-58-SimFix,Lang-58,1,1,2,3,1,2,1,1,0,0,0
Patches_ICSE__Dsame__SimFix__Math__patch1-Math-41-SimFix,Math-41,1,1,1,2,1,1,1,1,0,0,0
Patches_ICSE__Dsame__SimFix__Math__patch1-Math-5-SimFix,Math-5,1,1,1,2,1,1,1,1,0,0,0
Patches_ICSE__Dsame__SimFix__Math__patch1-Math-53-SimFix,Math-53,1,3,0,3,3,0,1,1,0,1,0
Patches_ICSE__Dsame__SimFix__Math__patch1-Math-57-SimFix,Math-57,1,1,1,2,1,1,1,1,0,0,0
Patches_ICSE__Dsame__SimFix__Math__patch1-Math-59-SimFix,Math-59,1,1,1,2,1,1,1,1,0,0,0
Patches_ICSE__Dsame__SimFix__Math__patch1-Math-70-SimFix,Math-70,1,1,1,2,1,1,1,1,0,0,0
Patches_ICSE__Dsame__SimFix__Math__patch1-Math-75-SimFix,Math-75,1,1,1,2,1,1,1,1,0,0,0
Patches_ICSE__Dsame__SimFix__Math__patch1-Math-79-SimFix,Math-79,1,2,2,4,2,2,1,1,0,0,0
Patches_ICSE__Dsame__TBar__Chart__patch1-Chart-1-TBar,Chart-1,1,1,1,2,1,1,1,1,0,1,0
Patches_ICSE__Dsame__TBar__Chart__patch1-Chart-19-TBar,Chart-19,1,6,0,6,6,0,2,1,0,1,0
Patches_ICSE__Dsame__TBar__Chart__patch1-Chart-20-TBar,Chart-20,1,1,1,2,1,1,1,1,0,0,0
Patches_ICSE__Dsame__TBar__Chart__patch1-Chart-24-TBar,Chart-24,1,1,1,2,1,1,1,1,0,0,0
Patches_ICSE__Dsame__TBar__Chart__patch1-Chart-4-TBar,Chart-4,1,2,0,2,2,0,2,1,0,1,0
Patches_ICSE__Dsame__TBar__Chart__patch1-Chart-9-TBar,Chart-9,1,1,1,2,1,1,1,1,0,1,0
Patches_ICSE__Dsame__TBar__Closure__patch1-Closure-62-TBar,Closure-62,1,1,1,2,1,1,1,1,0,0,0
Patches_ICSE__Dsame__TBar__Closure__patch1-Closure-63-TBar,Closure-63,1,1,1,2,1,1,1,1,0,0,0
Patches_ICSE__Dsame__TBar__Closure__patch1-Closure-73-TBar,Closure-73,1,1,1,2,1,1,1,1,0,1,0
Patches_ICSE__Dsame__TBar__Lang__patch1-Lang-57-TBar,Lang-57,1,1,1,2,1,1,1,1,0,0,0
Patches_ICSE__Dsame__TBar__Lang__patch1-Lang-59-TBar,Lang-59,1,1,1,2,1,1,1,1,0,0,0
Patches_ICSE__Dsame__TBar__Math__patch1-Math-5-TBar,Math-5,1,1,1,2,1,1,1,1,0,0,0
Patches_ICSE__Dsame__TBar__Math__patch1-Math-57-TBar,Math-57,1,1,1,2,1,1,1,1,0,0,0
Patches_ICSE__Dsame__TBar__Math__patch1-Math-70-TBar,Math-70,1,1,1,2,1,1,1,1,0,0,0
Patches_ICSE__Dsame__TBar__Math__patch1-Math-75-TBar,Math-75,1,1,1,2,1,1,1,1,0,0,0
Patches_ICSE__Dsame__TBar__Math__patch1-Math-79-TBar,Math-79,1,2,2,4,2,2,1,1,0,0,0
Patches_ICSE__Dsame__TBar__Math__patch1-Math-89-TBar,Math-89,1,4,0,4,4,0,1,1,0,1,0
Patches_ICSE__Dsame__jGenProg__Math__patch1-Math-70-jGenProg,Math-70,1,1,1,2,1,1,1,1,0,0,0
Patches_ICSE__Dsame__jMutRepair__Chart__patch1-Chart-1-jMutRepair,Chart-1,1,1,1,2,1,1,1,1,0,1,0
Patches_ICSE__Dsame__jMutRepair__Closure__patch1-Closure-62-jMutRepair,Closure-62,1,1,1,2,1,1,1,1,0,0,0
Patches_ICSE__Dsame__jMutRepair__Closure__patch1-Closure-63-jMutRepair,Closure-63,1,1,1,2,1,1,1,1,0,0,0
Patches_ICSE__Dsame__jMutRepair__Math__patch1-Math-82-jMutRepair,Math-82,1,1,1,2,1,1,1,1,0,1,0
Patches_ICSE__Dsame__jMutRepair__Math__patch1-Math-85-jMutRepair,Math-85,1,1,1,2,1,1,1,1,0,1,0
Patches_ICSE__Dsame__kPAR__Chart__patch1-Chart-1-kPAR,Chart-1,1,1,1,2,1,1,1,1,0,1,0
Patches_ICSE__Dsame__kPAR__Chart__patch1-Chart-19-kPAR,Chart-19,1,6,0,6,6,0,2,1,0,1,0
Patches_ICSE__Dsame__kPAR__Chart__patch1-Chart-4-kPAR,Chart-4,1,2,0,2,2,0,2,1,0,1,0
Patches_ICSE__Dsame__kPAR__Closure__patch1-Closure-73-kPAR,Closure-73,1,1,1,2,1,1,1,1,0,1,0
Patches_ICSE__Dsame__kPAR__Math__patch1-Math-58-kPAR,Math-58,1,1,1,2,1,1,1,1,0,0,0
Patches_ICSE__Dsame__kPAR__Math__patch1-Math-70-kPAR,Math-70,1,1,1,2,1,1,1,1,0,0,0
Patches_ICSE__Dsame__kPAR__Math__patch1-Math-75-kPAR,Math-75,1,1,1,2,1,1,1,1,0,0,0
Patches_ICSE__Dsame__kPAR__Math__patch1-Math-89-kPAR,Math-89,1,4,0,4,4,0,1,1,0,1,0
Patches_ICSE__Error__patch1-Chart-12-FixMiner-plausible,Chart-12,1,1,1,2,1,1,1,1,0,0,0
Patches_ICSE__Error__patch1-Chart-12-kPAR-plausible,Chart-12,1,1,1,2,1,1,1,1,0,0,0
Patches_ICSE__Error__patch1-Closure-106-SimFix-plausible,Closure-106,1,1,0,1,1,0,1,1,0,0,0
Patches_others__Dcorrect__CapGen__Chart__patch1-Chart-1-CapGen,Chart-1,1,1,1,2,1,1,1,1,0,1,0
Patches_others__Dcorrect__CapGen__Chart__patch1-Chart-11-CapGen,Chart-11,1,1,1,2,1,1,1,1,0,0,0
Patches_others__Dcorrect__CapGen__Chart__patch1-Chart-24-CapGen,Chart-24,1,1,1,2,1,1,1,1,0,0,0
Patches_others__Dcorrect__CapGen__Chart__patch1-Chart-8-CapGen,Chart-8,1,1,1,2,1,1,1,1,0,0,0
Patches_others__Dcorrect__CapGen__Chart__patch2-Chart-11-CapGen,Chart-11,1,1,1,2,1,1,1,1,0,0,0
Patches_others__Dcorrect__CapGen__Lang__patch1-Lang-26-CapGen,Lang-26,1,1,1,2,1,1,1,1,0,0,0
Patches_others__Dcorrect__CapGen__Lang__patch1-Lang-43-CapGen,Lang-43,1,1,0,1,1,0,1,1,0,0,0
Patches_others__Dcorrect__CapGen__Lang__patch1-Lang-57-CapGen,Lang-57,1,1,1,2,1,1,1,1,0,0,0
Patches_others__Dcorrect__CapGen__Lang__patch1-Lang-59-CapGen,Lang-59,1,1,1,2,1,1,1,1,0,0,0
Patches_others__Dcorrect__CapGen__Lang__patch1-Lang-6-CapGen,Lang-6,1,1,1,2,1,1,1,1,0,0,0
Patches_others__Dcorrect__CapGen__Lang__patch2-Lang-43-CapGen,Lang-43,1,1,0,1,1,0,1,1,0,0,0
Patches_others__Dcorrect__CapGen__Lang__patch2-Lang-57-CapGen,Lang-57,1,1,1,2,1,1,1,1,0,0,0
Patches_others__Dcorrect__CapGen__Lang__patch3-Lang-43-CapGen,Lang-43,1,1,0,1,1,0,1,1,0,0,0
Patches_others__Dcorrect__CapGen__Lang__patch3-Lang-57-CapGen,Lang-57,1,1,1,2,1,1,1,1,0,0,0
Patches_others__Dcorrect__CapGen__Math__patch1-Math-30-CapGen,Math-30,1,1,1,2,1,1,1,1,0,0,0
Patches_others__Dcorrect__CapGen__Math__patch1-Math-33-CapGen,Math-33,1,1,1,2,1,1,1,1,0,1,0
Patches_others__Dcorrect__CapGen__Math__patch1-Math-5-CapGen,Math-5,1,1,1,2,1,1,1,1,0,0,0
Patches_others__Dcorrect__CapGen__Math__patch1-Math-53-CapGen,Math-53,1,1,0,1,1,0,1,1,0,1,0
Patches_others__Dcorrect__CapGen__Math__patch1-Math-57-CapGen,Math-57,1,1,1,2,1,1,1,1,0,0,0
Patches_others__Dcorrect__CapGen__Math__patch1-Math-58-CapGen,Math-58,1,2,1,3,2,1,1,1,0,0,0
Patches_others__Dcorrect__CapGen__Math__patch1-Math-59-CapGen,Math-59,1,1,1,2,1,1,1,1,0,0,0
Patches_others__Dcorrect__CapGen__Math__patch1-Math-63-CapGen,Math-63,1,1,1,2,1,1,1,1,0,0,0
Patches_others__Dcorrect__CapGen__Math__patch1-Math-65-CapGen,Math-65,1,1,1,2,1,1,1,1,0,0,0
Patches_others__Dcorrect__CapGen__Math__patch1-Math-70-CapGen,Math-70,1,2,1,3,2,1,1,1,0,0,0
Patches_others__Dcorrect__CapGen__Math__patch1-Math-75-CapGen,Math-75,1,1,1,2,1,1,1,1,0,0,0
Patches_others__Dcorrect__CapGen__Math__patch1-Math-80-CapGen,Math-80,1,1,1,2,1,1,1,1,0,0,1
Patches_others__Dcorrect__CapGen__Math__patch1-Math-85-CapGen,Math-85,1,1,1,2,1,1,1,1,0,1,0
Patches_others__Dcorrect__CapGen__Math__patch2-Math-53-CapGen,Math-53,1,1,0,1,1,0,1,1,0,1,0
Patches_others__Dcorrect__Jaid__Chart__patch1-Chart-1-Jaid,Chart-1,1,1,1,2,1,1,1,1,0,1,0
Patches_others__Dcorrect__Jaid__Chart__patch1-Chart-24-Jaid,Chart-24,1,1,0,1,1,0,1,1,0,0,0
Patches_others__Dcorrect__Jaid__Chart__patch1-Chart-26-Jaid,Chart-26,1,1,1,2,1,1,1,1,0,1,0
Patches_others__Dcorrect__Jaid__Chart__patch1-Chart-9-Jaid,Chart-9,1,1,1,2,1,1,1,1,0,1,0
Patches_others__Dcorrect__Jaid__Chart__patch2-Chart-24-Jaid,Chart-24,1,3,0,3,3,0,1,1,0,1,0
Patches_others__Dcorrect__Jaid__Chart__patch2-Chart-26-Jaid,Chart-26,1,3,0,3,3,0,1,1,0,1,0
Patches_others__Dcorrect__Jaid__Chart__patch2-Chart-9-Jaid,Chart-9,1,1,1,2,1,1,1,1,0,1,0
Patches_others__Dcorrect__Jaid__Chart__patch3-Chart-26-Jaid,Chart-26,1,3,0,3,3,0,1,1,0,1,0
Patches_others__Dcorrect__Jaid__Closure__patch1-Closure-126-Jaid,Closure-126,1,1,1,2,1,1,1,1,0,1,0
Patches_others__Dcorrect__Jaid__Closure__patch1-Closure-18-Jaid,Closure-18,1,1,1,2,1,1,1,1,0,1,0
Patches_others__Dcorrect__Jaid__Closure__patch1-Closure-31-Jaid,Closure-31,1,1,1,2,1,1,1,1,0,0,0
Patches_others__Dcorrect__Jaid__Closure__patch1-Closure-33-Jaid,Closure-33,1,3,0,3,3,0,1,1,0,1,0
Patches_others__Dcorrect__Jaid__Closure__patch1-Closure-40-Jaid,Closure-40,1,1,1,2,1,1,1,1,0,0,0
Patches_others__Dcorrect__Jaid__Closure__patch1-Closure-62-Jaid,Closure-62,1,1,1,2,1,1,1,1,0,0,0
Patches_others__Dcorrect__Jaid__Closure__patch1-Closure-63-Jaid,Closure-63,1,1,1,2,1,1,1,1,0,0,0
Patches_others__Dcorrect__Jaid__Closure__patch1-Closure-70-Jaid,Closure-70,1,1,1,2,1,1,1,1,0,0,0
Patches_others__Dcorrect__Jaid__Closure__patch1-Closure-73-Jaid,Closure-73,1,1,1,2,1,1,1,1,0,1,0
Patches_others__Dcorrect__Jaid__Lang__patch1-Lang-33-Jaid,Lang-33,1,4,0,4,3,0,1,1,0,1,0
Patches_others__Dcorrect__Jaid__Lang__patch1-Lang-38-Jaid,Lang-38,1,1,0,1,1,0,1,1,0,0,0
Patches_others__Dcorrect__Jaid__Lang__patch1-Lang-45-Jaid,Lang-45,1,6,0,6,3,0,1,1,0,1,0
Patches_others__Dcorrect__Jaid__Lang__patch1-Lang-51-Jaid,Lang-51,1,3,0,3,3,0,1,1,0,1,0
Patches_others__Dcorrect__Jaid__Lang__patch1-Lang-55-Jaid,Lang-55,1,2,0,2,2,0,1,1,0,1,0
Patches_others__Dcorrect__Jaid__Lang__patch2-Lang-33-Jaid,Lang-33,1,6,1,7,5,1,1,1,0,1,0
Patches_others__Dcorrect__Jaid__Lang__patch2-Lang-38-Jaid,Lang-38,1,1,0,1,1,0,1,1,0,0,0
Patches_others__Dcorrect__Jaid__Lang__patch2-Lang-51-Jaid,Lang-51,1,4,0,4,3,0,1,1,0,1,0
Patches_others__Dcorrect__Jaid__Lang__patch3-Lang-38-Jaid,Lang-38,1,3,0,3,3,0,1,1,0,1,0
Patches_others__Dcorrect__Jaid__Lang__patch3-Lang-51-Jaid,Lang-51,1,3,0,3,3,0,1,1,0,1,0
Patches_others__Dcorrect__Jaid__Lang__patch4-Lang-38-Jaid,Lang-38,1,3,0,3,3,0,1,1,0,1,0
Patches_others__Dcorrect__Jaid__Lang__patch4-Lang-51-Jaid,Lang-51,1,3,0,3,3,0,1,1,0,1,0
Patches_others__Dcorrect__Jaid__Lang__patch5-Lang-51-Jaid,Lang-51,1,3,0,3,3,0,1,1,0,1,0
Patches_others__Dcorrect__Jaid__Lang__patch6-Lang-51-Jaid,Lang-51,1,3,0,3,3,0,1,1,0,1,0
Patches_others__Dcorrect__Jaid__Math__patch1-Math-32-Jaid,Math-32,1,1,1,2,1,1,1,1,0,1,0
Patches_others__Dcorrect__Jaid__Math__patch1-Math-5-Jaid,Math-5,1,3,1,4,3,0,1,1,0,1,0
Patches_others__Dcorrect__Jaid__Math__patch1-Math-50-Jaid,Math-50,1,1,1,2,1,1,1,1,0,1,0
Patches_others__Dcorrect__Jaid__Math__patch1-Math-53-Jaid,Math-53,1,3,0,3,3,0,1,1,0,1,0
Patches_others__Dcorrect__Jaid__Math__patch1-Math-80-Jaid,Math-80,1,3,0,3,3,0,1,1,0,1,1
Patches_others__Dcorrect__Jaid__Math__patch1-Math-82-Jaid,Math-82,1,1,1,2,1,1,1,1,0,1,0
Patches_others__Dcorrect__Jaid__Math__patch1-Math-85-Jaid,Math-85,1,1,1,2,1,1,1,1,0,1,0
Patches_others__Dcorrect__Jaid__Math__patch2-Math-5-Jaid,Math-5,1,3,0,3,3,0,1,1,0,1,0
Patches_others__Dcorrect__Jaid__Math__patch2-Math-53-Jaid,Math-53,1,3,0,3,3,0,1,1,0,1,0
Patches_others__Dcorrect__Jaid__Math__patch2-Math-80-Jaid,Math-80,1,1,0,1,1,0,1,1,0,0,1
Patches_others__Dcorrect__Jaid__Math__patch3-Math-5-Jaid,Math-5,1,3,0,3,3,0,1,1,0,1,0
Patches_others__Dcorrect__SOFix__Chart__patch1-Chart-1-SOFix,Chart-1,1,1,1,2,1,1,1,1,0,1,0
Patches_others__Dcorrect__SOFix__Chart__patch1-Chart-11-SOFix,Chart-11,1,1,1,2,1,1,1,1,0,0,0
Patches_others__Dcorrect__SOFix__Chart__patch1-Chart-24-SOFix,Chart-24,1,1,1,2,1,1,1,1,0,0,0
Patches_others__Dcorrect__SOFix__Chart__patch1-Chart-26-SOFix,Chart-26,1,2,0,2,2,0,1,1,0,1,0
Patches_others__Dcorrect__SOFix__Chart__patch1-Chart-4-SOFix,Chart-4,1,2,1,3,2,0,2,1,0,1,0
Patches_others__Dcorrect__SOFix__Lang__patch1-Lang-51-SOFix,Lang-51,1,1,0,1,1,0,1,1,0,0,0
Patches_others__Dcorrect__SOFix__Lang__patch1-Lang-59-SOFix,Lang-59,1,1,1,2,1,1,1,1,0,0,0
Patches_others__Dcorrect__SOFix__Lang__patch1-Lang-6-SOFix,Lang-6,1,1,1,2,1,1,1,1,0,0,0
Patches_others__Dcorrect__SOFix__Math__patch1-Math-2-SOFix,Math-2,1,1,1,2,1,1,1,1,0,0,0
Patches_others__Dcorrect__SOFix__Math__patch1-Math-33-SOFix,Math-33,1,1,1,2,1,1,1,1,0,1,0
Patches_others__Dcorrect__SOFix__Math__patch1-Math-34-SOFix,Math-34,1,1,1,2,1,1,1,1,0,0,0
Patches_others__Dcorrect__SOFix__Math__patch1-Math-5-SOFix,Math-5,1,1,1,2,1,1,1,1,0,0,0
Patches_others__Dcorrect__SOFix__Math__patch1-Math-50-SOFix,Math-50,1,1,4,5,0,4,1,1,1,0,0
Patches_others__Dcorrect__SOFix__Math__patch1-Math-57-SOFix,Math-57,1,1,1,2,1,1,1,1,0,0,0
Patches_others__Dcorrect__SOFix__Math__patch1-Math-58-SOFix,Math-58,1,1,1,2,1,1,1,1,0,0,0
Patches_others__Dcorrect__SOFix__Math__patch1-Math-59-SOFix,Math-59,1,1,1,2,1,1,1,1,0,0,0
Patches_others__Dcorrect__SOFix__Math__patch1-Math-70-SOFix,Math-70,1,2,1,3,2,1,1,1,0,0,0
Patches_others__Dcorrect__SOFix__Math__patch1-Math-75-SOFix,Math-75,1,1,1,2,1,1,1,1,0,0,0
Patches_others__Dcorrect__SOFix__Math__patch1-Math-80-SOFix,Math-80,1,1,1,2,1,1,1,1,0,0,1
Patches_others__Dcorrect__SOFix__Math__patch1-Math-82-SOFix,Math-82,1,1,1,2,1,1,1,1,0,1,0
Patches_others__Dcorrect__SOFix__Math__patch1-Math-85-SOFix,Math-85,1,1,1,2,1,1,1,1,0,1,0
Patches_others__Dcorrect__SOFix__Time__patch1-Time-19-SOFix,Time-19,1,1,1,2,1,1,1,1,0,1,0
Patches_others__Dcorrect__SequenceR__Chart__patch1-Chart-1-SequenceR,Chart-1,1,1,1,2,1,1,1,1,0,1,0
Patches_others__Dcorrect__SequenceR__Chart__patch1-Chart-11-SequenceR,Chart-11,1,1,1,2,1,1,1,1,0,0,0
Patches_others__Dcorrect__SequenceR__Chart__patch1-Chart-9-SequenceR,Chart-9,1,1,1,2,1,1,1,1,0,1,0
Patches_others__Dcorrect__SequenceR__Closure__patch1-Closure-18-SequenceR,Closure-18,1,1,1,2,1,1,1,1,0,1,0
Patches_others__Dcorrect__SequenceR__Closure__patch1-Closure-73-SequenceR,Closure-73,1,1,1,2,1,1,1,1,0,1,0
Patches_others__Dcorrect__SequenceR__Closure__patch1-Closure-86-SequenceR,Closure-86,1,1,1,2,1,1,1,1,0,0,0
Patches_others__Dcorrect__SequenceR__Closure__patch2-Closure-73-SequenceR,Closure-73,1,1,1,2,1,1,1,1,0,1,0
Patches_others__Dcorrect__SequenceR__Lang__patch1-Lang-59-SequenceR,Lang-59,1,1,1,2,1,1,1,1,0,0,0
Patches_others__Dcorrect__SequenceR__Lang__patch1-Lang-6-SequenceR,Lang-6,1,1,1,2,1,1,1,1,0,0,0
Patches_others__Dcorrect__SequenceR__Math__patch1-Math-30-SequenceR,Math-30,1,1,1,2,1,1,1,1,0,0,0
Patches_others__Dcorrect__SequenceR__Math__patch1-Math-5-SequenceR,Math-5,1,1,1,2,1,1,1,1,0,0,0
Patches_others__Dcorrect__SequenceR__Math__patch1-Math-57-SequenceR,Math-57,1,1,1,2,1,1,1,1,0,0,0
Patches_others__Dcorrect__SequenceR__Math__patch1-Math-58-SequenceR,Math-58,1,1,1,2,1,1,1,1,0,0,0
Patches_others__Dcorrect__SequenceR__Math__patch1-Math-75-SequenceR,Math-75,1,1,1,2,1,1,1,1,0,0,0
Patches_others__Dcorrect__SequenceR__Math__patch1-Math-82-SequenceR,Math-82,1,1,1,2,1,1,1,1,0,1,0
Patches_others__Dcorrect__SequenceR__Math__patch1-Math-85-SequenceR,Math-85,1,1,1,2,1,1,1,1,0,1,0
Patches_others__Dcorrect__SequenceR__Math__patch2-Math-82-SequenceR,Math-82,1,1,1,2,1,1,1,1,0,1,0
Patches_others__Dcorrect__SketchFix__Chart__patch1-Chart-1-SketchFix,Chart-1,1,1,1,2,1,1,1,1,0,1,0
Patches_others__Dcorrect__SketchFix__Chart__patch1-Chart-11-SketchFix,Chart-11,1,1,1,2,1,1,1,1,0,0,0
Patches_others__Dcorrect__SketchFix__Chart__patch1-Chart-20-SketchFix,Chart-20,1,1,1,2,1,1,1,1,0,0,0
Patches_others__Dcorrect__SketchFix__Chart__patch1-Chart-24-SketchFix,Chart-24,1,1,1,2,1,1,1,1,0,0,0
Patches_others__Dcorrect__SketchFix__Chart__patch1-Chart-8-SketchFix,Chart-8,1,1,1,2,1,1,1,1,0,0,0
Patches_others__Dcorrect__SketchFix__Chart__patch1-Chart-9-SketchFix,Chart-9,1,1,1,2,1,1,1,1,0,1,0
Patches_others__Dcorrect__SketchFix__Closure__patch1-Closure-126-SketchFix,Closure-126,1,1,1,2,1,1,1,1,0,1,0
Patches_others__Dcorrect__SketchFix__Closure__patch1-Closure-14-SketchFix,Closure-14,1,1,1,2,1,1,1,1,0,0,0
Patches_others__Dcorrect__SketchFix__Lang__patch1-Lang-59-SketchFix,Lang-59,1,1,1,2,1,1,1,1,0,0,0
Patches_others__Dcorrect__SketchFix__Lang__patch1-Lang-6-SketchFix,Lang-6,1,1,1,2,1,1,1,1,0,0,0
Patches_others__Dcorrect__SketchFix__Math__patch1-Math-33-SketchFix,Math-33,1,1,1,2,1,1,1,1,0,1,0
Patches_others__Dcorrect__SketchFix__Math__patch1-Math-5-SketchFix,Math-5,1,1,1,2,1,1,1,1,0,0,0
Patches_others__Dcorrect__SketchFix__Math__patch1-Math-50-SketchFix,Math-50,1,0,4,4,0,4,1,1,1,0,0
Patches_others__Dcorrect__SketchFix__Math__patch1-Math-59-SketchFix,Math-59,1,1,1,2,1,1,1,1,0,0,0
Patches_others__Dcorrect__SketchFix__Math__patch1-Math-70-SketchFix,Math-70,1,1,1,2,1,1,1,1,0,0,0
Patches_others__Dcorrect__SketchFix__Math__patch1-Math-82-SketchFix,Math-82,1,1,1,2,1,1,1,1,0,1,0
Patches_others__Doverfitting__CapGen__Lang__patch1-Lang-43-CapGen-plausible,Lang-43,1,1,0,1,1,0,1,1,0,0,0
Patches_others__Doverfitting__CapGen__Lang__patch1-Lang-59-CapGen-plausible,Lang-59,1,1,1,2,1,1,1,1,0,0,0
Patches_others__Doverfitting__CapGen__Lang__patch10-Lang-59-CapGen-plausible,Lang-59,1,2,1,3,2,1,1,1,0,0,0
Patches_others__Doverfitting__CapGen__Lang__patch11-Lang-59-CapGen-plausible,Lang-59,1,2,1,3,2,1,1,1,0,0,0
Patches_others__Doverfitting__CapGen__Lang__patch12-Lang-59-CapGen-plausible,Lang-59,1,2,1,3,2,1,1,1,0,1,0
Patches_others__Doverfitting__CapGen__Lang__patch13-Lang-59-CapGen-plausible,Lang-59,1,2,1,3,2,1,1,1,0,1,0
Patches_others__Doverfitting__CapGen__Lang__patch2-Lang-59-CapGen-plausible,Lang-59,1,1,1,2,1,1,1,1,0,0,0
Patches_others__Doverfitting__CapGen__Lang__patch3-Lang-59-CapGen-plausible,Lang-59,1,2,1,3,2,1,1,1,0,1,0
Patches_others__Doverfitting__CapGen__Lang__patch4-Lang-59-CapGen-plausible,Lang-59,1,2,1,3,2,1,1,1,0,0,0
Patches_others__Doverfitting__CapGen__Lang__patch5-Lang-59-CapGen-plausible,Lang-59,1,2,1,3,2,1,1,1,0,0,0
Patches_others__Doverfitting__CapGen__Lang__patch6-Lang-59-CapGen-plausible,Lang-59,1,2,1,3,2,1,1,1,0,0,0
Patches_others__Doverfitting__CapGen__Lang__patch7-Lang-59-CapGen-plausible,Lang-59,1,2,1,3,2,1,1,1,0,1,0
Patches_others__Doverfitting__CapGen__Lang__patch8-Lang-59-CapGen-plausible,Lang-59,1,1,1,2,1,1,1,1,0,0,0
Patches_others__Doverfitting__CapGen__Lang__patch9-Lang-59-CapGen-plausible,Lang-59,1,1,1,2,1,1,1,1,0,0,0
Patches_others__Doverfitting__CapGen__Math__patch1-Math-5-CapGen-plausible,Math-5,1,1,1,2,1,1,1,1,0,1,0
Patches_others__Doverfitting__CapGen__Math__patch1-Math-63-CapGen-plausible,Math-63,1,1,1,2,1,1,1,1,0,0,0
Patches_others__Doverfitting__CapGen__Math__patch1-Math-80-CapGen-plausible,Math-80,1,1,1,2,1,1,1,1,0,0,1
Patches_others__Doverfitting__CapGen__Math__patch1-Math-85-CapGen-plausible,Math-85,1,1,1,2,1,1,1,1,0,1,0
Patches_others__Doverfitting__CapGen__Math__patch10-Math-80-CapGen-plausible,Math-80,1,1,1,2,1,1,1,1,0,0,0
Patches_others__Doverfitting__CapGen__Math__patch2-Math-5-CapGen-plausible,Math-5,1,1,1,2,1,1,1,1,0,1,0
Patches_others__Doverfitting__CapGen__Math__patch2-Math-63-CapGen-plausible,Math-63,1,1,1,2,1,1,1,1,0,0,0
Patches_others__Doverfitting__CapGen__Math__patch2-Math-80-CapGen-plausible,Math-80,1,1,1,2,1,1,1,1,0,0,1
Patches_others__Doverfitting__CapGen__Math__patch2-Math-85-CapGen-plausible,Math-85,1,1,1,2,1,1,1,1,0,1,0
Patches_others__Doverfitting__CapGen__Math__patch3-Math-5-CapGen-plausible,Math-5,1,1,1,2,1,1,1,1,0,1,0
Patches_others__Doverfitting__CapGen__Math__patch3-Math-63-CapGen-plausible,Math-63,1,1,1,2,1,1,1,1,0,0,0
Patches_others__Doverfitting__CapGen__Math__patch3-Math-80-CapGen-plausible,Math-80,1,1,1,2,1,1,1,1,0,0,1
Patches_others__Doverfitting__CapGen__Math__patch3-Math-85-CapGen-plausible,Math-85,1,1,1,2,1,1,1,1,0,1,0
Patches_others__Doverfitting__CapGen__Math__patch4-Math-63-CapGen-plausible,Math-63,1,1,1,2,1,1,1,1,0,0,0
Patches_others__Doverfitting__CapGen__Math__patch4-Math-80-CapGen-plausible,Math-80,1,1,1,2,1,1,1,1,0,0,0
Patches_others__Doverfitting__CapGen__Math__patch5-Math-63-CapGen-plausible,Math-63,1,1,1,2,1,1,1,1,0,0,0
Patches_others__Doverfitting__CapGen__Math__patch5-Math-80-CapGen-plausible,Math-80,1,1,1,2,1,1,1,1,0,0,0
Patches_others__Doverfitting__CapGen__Math__patch6-Math-63-CapGen-plausible,Math-63,1,1,1,2,1,1,1,1,0,0,0
Patches_others__Doverfitting__CapGen__Math__patch6-Math-80-CapGen-plausible,Math-80,1,1,1,2,1,1,1,1,0,0,0
Patches_others__Doverfitting__CapGen__Math__patch7-Math-63-CapGen-plausible,Math-63,1,1,1,2,1,1,1,1,0,0,0
Patches_others__Doverfitting__CapGen__Math__patch7-Math-80-CapGen-plausible,Math-80,1,1,1,2,1,1,1,1,0,0,1
Patches_others__Doverfitting__CapGen__Math__patch8-Math-63-CapGen-plausible,Math-63,1,1,1,2,1,1,1,1,0,0,0
Patches_others__Doverfitting__CapGen__Math__patch8-Math-80-CapGen-plausible,Math-80,1,1,1,2,1,1,1,1,0,0,1
Patches_others__Doverfitting__CapGen__Math__patch9-Math-80-CapGen-plausible,Math-80,1,1,1,2,1,1,1,1,0,0,0
Patches_others__Doverfitting__Jaid__Chart__patch1-Chart-1-Jaid-plausible,Chart-1,1,2,0,2,2,0,1,1,0,1,0
Patches_others__Doverfitting__Jaid__Chart__patch1-Chart-26-Jaid-plausible,Chart-26,1,1,0,1,1,0,1,1,0,0,0
Patches_others__Doverfitting__Jaid__Chart__patch1-Chart-9-Jaid-plausible,Chart-9,1,4,0,4,3,0,1,1,0,1,0
Patches_others__Doverfitting__Jaid__Chart__patch2-Chart-1-Jaid-plausible,Chart-1,1,1,1,2,1,1,1,1,0,1,0
Patches_others__Doverfitting__Jaid__Chart__patch2-Chart-26-Jaid-plausible,Chart-26,1,1,1,2,1,1,1,1,0,1,0
Patches_others__Doverfitting__Jaid__Chart__patch2-Chart-9-Jaid-plausible,Chart-9,1,3,0,3,3,0,1,1,0,1,0
Patches_others__Doverfitting__Jaid__Chart__patch3-Chart-1-Jaid-plausible,Chart-1,1,2,0,2,2,0,1,1,0,1,0
Patches_others__Doverfitting__Jaid__Chart__patch3-Chart-9-Jaid-plausible,Chart-9,1,3,0,3,3,0,1,1,0,1,0
Patches_others__Doverfitting__Jaid__Closure__patch1-Closure-33-Jaid-plausible,Closure-33,1,3,0,3,3,0,1,1,0,1,0
Patches_others__Doverfitting__Jaid__Closure__patch1-Closure-62-Jaid-plausible,Closure-62,1,1,1,2,1,1,1,1,0,0,0
Patches_others__Doverfitting__Jaid__Closure__patch1-Closure-63-Jaid-plausible,Closure-63,1,1,1,2,1,1,1,1,0,0,0
Patches_others__Doverfitting__Jaid__Closure__patch2-Closure-33-Jaid-plausible,Closure-33,1,3,0,3,3,0,1,1,0,1,0
Patches_others__Doverfitting__Jaid__Lang__patch1-Lang-45-Jaid-plausible,Lang-45,1,5,0,5,4,0,1,1,0,1,0
Patches_others__Doverfitting__Jaid__Lang__patch1-Lang-51-Jaid-plausible,Lang-51,1,3,0,3,3,0,1,1,0,1,0
Patches_others__Doverfitting__Jaid__Lang__patch1-Lang-55-Jaid-plausible,Lang-55,1,3,0,3,3,0,1,1,0,1,0
Patches_others__Doverfitting__Jaid__Lang__patch1-Lang-61-Jaid-plausible,Lang-61,1,1,1,2,1,1,1,1,0,1,0
Patches_others__Doverfitting__Jaid__Lang__patch2-Lang-45-Jaid-plausible,Lang-45,1,5,0,5,4,0,1,1,0,1,0
Patches_others__Doverfitting__Jaid__Lang__patch2-Lang-51-Jaid-plausible,Lang-51,1,3,0,3,3,0,1,1,0,1,0
Patches_others__Doverfitting__Jaid__Lang__patch2-Lang-55-Jaid-plausible,Lang-55,1,4,0,4,4,0,1,1,0,1,0
Patches_others__Doverfitting__Jaid__Lang__patch2-Lang-61-Jaid-plausible,Lang-61,1,1,1,2,1,1,1,1,0,1,0
Patches_others__Doverfitting__Jaid__Lang__patch3-Lang-51-Jaid-plausible,Lang-51,1,4,0,4,3,0,1,1,0,1,0
Patches_others__Doverfitting__Jaid__Lang__patch3-Lang-55-Jaid-plausible,Lang-55,1,3,0,3,3,0,1,1,0,1,0
Patches_others__Doverfitting__Jaid__Math__patch1-Math-32-Jaid-plausible,Math-32,1,1,1,2,1,1,1,1,0,1,0
Patches_others__Doverfitting__Jaid__Math__patch1-Math-50-Jaid-plausible,Math-50,1,4,0,4,4,0,1,1,0,1,0
Patches_others__Doverfitting__Jaid__Math__patch1-Math-53-Jaid-plausible,Math-53,1,3,0,3,3,0,1,1,0,1,0
Patches_others__Doverfitting__Jaid__Math__patch1-Math-80-Jaid-plausible,Math-80,1,3,0,3,3,0,1,1,0,1,1
Patches_others__Doverfitting__Jaid__Math__patch1-Math-82-Jaid-plausible,Math-82,1,4,0,4,4,0,1,1,0,1,0
Patches_others__Doverfitting__Jaid__Math__patch1-Math-85-Jaid-plausible,Math-85,1,1,1,2,1,1,1,1,0,1,0
Patches_others__Doverfitting__Jaid__Math__patch2-Math-53-Jaid-plausible,Math-53,1,3,0,3,3,0,1,1,0,1,0
Patches_others__Doverfitting__Jaid__Math__patch2-Math-80-Jaid-plausible,Math-80,1,3,0,3,3,0,1,1,0,1,1
Patches_others__Doverfitting__Jaid__Math__patch2-Math-82-Jaid-plausible,Math-82,1,3,0,3,3,0,1,1,0,1,0
Patches_others__Doverfitting__Jaid__Math__patch2-Math-85-Jaid-plausible,Math-85,1,1,1,2,1,1,1,1,0,1,0
Patches_others__Doverfitting__Jaid__Math__patch3-Math-50-Jaid-plausible,Math-50,1,2,0,2,2,0,1,1,0,1,0
Patches_others__Doverfitting__Jaid__Math__patch3-Math-53-Jaid-plausible,Math-53,1,4,0,4,3,0,1,1,0,1,0
Patches_others__Doverfitting__Jaid__Math__patch3-Math-80-Jaid-plausible,Math-80,1,3,0,3,3,0,1,1,0,1,1
Patches_others__Doverfitting__Jaid__Math__patch3-Math-82-Jaid-plausible,Math-82,1,1,1,2,1,1,1,1,0,1,0
Patches_others__Doverfitting__Jaid__Math__patch3-Math-85-Jaid-plausible,Math-85,1,1,1,2,1,1,1,1,0,1,0
Patches_others__Doverfitting__Jaid__Math__patch4-Math-82-Jaid-plausible,Math-82,1,2,0,2,2,0,1,1,0,1,0
Patches_others__Doverfitting__Jaid__Math__patch4-Math-85-Jaid-plausible,Math-85,1,1,1,2,1,1,1,1,0,1,0
Patches_others__Doverfitting__SOFix__Math__patch1-Math-2-SOFix-plausible,Math-2,1,1,1,2,1,1,1,1,0,1,0
Patches_others__Doverfitting__SOFix__Math__patch2-Math-2-SOFix-plausible,Math-2,1,1,1,2,1,1,1,1,0,1,0
Patches_others__Doverfitting__SequenceR__Chart__patch2-Chart-1-SequenceR,Chart-1,1,1,1,2,1,1,1,1,0,1,0
Patches_others__Doverfitting__SequenceR__Chart__patch3-Chart-1-SequenceR,Chart-1,1,1,1,2,1,1,1,1,0,1,0
Patches_others__Doverfitting__SequenceR__Chart__patch4-Chart-1-SequenceR,Chart-1,1,1,1,2,1,1,1,1,0,1,0
Patches_others__Doverfitting__SequenceR__Closure__patch1-Closure-123-SequenceR,Closure-123,1,1,1,2,1,1,1,1,0,0,0
Patches_others__Doverfitting__SequenceR__Closure__patch1-Closure-18-SequenceR,Closure-18,1,1,1,2,1,1,1,1,0,1,0
Patches_others__Doverfitting__SequenceR__Closure__patch1-Closure-38-SequenceR,Closure-38,1,1,1,2,1,1,1,1,0,1,0
Patches_others__Doverfitting__SequenceR__Closure__patch1-Closure-73-SequenceR,Closure-73,1,1,1,2,1,1,1,1,0,1,0
Patches_others__Doverfitting__SequenceR__Closure__patch1-Closure-92-SequenceR,Closure-92,1,1,1,2,1,1,1,1,0,0,0
Patches_others__Doverfitting__SequenceR__Closure__patch1-Closure-93-SequenceR,Closure-93,1,1,1,2,1,1,1,1,0,0,0
Patches_others__Doverfitting__SequenceR__Closure__patch10-Closure-92-SequenceR,Closure-92,1,1,1,2,1,1,1,1,0,0,0
Patches_others__Doverfitting__SequenceR__Closure__patch10-Closure-93-SequenceR,Closure-93,1,1,1,2,1,1,1,1,0,0,0
Patches_others__Doverfitting__SequenceR__Closure__patch2-Closure-38-SequenceR,Closure-38,1,1,1,2,1,1,1,1,0,1,0
Patches_others__Doverfitting__SequenceR__Closure__patch2-Closure-86-SequenceR,Closure-86,1,1,1,2,1,1,1,1,0,0,0
Patches_others__Doverfitting__SequenceR__Closure__patch2-Closure-92-SequenceR,Closure-92,1,1,1,2,1,1,1,1,0,0,0
Patches_others__Doverfitting__SequenceR__Closure__patch2-Closure-93-SequenceR,Closure-93,1,1,1,2,1,1,1,1,0,0,0
Patches_others__Doverfitting__SequenceR__Closure__patch3-Closure-18-SequenceR,Closure-18,1,1,1,2,1,1,1,1,0,1,0
Patches_others__Doverfitting__SequenceR__Closure__patch3-Closure-38-SequenceR,Closure-38,1,1,1,2,1,1,1,1,0,1,0
Patches_others__Doverfitting__SequenceR__Closure__patch3-Closure-86-SequenceR,Closure-86,1,1,1,2,1,1,1,1,0,0,0
Patches_others__Doverfitting__SequenceR__Closure__patch3-Closure-92-SequenceR,Closure-92,1,1,1,2,1,1,1,1,0,0,0
Patches_others__Doverfitting__SequenceR__Closure__patch3-Closure-93-SequenceR,Closure-93,1,1,1,2,1,1,1,1,0,0,0
Patches_others__Doverfitting__SequenceR__Closure__patch4-Closure-18-SequenceR,Closure-18,1,1,1,2,1,1,1,1,0,1,0
Patches_others__Doverfitting__SequenceR__Closure__patch4-Closure-86-SequenceR,Closure-86,1,1,1,2,1,1,1,1,0,0,0
Patches_others__Doverfitting__SequenceR__Closure__patch4-Closure-92-SequenceR,Closure-92,1,1,1,2,1,1,1,1,0,0,0
Patches_others__Doverfitting__SequenceR__Closure__patch4-Closure-93-SequenceR,Closure-93,1,1,1,2,1,1,1,1,0,0,0
Patches_others__Doverfitting__SequenceR__Closure__patch5-Closure-18-SequenceR,Closure-18,1,1,1,2,1,1,1,1,0,1,0
Patches_others__Doverfitting__SequenceR__Closure__patch5-Closure-86-SequenceR,Closure-86,1,1,1,2,1,1,1,1,0,0,0
Patches_others__Doverfitting__SequenceR__Closure__patch5-Closure-92-SequenceR,Closure-92,1,1,1,2,1,1,1,1,0,0,0
Patches_others__Doverfitting__SequenceR__Closure__patch5-Closure-93-SequenceR,Closure-93,1,1,1,2,1,1,1,1,0,0,0
Patches_others__Doverfitting__SequenceR__Closure__patch6-Closure-92-SequenceR,Closure-92,1,1,1,2,1,1,1,1,0,0,0
Patches_others__Doverfitting__SequenceR__Closure__patch6-Closure-93-SequenceR,Closure-93,1,1,1,2,1,1,1,1,0,0,0
Patches_others__Doverfitting__SequenceR__Closure__patch7-Closure-92-SequenceR,Closure-92,1,1,1,2,1,1,1,1,0,0,0
Patches_others__Doverfitting__SequenceR__Closure__patch8-Closure-92-SequenceR,Closure-92,1,1,1,2,1,1,1,1,0,0,0
Patches_others__Doverfitting__SequenceR__Closure__patch8-Closure-93-SequenceR,Closure-93,1,1,1,2,1,1,1,1,0,0,0
Patches_others__Doverfitting__SequenceR__Closure__patch9-Closure-92-SequenceR,Closure-92,1,1,1,2,1,1,1,1,0,0,0
Patches_others__Doverfitting__SequenceR__Closure__patch9-Closure-93-SequenceR,Closure-93,1,1,1,2,1,1,1,1,0,0,0
Patches_others__Doverfitting__SequenceR__Lang__patch2-Lang-6-SequenceR,Lang-6,1,1,1,2,1,1,1,1,0,0,0
Patches_others__Doverfitting__SequenceR__Math__patch1-Math-59-SequenceR,Math-59,1,1,1,2,1,1,1,1,0,0,0
Patches_others__Doverfitting__SequenceR__Math__patch1-Math-63-SequenceR,Math-63,1,1,1,2,1,1,1,1,0,0,0
Patches_others__Doverfitting__SequenceR__Math__patch1-Math-80-SequenceR,Math-80,1,1,1,2,1,1,1,1,0,0,0
Patches_others__Doverfitting__SequenceR__Math__patch10-Math-85-SequenceR,Math-85,1,1,1,2,1,1,1,1,0,1,0
Patches_others__Doverfitting__SequenceR__Math__patch11-Math-85-SequenceR,Math-85,1,1,1,2,1,1,1,1,0,1,0
Patches_others__Doverfitting__SequenceR__Math__patch12-Math-85-SequenceR,Math-85,1,1,1,2,1,1,1,1,0,1,0
Patches_others__Doverfitting__SequenceR__Math__patch13-Math-85-SequenceR,Math-85,1,1,1,2,1,1,1,1,0,1,0
Patches_others__Doverfitting__SequenceR__Math__patch14-Math-85-SequenceR,Math-85,1,1,1,2,1,1,1,1,0,1,0
Patches_others__Doverfitting__SequenceR__Math__patch15-Math-85-SequenceR,Math-85,1,1,1,2,1,1,1,1,0,1,0
Patches_others__Doverfitting__SequenceR__Math__patch16-Math-85-SequenceR,Math-85,1,1,1,2,1,1,1,1,0,1,0
Patches_others__Doverfitting__SequenceR__Math__patch17-Math-85-SequenceR,Math-85,1,1,1,2,1,1,1,1,0,1,0
Patches_others__Doverfitting__SequenceR__Math__patch2-Math-85-SequenceR,Math-85,1,1,1,2,1,1,1,1,0,1,0
Patches_others__Doverfitting__SequenceR__Math__patch3-Math-82-SequenceR,Math-82,1,1,1,2,1,1,1,1,0,1,0
Patches_others__Doverfitting__SequenceR__Math__patch3-Math-85-SequenceR,Math-85,1,1,1,2,1,1,1,1,0,1,0
Patches_others__Doverfitting__SequenceR__Math__patch4-Math-85-SequenceR,Math-85,1,1,1,2,1,1,1,1,0,1,0
Patches_others__Doverfitting__SequenceR__Math__patch5-Math-85-SequenceR,Math-85,1,1,1,2,1,1,1,1,0,1,0
Patches_others__Doverfitting__SequenceR__Math__patch6-Math-85-SequenceR,Math-85,1,1,1,2,1,1,1,1,0,1,0
Patches_others__Doverfitting__SequenceR__Math__patch7-Math-85-SequenceR,Math-85,1,1,1,2,1,1,1,1,0,1,0
Patches_others__Doverfitting__SequenceR__Math__patch8-Math-85-SequenceR,Math-85,1,1,1,2,1,1,1,1,0,1,0
Patches_others__Doverfitting__SequenceR__Math__patch9-Math-85-SequenceR,Math-85,1,1,1,2,1,1,1,1,0,1,0
Patches_others__Doverfitting__SketchFix__Chart__patch1-Chart-1-SketchFix-plausible,Chart-1,1,1,1,2,1,1,1,1,0,1,0
Patches_others__Doverfitting__SketchFix__Chart__patch2-Chart-1-SketchFix-plausible,Chart-1,1,2,0,2,2,0,1,1,0,1,0
Patches_others__Doverfitting__SketchFix__Lang__patch1-Lang-6-SketchFix-plausible,Lang-6,1,1,1,2,1,1,1,1,0,0,0
Patches_others__Doverfitting__SketchFix__Lang__patch2-Lang-6-SketchFix-plausible,Lang-6,1,1,1,2,1,1,1,1,0,0,0
Patches_others__Doverfitting__SketchFix__Math__patch1-Math-33-SketchFix-plausible,Math-33,1,2,0,2,2,0,2,1,0,1,0
Patches_others__Doverfitting__SketchFix__Math__patch1-Math-70-SketchFix-plausible,Math-70,1,2,2,4,2,2,2,1,0,1,0
Patches_others__Doverfitting__SketchFix__Math__patch1-Math-82-SketchFix-plausible,Math-82,1,1,1,2,1,1,1,1,0,1,0
Patches_others__Doverfitting__SketchFix__Math__patch2-Math-70-SketchFix-plausible,Math-70,1,2,2,4,2,2,2,1,0,1,0
Patches_others__Doverfitting__SketchFix__Math__patch2-Math-82-SketchFix-plausible,Math-82,1,1,1,2,1,1,1,1,0,1,0
