patch_id,raw_changed_lines,normalized_changed_lines,normalization_applied,verification_status
Patches_ICSE__Ddifferent__ACS__Chart__patch1-Chart-19-ACS,7614,4,True,PASS
Patches_ICSE__Ddifferent__ACS__Lang__patch1-Lang-24-ACS,2,2,False,PASS
Patches_ICSE__Ddifferent__ACS__Lang__patch1-Lang-35-ACS,4,4,False,PASS
Patches_ICSE__Ddifferent__ACS__Lang__patch1-Lang-7-ACS,2,2,False,PASS
Patches_ICSE__Ddifferent__ACS__Math__patch1-Math-25-ACS,2,2,False,PASS
Patches_ICSE__Ddifferent__ACS__Math__patch1-Math-3-ACS,2,2,False,PASS
Patches_ICSE__Ddifferent__ACS__Math__patch1-Math-35-ACS,13,13,False,PASS
Patches_ICSE__Ddifferent__ACS__Math__patch1-Math-5-ACS,2,2,False,PASS
Patches_ICSE__Ddifferent__ACS__Math__patch1-Math-61-ACS,4,4,False,PASS
Patches_ICSE__Ddifferent__ACS__Math__patch1-Math-82-ACS,3,3,False,PASS
Patches_ICSE__Ddifferent__ACS__Math__patch1-Math-85-ACS,3,3,False,PASS
Patches_ICSE__Ddifferent__ACS__Math__patch1-Math-89-ACS,2,2,False,PASS
Patches_ICSE__Ddifferent__ACS__Math__patch1-Math-90-ACS,2,2,False,PASS
Patches_ICSE__Ddifferent__ACS__Math__patch1-Math-99-ACS,4,4,False,PASS
Patches_ICSE__Ddifferent__AVATAR__Chart__patch1-Chart-11-AVATAR,2,2,False,PASS
Patches_ICSE__Ddifferent__AVATAR__Closure__patch1-Closure-115-AVATAR,4,4,False,PASS
Patches_ICSE__Ddifferent__AVATAR__Closure__patch1-Closure-2-AVATAR,5,5,False,PASS
Patches_ICSE__Ddifferent__AVATAR__Closure__patch1-Closure-38-AVATAR,2,2,False,PASS
Patches_ICSE__Ddifferent__AVATAR__Lang__patch1-Lang-10-AVATAR,8,8,False,PASS
Patches_ICSE__Ddifferent__AVATAR__Lang__patch1-Lang-57-AVATAR,2,2,False,PASS
Patches_ICSE__Ddifferent__Arja__Chart__patch1-Chart-12-Arja,3,1,True,PASS
Patches_ICSE__Ddifferent__Arja__Closure__patch1-Closure-115-Arja,1,1,False,PASS
Patches_ICSE__Ddifferent__Arja__Closure__patch1-Closure-126-Arja,8,8,False,PASS
Patches_ICSE__Ddifferent__Arja__Math__patch1-Math-35-Arja,9,7,True,PASS
Patches_ICSE__Ddifferent__Arja__Math__patch1-Math-50-Arja,8,8,False,PASS
Patches_ICSE__Ddifferent__Cardumen__Chart__patch1-Chart-11-Cardumen,2,2,False,PASS
Patches_ICSE__Ddifferent__DynaMoth__Math__patch1-Math-50-DynaMoth,4,4,False,PASS
Patches_ICSE__Ddifferent__FixMiner__Chart__patch1-Chart-11-FixMiner,2,2,False,PASS
Patches_ICSE__Ddifferent__FixMiner__Chart__patch1-Chart-24-FixMiner,2,2,False,PASS
Patches_ICSE__Ddifferent__GenProg__Closure__patch1-Closure-115-GenProg,1,1,False,PASS
Patches_ICSE__Ddifferent__GenProg__Closure__patch1-Closure-126-GenProg,1,1,False,PASS
Patches_ICSE__Ddifferent__Kali__Closure__patch1-Closure-115-Kali,2,2,False,PASS
Patches_ICSE__Ddifferent__Kali__Closure__patch1-Closure-126-Kali,2,2,False,PASS
Patches_ICSE__Ddifferent__Kali__Math__patch1-Math-50-Kali,2,2,False,PASS
Patches_ICSE__Ddifferent__Nopol__Lang__patch1-Lang-46-Nopol,4,4,False,PASS
Patches_ICSE__Ddifferent__RSRepair__Closure__patch1-Closure-115-RSRepair,2,2,False,PASS
Patches_ICSE__Ddifferent__SimFix__Chart__patch1-Chart-20-SimFix,6,6,False,PASS
Patches_ICSE__Ddifferent__SimFix__Closure__patch1-Closure-115-SimFix,7,7,False,PASS
Patches_ICSE__Ddifferent__SimFix__Closure__patch1-Closure-19-SimFix,2,2,False,PASS
Patches_ICSE__Ddifferent__SimFix__Closure__patch1-Closure-6-SimFix,9,9,False,PASS
Patches_ICSE__Ddifferent__SimFix__Closure__patch1-Closure-68-SimFix,8,8,False,PASS
Patches_ICSE__Ddifferent__SimFix__Lang__patch1-Lang-60-SimFix,9,9,False,PASS
Patches_ICSE__Ddifferent__SimFix__Math__patch1-Math-71-SimFix,11,11,False,PASS
Patches_ICSE__Ddifferent__SimFix__Math__patch1-Math-72-SimFix,8,8,False,PASS
Patches_ICSE__Ddifferent__TBar__Chart__patch1-Chart-11-TBar,2,2,False,PASS
Patches_ICSE__Ddifferent__TBar__Lang__patch1-Lang-10-TBar,8,8,False,PASS
Patches_ICSE__Ddifferent__TBar__Lang__patch1-Lang-33-TBar,4,4,False,PASS
Patches_ICSE__Ddifferent__TBar__Lang__patch1-Lang-47-TBar,3,3,False,PASS
Patches_ICSE__Ddifferent__TBar__Lang__patch1-Lang-7-TBar,2,2,False,PASS
Patches_ICSE__Ddifferent__TBar__Math__patch1-Math-11-TBar,2,2,False,PASS
Patches_ICSE__Ddifferent__TBar__Math__patch1-Math-65-TBar,2,2,False,PASS
Patches_ICSE__Ddifferent__jGenProg__Math__patch1-Math-5-jGenProg,64,64,False,PASS
Patches_ICSE__Ddifferent__jGenProg__Math__patch1-Math-53-jGenProg,11,11,False,PASS
Patches_ICSE__Ddifferent__jKali__Closure__patch1-Closure-126-jKali,2,2,False,PASS
Patches_ICSE__Ddifferent__jKali__Lang__patch1-Lang-10-jKali,2,2,False,PASS
Patches_ICSE__Ddifferent__jKali__Lang__patch1-Lang-7-jKali,2,2,False,PASS
Patches_ICSE__Ddifferent__jKali__Math__patch1-Math-50-jKali,6,6,False,PASS
Patches_ICSE__Ddifferent__kPAR__Closure__patch1-Closure-40-kPAR,2,2,False,PASS
Patches_ICSE__Ddifferent__kPAR__Lang__patch1-Lang-7-kPAR,2,2,False,PASS
Patches_ICSE__Doverfitting__ACS__Math__patch1-Math-28-ACS-plausible,2,2,False,PASS
Patches_ICSE__Doverfitting__ACS__Math__patch1-Math-4-ACS-plausible,4,4,False,PASS
Patches_ICSE__Doverfitting__ACS__Math__patch1-Math-73-ACS-plausible,2,2,False,PASS
Patches_ICSE__Doverfitting__ACS__Math__patch1-Math-81-ACS-plausible,3,3,False,PASS
Patches_ICSE__Doverfitting__ACS__Math__patch1-Math-93-ACS-plausible,9,9,False,PASS
Patches_ICSE__Doverfitting__ACS__Math__patch1-Math-97-ACS-plausible,3,3,False,PASS
Patches_ICSE__Doverfitting__AVATAR__Chart__patch1-Chart-13-AVATAR-plausible,4,4,False,PASS
Patches_ICSE__Doverfitting__AVATAR__Chart__patch1-Chart-14-AVATAR-plausible,2,2,False,PASS
Patches_ICSE__Doverfitting__AVATAR__Chart__patch1-Chart-15-AVATAR-plausible,381,379,True,PASS
Patches_ICSE__Doverfitting__AVATAR__Chart__patch1-Chart-25-AVATAR-plausible,44,42,True,PASS
Patches_ICSE__Doverfitting__AVATAR__Chart__patch1-Chart-26-AVATAR-plausible,2,2,False,PASS
Patches_ICSE__Doverfitting__AVATAR__Chart__patch1-Chart-5-AVATAR-plausible,2,2,False,PASS
Patches_ICSE__Doverfitting__AVATAR__Chart__patch1-Chart-7-AVATAR-plausible,2,2,False,PASS
Patches_ICSE__Doverfitting__AVATAR__Closure__patch1-Closure-108-AVATAR-plausible,2,2,False,PASS
Patches_ICSE__Doverfitting__AVATAR__Closure__patch1-Closure-12-AVATAR-plausible,2,2,False,PASS
Patches_ICSE__Doverfitting__AVATAR__Closure__patch1-Closure-126-AVATAR-plausible,2,2,False,PASS
Patches_ICSE__Doverfitting__AVATAR__Closure__patch1-Closure-21-AVATAR-plausible,2,2,False,PASS
Patches_ICSE__Doverfitting__AVATAR__Closure__patch1-Closure-22-AVATAR-plausible,2,2,False,PASS
Patches_ICSE__Doverfitting__AVATAR__Closure__patch1-Closure-45-AVATAR-plausible,5,5,False,PASS
Patches_ICSE__Doverfitting__AVATAR__Closure__patch1-Closure-48-AVATAR-plausible,2,2,False,PASS
Patches_ICSE__Doverfitting__AVATAR__Closure__patch1-Closure-66-AVATAR-plausible,2,2,False,PASS
Patches_ICSE__Doverfitting__AVATAR__Lang__patch1-Lang-13-AVATAR-plausible,18,18,False,PASS
Patches_ICSE__Doverfitting__AVATAR__Lang__patch1-Lang-20-AVATAR-plausible,2,2,False,PASS
Patches_ICSE__Doverfitting__AVATAR__Lang__patch1-Lang-22-AVATAR-plausible,2,2,False,PASS
Patches_ICSE__Doverfitting__AVATAR__Lang__patch1-Lang-27-AVATAR-plausible,2,2,False,PASS
Patches_ICSE__Doverfitting__AVATAR__Lang__patch1-Lang-39-AVATAR-plausible,2,2,False,PASS
Patches_ICSE__Doverfitting__AVATAR__Lang__patch1-Lang-51-AVATAR-plausible,4,4,False,PASS
Patches_ICSE__Doverfitting__AVATAR__Lang__patch1-Lang-58-AVATAR-plausible,1,1,False,PASS
Patches_ICSE__Doverfitting__AVATAR__Lang__patch1-Lang-59-AVATAR-plausible,2,2,False,PASS
Patches_ICSE__Doverfitting__AVATAR__Lang__patch1-Lang-63-AVATAR-plausible,2,2,False,PASS
Patches_ICSE__Doverfitting__AVATAR__Math__patch1-Math-104-AVATAR-plausible,2,2,False,PASS
Patches_ICSE__Doverfitting__AVATAR__Math__patch1-Math-2-AVATAR-plausible,2,2,False,PASS
Patches_ICSE__Doverfitting__AVATAR__Math__patch1-Math-49-AVATAR-plausible,2,2,False,PASS
Patches_ICSE__Doverfitting__AVATAR__Math__patch1-Math-50-AVATAR-plausible,2,2,False,PASS
Patches_ICSE__Doverfitting__AVATAR__Math__patch1-Math-57-AVATAR-plausible,2,2,False,PASS
Patches_ICSE__Doverfitting__AVATAR__Math__patch1-Math-6-AVATAR-plausible,2,2,False,PASS
Patches_ICSE__Doverfitting__AVATAR__Math__patch1-Math-62-AVATAR-plausible,2,2,False,PASS
Patches_ICSE__Doverfitting__AVATAR__Math__patch1-Math-78-AVATAR-plausible,2,2,False,PASS
Patches_ICSE__Doverfitting__AVATAR__Math__patch1-Math-80-AVATAR-plausible,2,2,False,PASS
Patches_ICSE__Doverfitting__AVATAR__Math__patch1-Math-81-AVATAR-plausible,2,2,False,PASS
Patches_ICSE__Doverfitting__AVATAR__Math__patch1-Math-82-AVATAR-plausible,2,2,False,PASS
Patches_ICSE__Doverfitting__AVATAR__Math__patch1-Math-84-AVATAR-plausible,2,2,False,PASS
Patches_ICSE__Doverfitting__AVATAR__Math__patch1-Math-88-AVATAR-plausible,2,2,False,PASS
Patches_ICSE__Doverfitting__AVATAR__Math__patch1-Math-95-AVATAR-plausible,2,2,False,PASS
Patches_ICSE__Doverfitting__Arja__Chart__patch1-Chart-1-Arja-plusible,4,4,False,PASS
Patches_ICSE__Doverfitting__Arja__Chart__patch1-Chart-13-Arja-plusible,3,1,True,PASS
Patches_ICSE__Doverfitting__Arja__Chart__patch1-Chart-14-Arja-plusible,9,9,False,PASS
Patches_ICSE__Doverfitting__Arja__Chart__patch1-Chart-15-Arja-plusible,6,6,False,PASS
Patches_ICSE__Doverfitting__Arja__Chart__patch1-Chart-19-Arja-plusible,21,11,True,PASS
Patches_ICSE__Doverfitting__Arja__Chart__patch1-Chart-25-Arja-plusible,52,42,True,PASS
Patches_ICSE__Doverfitting__Arja__Chart__patch1-Chart-3-Arja-plusible,16,16,False,PASS
Patches_ICSE__Doverfitting__Arja__Chart__patch1-Chart-5-Arja-plusible,13,11,True,PASS
Patches_ICSE__Doverfitting__Arja__Chart__patch1-Chart-7-Arja-plusible,3,1,True,PASS
Patches_ICSE__Doverfitting__Arja__Closure__patch1-Closure-1-Arja-plausible,13,13,False,PASS
Patches_ICSE__Doverfitting__Arja__Closure__patch1-Closure-10-Arja-plausible,4,4,False,PASS
Patches_ICSE__Doverfitting__Arja__Closure__patch1-Closure-112-Arja-plausible,46,46,False,PASS
Patches_ICSE__Doverfitting__Arja__Closure__patch1-Closure-114-Arja-plausible,16,16,False,PASS
Patches_ICSE__Doverfitting__Arja__Closure__patch1-Closure-116-Arja-plausible,20,20,False,PASS
Patches_ICSE__Doverfitting__Arja__Closure__patch1-Closure-117-Arja-plausible,1,1,False,PASS
Patches_ICSE__Doverfitting__Arja__Closure__patch1-Closure-119-Arja-plausible,3,3,False,PASS
Patches_ICSE__Doverfitting__Arja__Closure__patch1-Closure-120-Arja-plausible,3,3,False,PASS
Patches_ICSE__Doverfitting__Arja__Closure__patch1-Closure-121-Arja-plausible,1,1,False,PASS
Patches_ICSE__Doverfitting__Arja__Closure__patch1-Closure-124-Arja-plausible,1,1,False,PASS
Patches_ICSE__Doverfitting__Arja__Closure__patch1-Closure-125-Arja-plausible,1,1,False,PASS
Patches_ICSE__Doverfitting__Arja__Closure__patch1-Closure-129-Arja-plausible,1,1,False,PASS
Patches_ICSE__Doverfitting__Arja__Closure__patch1-Closure-130-Arja-plausible,4,4,False,PASS
Patches_ICSE__Doverfitting__Arja__Closure__patch1-Closure-133-Arja-plausible,1,1,False,PASS
Patches_ICSE__Doverfitting__Arja__Closure__patch1-Closure-21-Arja-plausible,3,3,False,PASS
Patches_ICSE__Doverfitting__Arja__Closure__patch1-Closure-22-Arja-plausible,12,12,False,PASS
Patches_ICSE__Doverfitting__Arja__Closure__patch1-Closure-33-Arja-plausible,1,1,False,PASS
Patches_ICSE__Doverfitting__Arja__Closure__patch1-Closure-45-Arja-plausible,2,2,False,PASS
Patches_ICSE__Doverfitting__Arja__Closure__patch1-Closure-46-Arja-plausible,14,14,False,PASS
Patches_ICSE__Doverfitting__Arja__Closure__patch1-Closure-55-Arja-plausible,3,3,False,PASS
Patches_ICSE__Doverfitting__Arja__Closure__patch1-Closure-59-Arja-plausible,2,2,False,PASS
Patches_ICSE__Doverfitting__Arja__Closure__patch1-Closure-67-Arja-plausible,13,13,False,PASS
Patches_ICSE__Doverfitting__Arja__Closure__patch1-Closure-68-Arja-plausible,3,3,False,PASS
Patches_ICSE__Doverfitting__Arja__Closure__patch1-Closure-7-Arja-plausible,2,2,False,PASS
Patches_ICSE__Doverfitting__Arja__Closure__patch1-Closure-75-Arja-plausible,11,11,False,PASS
Patches_ICSE__Doverfitting__Arja__Closure__patch1-Closure-78-Arja-plausible,6,6,False,PASS
Patches_ICSE__Doverfitting__Arja__Closure__patch1-Closure-8-Arja-plausible,36,36,False,PASS
Patches_ICSE__Doverfitting__Arja__Lang__patch1-Lang-16-Arja-plausible,2,2,False,PASS
Patches_ICSE__Doverfitting__Arja__Lang__patch1-Lang-20-Arja-plausible,4,4,False,PASS
Patches_ICSE__Doverfitting__Arja__Lang__patch1-Lang-7-Arja-plausible,6,4,True,PASS
Patches_ICSE__Doverfitting__Arja__Math__patch1-Math-2-Arja-plausible,3,3,False,PASS
Patches_ICSE__Doverfitting__Arja__Math__patch1-Math-28-Arja-plausible,1,1,False,PASS
Patches_ICSE__Doverfitting__Arja__Math__patch1-Math-40-Arja-plausible,3,1,True,PASS
Patches_ICSE__Doverfitting__Arja__Math__patch1-Math-56-Arja-plausible,6,4,True,PASS
Patches_ICSE__Doverfitting__Arja__Math__patch1-Math-74-Arja-plausible,6,2,True,PASS
Patches_ICSE__Doverfitting__Arja__Math__patch1-Math-80-Arja-plausible,9,9,False,PASS
Patches_ICSE__Doverfitting__Arja__Math__patch1-Math-81-Arja-plausible,3,3,False,PASS
Patches_ICSE__Doverfitting__Arja__Math__patch1-Math-82-Arja-plausible,7,7,False,PASS
Patches_ICSE__Doverfitting__Arja__Math__patch1-Math-84-Arja-plausible,7,7,False,PASS
Patches_ICSE__Doverfitting__Arja__Math__patch1-Math-85-Arja-plausible,6,6,False,PASS
Patches_ICSE__Doverfitting__Arja__Math__patch1-Math-95-Arja-plausible,5,3,True,PASS
Patches_ICSE__Doverfitting__Cardumen__Chart__patch1-Chart-13-Cardumen-plausible,2,2,False,PASS
Patches_ICSE__Doverfitting__Cardumen__Chart__patch1-Chart-24-Cardumen-plausible,2,2,False,PASS
Patches_ICSE__Doverfitting__Cardumen__Chart__patch1-Chart-6-Cardumen-plausible,2,2,False,PASS
Patches_ICSE__Doverfitting__Cardumen__Closure__patch1-Closure-62-Cardumen-plausible,4,4,False,PASS
Patches_ICSE__Doverfitting__Cardumen__Closure__patch1-Closure-63-Cardumen-plausible,4,4,False,PASS
Patches_ICSE__Doverfitting__Cardumen__Math__patch1-Math-5-Cardumen-plausible,2,2,False,PASS
Patches_ICSE__Doverfitting__Cardumen__Math__patch1-Math-63-Cardumen-plausible,120,120,False,PASS
Patches_ICSE__Doverfitting__Cardumen__Math__patch1-Math-73-Cardumen-plausible,2,2,False,PASS
Patches_ICSE__Doverfitting__Cardumen__Math__patch1-Math-85-Cardumen-plausible,2,2,False,PASS
Patches_ICSE__Doverfitting__Cardumen__Math__patch1-Math-95-Cardumen-plausible,2,2,False,PASS
Patches_ICSE__Doverfitting__DynaMoth__Chart__patch1-Chart-1-DynaMoth-plausible,6,6,False,PASS
Patches_ICSE__Doverfitting__DynaMoth__Chart__patch1-Chart-13-DynaMoth-plausible,16,16,False,PASS
Patches_ICSE__Doverfitting__DynaMoth__Chart__patch1-Chart-15-DynaMoth-plausible,4,4,False,PASS
Patches_ICSE__Doverfitting__DynaMoth__Chart__patch1-Chart-18-DynaMoth-plausible,4,4,False,PASS
Patches_ICSE__Doverfitting__DynaMoth__Chart__patch1-Chart-25-DynaMoth-plausible,16,16,False,PASS
Patches_ICSE__Doverfitting__DynaMoth__Chart__patch1-Chart-5-DynaMoth-plausible,2,2,False,PASS
Patches_ICSE__Doverfitting__DynaMoth__Lang__patch1-Lang-51-DynaMoth-plausible,8,6,True,PASS
Patches_ICSE__Doverfitting__DynaMoth__Lang__patch1-Lang-63-DynaMoth-plausible,4,4,False,PASS
Patches_ICSE__Doverfitting__DynaMoth__Math__patch1-Math-105-DynaMoth-plausible,4,4,False,PASS
Patches_ICSE__Doverfitting__DynaMoth__Math__patch1-Math-20-DynaMoth-plausible,2,2,False,PASS
Patches_ICSE__Doverfitting__DynaMoth__Math__patch1-Math-32-DynaMoth-plausible,2,2,False,PASS
Patches_ICSE__Doverfitting__DynaMoth__Math__patch1-Math-41-DynaMoth-plausible,18,18,False,PASS
Patches_ICSE__Doverfitting__DynaMoth__Math__patch1-Math-49-DynaMoth-plausible,8,8,False,PASS
Patches_ICSE__Doverfitting__DynaMoth__Math__patch1-Math-58-DynaMoth-plausible,4,4,False,PASS
Patches_ICSE__Doverfitting__DynaMoth__Math__patch1-Math-71-DynaMoth-plausible,10,10,False,PASS
Patches_ICSE__Doverfitting__DynaMoth__Math__patch1-Math-8-DynaMoth-plausible,6,6,False,PASS
Patches_ICSE__Doverfitting__DynaMoth__Math__patch1-Math-80-DynaMoth-plausible,14,14,False,PASS
Patches_ICSE__Doverfitting__DynaMoth__Math__patch1-Math-81-DynaMoth-plausible,2,2,False,PASS
Patches_ICSE__Doverfitting__DynaMoth__Math__patch1-Math-82-DynaMoth-plausible,4,4,False,PASS
Patches_ICSE__Doverfitting__DynaMoth__Math__patch1-Math-85-DynaMoth-plausible,14,14,False,PASS
Patches_ICSE__Doverfitting__DynaMoth__Time__patch1-Time-11-DynaMoth-plausible,12,12,False,PASS
Patches_ICSE__Doverfitting__FixMiner__Chart__patch1-Chart-13-FixMiner-plausible,2,2,False,PASS
Patches_ICSE__Doverfitting__FixMiner__Chart__patch1-Chart-14-FixMiner-plausible,5,5,False,PASS
Patches_ICSE__Doverfitting__FixMiner__Chart__patch1-Chart-15-FixMiner-plausible,5,5,False,PASS
Patches_ICSE__Doverfitting__FixMiner__Chart__patch1-Chart-17-FixMiner-plausible,2,2,False,PASS
Patches_ICSE__Doverfitting__FixMiner__Chart__patch1-Chart-25-FixMiner-plausible,2,2,False,PASS
Patches_ICSE__Doverfitting__FixMiner__Chart__patch1-Chart-26-FixMiner-plausible,2,2,False,PASS
Patches_ICSE__Doverfitting__FixMiner__Chart__patch1-Chart-3-FixMiner-plausible,2,2,False,PASS
Patches_ICSE__Doverfitting__FixMiner__Chart__patch1-Chart-7-FixMiner-plausible,2,2,False,PASS
Patches_ICSE__Doverfitting__FixMiner__Closure__patch1-Closure-129-FixMiner-plausible,2,2,False,PASS
Patches_ICSE__Doverfitting__FixMiner__Closure__patch1-Closure-19-FixMiner-plausible,3,3,False,PASS
Patches_ICSE__Doverfitting__FixMiner__Lang__patch1-Lang-57-FixMiner-plausible,5,5,False,PASS
Patches_ICSE__Doverfitting__FixMiner__Lang__patch1-Lang-63-FixMiner-plausible,2,2,False,PASS
Patches_ICSE__Doverfitting__FixMiner__Math__patch1-Math-20-FixMiner-plausible,2,2,False,PASS
Patches_ICSE__Doverfitting__FixMiner__Math__patch1-Math-50-FixMiner-plausible,2,2,False,PASS
Patches_ICSE__Doverfitting__FixMiner__Math__patch1-Math-63-FixMiner-plausible,2,2,False,PASS
Patches_ICSE__Doverfitting__FixMiner__Math__patch1-Math-80-FixMiner-plausible,2,2,False,PASS
Patches_ICSE__Doverfitting__FixMiner__Math__patch1-Math-81-FixMiner-plausible,2,2,False,PASS
Patches_ICSE__Doverfitting__FixMiner__Math__patch1-Math-84-FixMiner-plausible,2,2,False,PASS
Patches_ICSE__Doverfitting__FixMiner__Math__patch1-Math-85-FixMiner-plausible,7,7,False,PASS
Patches_ICSE__Doverfitting__FixMiner__Time__patch1-Time-11-FixMiner-plausible,2,2,False,PASS
Patches_ICSE__Doverfitting__GenProg__Chart__patch1-Chart-1-GenProg-plausible,8,6,True,PASS
Patches_ICSE__Doverfitting__GenProg__Chart__patch1-Chart-12-GenProg-plausible,11,11,False,PASS
Patches_ICSE__Doverfitting__GenProg__Chart__patch1-Chart-13-GenProg-plausible,14,10,True,PASS
Patches_ICSE__Doverfitting__GenProg__Chart__patch1-Chart-25-GenProg-plausible,3,3,False,PASS
Patches_ICSE__Doverfitting__GenProg__Chart__patch1-Chart-3-GenProg-plausible,4,4,False,PASS
Patches_ICSE__Doverfitting__GenProg__Closure__patch1-Closure-10-GenProg-plausible,4,4,False,PASS
Patches_ICSE__Doverfitting__GenProg__Closure__patch1-Closure-112-GenProg-plausible,3,3,False,PASS
Patches_ICSE__Doverfitting__GenProg__Closure__patch1-Closure-114-GenProg-plausible,7,5,True,PASS
Patches_ICSE__Doverfitting__GenProg__Closure__patch1-Closure-124-GenProg-plausible,16,16,False,PASS
Patches_ICSE__Doverfitting__GenProg__Closure__patch1-Closure-129-GenProg-plausible,1,1,False,PASS
Patches_ICSE__Doverfitting__GenProg__Closure__patch1-Closure-130-GenProg-plausible,4,4,False,PASS
Patches_ICSE__Doverfitting__GenProg__Closure__patch1-Closure-21-GenProg-plausible,9,9,False,PASS
Patches_ICSE__Doverfitting__GenProg__Closure__patch1-Closure-22-GenProg-plausible,4,4,False,PASS
Patches_ICSE__Doverfitting__GenProg__Closure__patch1-Closure-55-GenProg-plausible,5,5,False,PASS
Patches_ICSE__Doverfitting__GenProg__Closure__patch1-Closure-59-GenProg-plausible,2,2,False,PASS
Patches_ICSE__Doverfitting__GenProg__Closure__patch1-Closure-67-GenProg-plausible,22,22,False,PASS
Patches_ICSE__Doverfitting__GenProg__Closure__patch1-Closure-75-GenProg-plausible,7,7,False,PASS
Patches_ICSE__Doverfitting__GenProg__Closure__patch1-Closure-78-GenProg-plausible,2,2,False,PASS
Patches_ICSE__Doverfitting__GenProg__Lang__patch1-Lang-7-GenProg-plausible,3,1,True,PASS
Patches_ICSE__Doverfitting__GenProg__Math__patch1-Math-2-GenProg-plausible,4,2,True,PASS
Patches_ICSE__Doverfitting__GenProg__Math__patch1-Math-28-GenProg-plausible,1,1,False,PASS
Patches_ICSE__Doverfitting__GenProg__Math__patch1-Math-31-GenProg-plausible,8,6,True,PASS
Patches_ICSE__Doverfitting__GenProg__Math__patch1-Math-40-GenProg-plausible,44,30,True,PASS
Patches_ICSE__Doverfitting__GenProg__Math__patch1-Math-80-GenProg-plausible,18,14,True,PASS
Patches_ICSE__Doverfitting__GenProg__Math__patch1-Math-81-GenProg-plausible,21,21,False,PASS
Patches_ICSE__Doverfitting__GenProg__Math__patch1-Math-82-GenProg-plausible,1,1,False,PASS
Patches_ICSE__Doverfitting__GenProg__Math__patch1-Math-85-GenProg-plausible,14,10,True,PASS
Patches_ICSE__Doverfitting__GenProg__Math__patch1-Math-95-GenProg-plausible,12,10,True,PASS
Patches_ICSE__Doverfitting__Kali__Chart__patch1-Chart-1-Kali-plausible,2,2,False,PASS
Patches_ICSE__Doverfitting__Kali__Chart__patch1-Chart-12-Kali-plausible,4,2,True,PASS
Patches_ICSE__Doverfitting__Kali__Chart__patch1-Chart-15-Kali-plausible,4,2,True,PASS
Patches_ICSE__Doverfitting__Kali__Chart__patch1-Chart-25-Kali-plausible,2,2,False,PASS
Patches_ICSE__Doverfitting__Kali__Chart__patch1-Chart-26-Kali-plausible,4,2,True,PASS
Patches_ICSE__Doverfitting__Kali__Chart__patch1-Chart-5-Kali-plausible,2,2,False,PASS
Patches_ICSE__Doverfitting__Kali__Closure__patch1-Closure-1-Kali-plausible,2,2,False,PASS
Patches_ICSE__Doverfitting__Kali__Closure__patch1-Closure-10-Kali-plausible,8,8,False,PASS
Patches_ICSE__Doverfitting__Kali__Closure__patch1-Closure-112-Kali-plausible,2,2,False,PASS
Patches_ICSE__Doverfitting__Kali__Closure__patch1-Closure-114-Kali-plausible,4,2,True,PASS
Patches_ICSE__Doverfitting__Kali__Closure__patch1-Closure-117-Kali-plausible,6,6,False,PASS
Patches_ICSE__Doverfitting__Kali__Closure__patch1-Closure-119-Kali-plausible,2,2,False,PASS
Patches_ICSE__Doverfitting__Kali__Closure__patch1-Closure-12-Kali-plausible,2,2,False,PASS
Patches_ICSE__Doverfitting__Kali__Closure__patch1-Closure-120-Kali-plausible,4,2,True,PASS
Patches_ICSE__Doverfitting__Kali__Closure__patch1-Closure-121-Kali-plausible,4,2,True,PASS
Patches_ICSE__Doverfitting__Kali__Closure__patch1-Closure-122-Kali-plausible,2,2,False,PASS
Patches_ICSE__Doverfitting__Kali__Closure__patch1-Closure-124-Kali-plausible,3,3,False,PASS
Patches_ICSE__Doverfitting__Kali__Closure__patch1-Closure-125-Kali-plausible,2,2,False,PASS
Patches_ICSE__Doverfitting__Kali__Closure__patch1-Closure-127-Kali-plausible,2,2,False,PASS
Patches_ICSE__Doverfitting__Kali__Closure__patch1-Closure-129-Kali-plausible,4,2,True,PASS
Patches_ICSE__Doverfitting__Kali__Closure__patch1-Closure-130-Kali-plausible,2,2,False,PASS
Patches_ICSE__Doverfitting__Kali__Closure__patch1-Closure-131-Kali-plausible,4,2,True,PASS
Patches_ICSE__Doverfitting__Kali__Closure__patch1-Closure-132-Kali-plausible,4,2,True,PASS
Patches_ICSE__Doverfitting__Kali__Closure__patch1-Closure-15-Kali-plausible,2,2,False,PASS
Patches_ICSE__Doverfitting__Kali__Closure__patch1-Closure-20-Kali-plausible,4,2,True,PASS
Patches_ICSE__Doverfitting__Kali__Closure__patch1-Closure-21-Kali-plausible,2,2,False,PASS
Patches_ICSE__Doverfitting__Kali__Closure__patch1-Closure-22-Kali-plausible,2,2,False,PASS
Patches_ICSE__Doverfitting__Kali__Closure__patch1-Closure-26-Kali-plausible,4,2,True,PASS
Patches_ICSE__Doverfitting__Kali__Closure__patch1-Closure-29-Kali-plausible,4,2,True,PASS
Patches_ICSE__Doverfitting__Kali__Closure__patch1-Closure-3-Kali-plausible,2,2,False,PASS
Patches_ICSE__Doverfitting__Kali__Closure__patch1-Closure-30-Kali-plausible,4,2,True,PASS
Patches_ICSE__Doverfitting__Kali__Closure__patch1-Closure-31-Kali-plausible,4,2,True,PASS
Patches_ICSE__Doverfitting__Kali__Closure__patch1-Closure-33-Kali-plausible,2,2,False,PASS
Patches_ICSE__Doverfitting__Kali__Closure__patch1-Closure-36-Kali-plausible,4,2,True,PASS
Patches_ICSE__Doverfitting__Kali__Closure__patch1-Closure-45-Kali-plausible,4,2,True,PASS
Patches_ICSE__Doverfitting__Kali__Closure__patch1-Closure-46-Kali-plausible,2,2,False,PASS
Patches_ICSE__Doverfitting__Kali__Closure__patch1-Closure-49-Kali-plausible,4,2,True,PASS
Patches_ICSE__Doverfitting__Kali__Closure__patch1-Closure-5-Kali-plausible,4,2,True,PASS
Patches_ICSE__Doverfitting__Kali__Closure__patch1-Closure-50-Kali-plausible,4,2,True,PASS
Patches_ICSE__Doverfitting__Kali__Closure__patch1-Closure-55-Kali-plausible,2,2,False,PASS
Patches_ICSE__Doverfitting__Kali__Closure__patch1-Closure-59-Kali-plausible,4,4,False,PASS
Patches_ICSE__Doverfitting__Kali__Closure__patch1-Closure-61-Kali-plausible,4,2,True,PASS
Patches_ICSE__Doverfitting__Kali__Closure__patch1-Closure-64-Kali-plausible,4,2,True,PASS
Patches_ICSE__Doverfitting__Kali__Closure__patch1-Closure-67-Kali-plausible,2,2,False,PASS
Patches_ICSE__Doverfitting__Kali__Closure__patch1-Closure-68-Kali-plausible,7,7,False,PASS
Patches_ICSE__Doverfitting__Kali__Closure__patch1-Closure-7-Kali-plausible,4,2,True,PASS
Patches_ICSE__Doverfitting__Kali__Closure__patch1-Closure-72-Kali-plausible,4,2,True,PASS
Patches_ICSE__Doverfitting__Kali__Closure__patch1-Closure-75-Kali-plausible,5,5,False,PASS
Patches_ICSE__Doverfitting__Kali__Closure__patch1-Closure-76-Kali-plausible,4,2,True,PASS
Patches_ICSE__Doverfitting__Kali__Closure__patch1-Closure-78-Kali-plausible,4,2,True,PASS
Patches_ICSE__Doverfitting__Kali__Closure__patch1-Closure-8-Kali-plausible,4,2,True,PASS
Patches_ICSE__Doverfitting__Kali__Math__patch1-Math-2-Kali-plausible,2,2,False,PASS
Patches_ICSE__Doverfitting__Kali__Math__patch1-Math-28-Kali-plausible,2,2,False,PASS
Patches_ICSE__Doverfitting__Kali__Math__patch1-Math-31-Kali-plausible,4,2,True,PASS
Patches_ICSE__Doverfitting__Kali__Math__patch1-Math-32-Kali-plausible,2,2,False,PASS
Patches_ICSE__Doverfitting__Kali__Math__patch1-Math-49-Kali-plausible,2,2,False,PASS
Patches_ICSE__Doverfitting__Kali__Math__patch1-Math-80-Kali-plausible,4,2,True,PASS
Patches_ICSE__Doverfitting__Kali__Math__patch1-Math-81-Kali-plausible,2,2,False,PASS
Patches_ICSE__Doverfitting__Kali__Math__patch1-Math-84-Kali-plausible,2,2,False,PASS
Patches_ICSE__Doverfitting__Kali__Math__patch1-Math-95-Kali-plausible,4,2,True,PASS
Patches_ICSE__Doverfitting__Nopol__Chart__patch1-Chart-13-Nopol-plausible,16,16,False,PASS
Patches_ICSE__Doverfitting__Nopol__Chart__patch1-Chart-17-Nopol-plausible,4,4,False,PASS
Patches_ICSE__Doverfitting__Nopol__Chart__patch1-Chart-21-Nopol-plausible,4,4,False,PASS
Patches_ICSE__Doverfitting__Nopol__Chart__patch1-Chart-25-Nopol-plausible,16,16,False,PASS
Patches_ICSE__Doverfitting__Nopol__Chart__patch1-Chart-5-Nopol-plausible,2,2,False,PASS
Patches_ICSE__Doverfitting__Nopol__Chart__patch1-Chart-9-Nopol-plausible,4,4,False,PASS
Patches_ICSE__Doverfitting__Nopol__Lang__patch1-Lang-44-Nopol-plausible,16,16,False,PASS
Patches_ICSE__Doverfitting__Nopol__Lang__patch1-Lang-51-Nopol-plausible,8,6,True,PASS
Patches_ICSE__Doverfitting__Nopol__Lang__patch1-Lang-53-Nopol-plausible,8,8,False,PASS
Patches_ICSE__Doverfitting__Nopol__Lang__patch1-Lang-55-Nopol-plausible,4,4,False,PASS
Patches_ICSE__Doverfitting__Nopol__Lang__patch1-Lang-58-Nopol-plausible,4,4,False,PASS
Patches_ICSE__Doverfitting__Nopol__Math__patch1-Math-105-Nopol-plausible,4,4,False,PASS
Patches_ICSE__Doverfitting__Nopol__Math__patch1-Math-18-Nopol-plausible,4,4,False,PASS
Patches_ICSE__Doverfitting__Nopol__Math__patch1-Math-2-Nopol-plausible,6,6,False,PASS
Patches_ICSE__Doverfitting__Nopol__Math__patch1-Math-20-Nopol-plausible,4,4,False,PASS
Patches_ICSE__Doverfitting__Nopol__Math__patch1-Math-33-Nopol-plausible,4,4,False,PASS
Patches_ICSE__Doverfitting__Nopol__Math__patch1-Math-4-Nopol-plausible,4,4,False,PASS
Patches_ICSE__Doverfitting__Nopol__Math__patch1-Math-41-Nopol-plausible,4,4,False,PASS
Patches_ICSE__Doverfitting__Nopol__Math__patch1-Math-42-Nopol-plausible,4,4,False,PASS
Patches_ICSE__Doverfitting__Nopol__Math__patch1-Math-49-Nopol-plausible,8,8,False,PASS
Patches_ICSE__Doverfitting__Nopol__Math__patch1-Math-58-Nopol-plausible,8,8,False,PASS
Patches_ICSE__Doverfitting__Nopol__Math__patch1-Math-69-Nopol-plausible,14,14,False,PASS
Patches_ICSE__Doverfitting__Nopol__Math__patch1-Math-7-Nopol-plausible,4,4,False,PASS
Patches_ICSE__Doverfitting__Nopol__Math__patch1-Math-73-Nopol-plausible,6,6,False,PASS
Patches_ICSE__Doverfitting__Nopol__Math__patch1-Math-78-Nopol-plausible,4,4,False,PASS
Patches_ICSE__Doverfitting__Nopol__Math__patch1-Math-80-Nopol-plausible,10,10,False,PASS
Patches_ICSE__Doverfitting__Nopol__Math__patch1-Math-81-Nopol-plausible,4,4,False,PASS
Patches_ICSE__Doverfitting__Nopol__Math__patch1-Math-82-Nopol-plausible,4,4,False,PASS
Patches_ICSE__Doverfitting__Nopol__Math__patch1-Math-87-Nopol-plausible,4,4,False,PASS
Patches_ICSE__Doverfitting__Nopol__Time__patch1-Time-14-Nopol-plausible,2,2,False,PASS
Patches_ICSE__Doverfitting__RSRepair__Chart__patch1-Chart-12-RSRepair-plausible,5,3,True,PASS
Patches_ICSE__Doverfitting__RSRepair__Chart__patch1-Chart-13-RSRepair-plausible,3,3,False,PASS
Patches_ICSE__Doverfitting__RSRepair__Chart__patch1-Chart-25-RSRepair-plausible,6,4,True,PASS
Patches_ICSE__Doverfitting__RSRepair__Chart__patch1-Chart-5-RSRepair-plausible,11,11,False,PASS
Patches_ICSE__Doverfitting__RSRepair__Closure__patch1-Closure-10-RSRepair-plausible,3,3,False,PASS
Patches_ICSE__Doverfitting__RSRepair__Closure__patch1-Closure-112-RSRepair-plausible,2,2,False,PASS
Patches_ICSE__Doverfitting__RSRepair__Closure__patch1-Closure-114-RSRepair-plausible,2,2,False,PASS
Patches_ICSE__Doverfitting__RSRepair__Closure__patch1-Closure-120-RSRepair-plausible,1,1,False,PASS
Patches_ICSE__Doverfitting__RSRepair__Closure__patch1-Closure-121-RSRepair-plausible,1,1,False,PASS
Patches_ICSE__Doverfitting__RSRepair__Closure__patch1-Closure-124-RSRepair-plausible,11,11,False,PASS
Patches_ICSE__Doverfitting__RSRepair__Closure__patch1-Closure-127-RSRepair-plausible,2,2,False,PASS
Patches_ICSE__Doverfitting__RSRepair__Closure__patch1-Closure-129-RSRepair-plausible,1,1,False,PASS
Patches_ICSE__Doverfitting__RSRepair__Closure__patch1-Closure-130-RSRepair-plausible,4,4,False,PASS
Patches_ICSE__Doverfitting__RSRepair__Closure__patch1-Closure-21-RSRepair-plausible,7,7,False,PASS
Patches_ICSE__Doverfitting__RSRepair__Closure__patch1-Closure-22-RSRepair-plausible,9,9,False,PASS
Patches_ICSE__Doverfitting__RSRepair__Closure__patch1-Closure-31-RSRepair-plausible,2,2,False,PASS
Patches_ICSE__Doverfitting__RSRepair__Closure__patch1-Closure-33-RSRepair-plausible,1,1,False,PASS
Patches_ICSE__Doverfitting__RSRepair__Closure__patch1-Closure-45-RSRepair-plausible,2,2,False,PASS
Patches_ICSE__Doverfitting__RSRepair__Closure__patch1-Closure-55-RSRepair-plausible,12,12,False,PASS
Patches_ICSE__Doverfitting__RSRepair__Closure__patch1-Closure-59-RSRepair-plausible,1,1,False,PASS
Patches_ICSE__Doverfitting__RSRepair__Closure__patch1-Closure-61-RSRepair-plausible,2,2,False,PASS
Patches_ICSE__Doverfitting__RSRepair__Closure__patch1-Closure-67-RSRepair-plausible,1,1,False,PASS
Patches_ICSE__Doverfitting__RSRepair__Closure__patch1-Closure-75-RSRepair-plausible,2,2,False,PASS
Patches_ICSE__Doverfitting__RSRepair__Closure__patch1-Closure-78-RSRepair-plausible,1,1,False,PASS
Patches_ICSE__Doverfitting__RSRepair__Lang__patch1-Lang-13-RSRepair-plausible,2,2,False,PASS
Patches_ICSE__Doverfitting__RSRepair__Lang__patch1-Lang-16-RSRepair-plausible,2,2,False,PASS
Patches_ICSE__Doverfitting__RSRepair__Lang__patch1-Lang-7-RSRepair-plausible,2,2,False,PASS
Patches_ICSE__Doverfitting__RSRepair__Math__patch1-Math-103-RSRepair-plausible,15,13,True,PASS
Patches_ICSE__Doverfitting__RSRepair__Math__patch1-Math-2-RSRepair-plausible,3,3,False,PASS
Patches_ICSE__Doverfitting__RSRepair__Math__patch1-Math-28-RSRepair-plausible,1,1,False,PASS
Patches_ICSE__Doverfitting__RSRepair__Math__patch1-Math-33-RSRepair-plausible,3,3,False,PASS
Patches_ICSE__Doverfitting__RSRepair__Math__patch1-Math-40-RSRepair-plausible,3,1,True,PASS
Patches_ICSE__Doverfitting__RSRepair__Math__patch1-Math-58-RSRepair-plausible,16,14,True,PASS
Patches_ICSE__Doverfitting__RSRepair__Math__patch1-Math-80-RSRepair-plausible,9,9,False,PASS
Patches_ICSE__Doverfitting__RSRepair__Math__patch1-Math-81-RSRepair-plausible,3,1,True,PASS
Patches_ICSE__Doverfitting__RSRepair__Math__patch1-Math-82-RSRepair-plausible,1,1,False,PASS
Patches_ICSE__Doverfitting__RSRepair__Math__patch1-Math-84-RSRepair-plausible,10,8,True,PASS
Patches_ICSE__Doverfitting__RSRepair__Math__patch1-Math-85-RSRepair-plausible,9,9,False,PASS
Patches_ICSE__Doverfitting__RSRepair__Math__patch1-Math-95-RSRepair-plausible,3,3,False,PASS
Patches_ICSE__Doverfitting__SimFix__Chart__patch1-Chart-12-SimFix-plausible,3,3,False,PASS
Patches_ICSE__Doverfitting__SimFix__Chart__patch1-Chart-18-SimFix-plausible,2,2,False,PASS
Patches_ICSE__Doverfitting__SimFix__Chart__patch1-Chart-22-SimFix-plausible,3,3,False,PASS
Patches_ICSE__Doverfitting__SimFix__Chart__patch1-Chart-25-SimFix-plausible,2,2,False,PASS
Patches_ICSE__Doverfitting__SimFix__Chart__patch1-Chart-3-SimFix-plausible,1,1,False,PASS
Patches_ICSE__Doverfitting__SimFix__Closure__patch1-Closure-106-SimFix-plausible,1,1,False,PASS
Patches_ICSE__Doverfitting__SimFix__Closure__patch1-Closure-107-SimFix-plausible,10,10,False,PASS
Patches_ICSE__Doverfitting__SimFix__Closure__patch1-Closure-108-SimFix-plausible,2,2,False,PASS
Patches_ICSE__Doverfitting__SimFix__Closure__patch1-Closure-109-SimFix-plausible,2,2,False,PASS
Patches_ICSE__Doverfitting__SimFix__Closure__patch1-Closure-126-SimFix-plausible,2,2,False,PASS
Patches_ICSE__Doverfitting__SimFix__Closure__patch1-Closure-14-SimFix-plausible,2,2,False,PASS
Patches_ICSE__Doverfitting__SimFix__Closure__patch1-Closure-21-SimFix-plausible,2,2,False,PASS
Patches_ICSE__Doverfitting__SimFix__Closure__patch1-Closure-22-SimFix-plausible,2,2,False,PASS
Patches_ICSE__Doverfitting__SimFix__Closure__patch1-Closure-26-SimFix-plausible,1,1,False,PASS
Patches_ICSE__Doverfitting__SimFix__Closure__patch1-Closure-38-SimFix-plausible,2,2,False,PASS
Patches_ICSE__Doverfitting__SimFix__Closure__patch1-Closure-46-SimFix-plausible,2,2,False,PASS
Patches_ICSE__Doverfitting__SimFix__Closure__patch1-Closure-57-SimFix-plausible,2,2,False,PASS
Patches_ICSE__Doverfitting__SimFix__Lang__patch1-Lang-1-SimFix-plausible,6,6,False,PASS
Patches_ICSE__Doverfitting__SimFix__Lang__patch1-Lang-10-SimFix-plausible,1,1,False,PASS
Patches_ICSE__Doverfitting__SimFix__Lang__patch1-Lang-12-SimFix-plausible,2,2,False,PASS
Patches_ICSE__Doverfitting__SimFix__Lang__patch1-Lang-16-SimFix-plausible,1,1,False,PASS
Patches_ICSE__Doverfitting__SimFix__Lang__patch1-Lang-27-SimFix-plausible,1,1,False,PASS
Patches_ICSE__Doverfitting__SimFix__Lang__patch1-Lang-41-SimFix-plausible,2,2,False,PASS
Patches_ICSE__Doverfitting__SimFix__Lang__patch1-Lang-45-SimFix-plausible,2,2,False,PASS
Patches_ICSE__Doverfitting__SimFix__Lang__patch1-Lang-50-SimFix-plausible,3,3,False,PASS
Patches_ICSE__Doverfitting__SimFix__Lang__patch1-Lang-61-SimFix-plausible,2,2,False,PASS
Patches_ICSE__Doverfitting__SimFix__Lang__patch1-Lang-63-SimFix-plausible,2,2,False,PASS
Patches_ICSE__Doverfitting__SimFix__Lang__patch1-Lang-9-SimFix-plausible,1,1,False,PASS
Patches_ICSE__Doverfitting__SimFix__Math__patch1-Math-1-SimFix-plausible,4,4,False,PASS
Patches_ICSE__Doverfitting__SimFix__Math__patch1-Math-43-SimFix-plausible,1,1,False,PASS
Patches_ICSE__Doverfitting__SimFix__Math__patch1-Math-44-SimFix-plausible,1,1,False,PASS
Patches_ICSE__Doverfitting__SimFix__Math__patch1-Math-50-SimFix-plausible,2,2,False,PASS
Patches_ICSE__Doverfitting__SimFix__Math__patch1-Math-6-SimFix-plausible,2,2,False,PASS
Patches_ICSE__Doverfitting__SimFix__Math__patch1-Math-63-SimFix-plausible,2,2,False,PASS
Patches_ICSE__Doverfitting__SimFix__Math__patch1-Math-69-SimFix-plausible,4,4,False,PASS
Patches_ICSE__Doverfitting__SimFix__Math__patch1-Math-73-SimFix-plausible,5,5,False,PASS
Patches_ICSE__Doverfitting__SimFix__Math__patch1-Math-8-SimFix-plausible,2,2,False,PASS
Patches_ICSE__Doverfitting__SimFix__Math__patch1-Math-80-SimFix-plausible,2,2,False,PASS
Patches_ICSE__Doverfitting__SimFix__Math__patch1-Math-81-SimFix-plausible,2,2,False,PASS
Patches_ICSE__Doverfitting__SimFix__Math__patch1-Math-82-SimFix-plausible,2,2,False,PASS
Patches_ICSE__Doverfitting__SimFix__Math__patch1-Math-84-SimFix-plausible,5,5,False,PASS
Patches_ICSE__Doverfitting__SimFix__Math__patch1-Math-85-SimFix-plausible,9,9,False,PASS
Patches_ICSE__Doverfitting__SimFix__Math__patch1-Math-88-SimFix-plausible,2,2,False,PASS
Patches_ICSE__Doverfitting__TBar__Chart__patch1-Chart-12-TBar-plausible,2,2,False,PASS
Patches_ICSE__Doverfitting__TBar__Chart__patch1-Chart-13-TBar-plausible,2,2,False,PASS
Patches_ICSE__Doverfitting__TBar__Chart__patch1-Chart-14-TBar-plausible,2,2,False,PASS
Patches_ICSE__Doverfitting__TBar__Chart__patch1-Chart-15-TBar-plausible,381,379,True,PASS
Patches_ICSE__Doverfitting__TBar__Chart__patch1-Chart-25-TBar-plausible,44,42,True,PASS
Patches_ICSE__Doverfitting__TBar__Chart__patch1-Chart-26-TBar-plausible,2,2,False,PASS
Patches_ICSE__Doverfitting__TBar__Chart__patch1-Chart-3-TBar-plausible,3,1,True,PASS
Patches_ICSE__Doverfitting__TBar__Chart__patch1-Chart-5-TBar-plausible,2,2,False,PASS
Patches_ICSE__Doverfitting__TBar__Chart__patch1-Chart-7-TBar-plausible,3,3,False,PASS
Patches_ICSE__Doverfitting__TBar__Closure__patch1-Closure-107-TBar-plausible,2,2,False,PASS
Patches_ICSE__Doverfitting__TBar__Closure__patch1-Closure-109-TBar-plausible,2,2,False,PASS
Patches_ICSE__Doverfitting__TBar__Closure__patch1-Closure-115-TBar-plausible,2,2,False,PASS
Patches_ICSE__Doverfitting__TBar__Closure__patch1-Closure-12-TBar-plausible,2,2,False,PASS
Patches_ICSE__Doverfitting__TBar__Closure__patch1-Closure-126-TBar-plausible,2,2,False,PASS
Patches_ICSE__Doverfitting__TBar__Closure__patch1-Closure-133-TBar-plausible,2,2,False,PASS
Patches_ICSE__Doverfitting__TBar__Closure__patch1-Closure-21-TBar-plausible,2,2,False,PASS
Patches_ICSE__Doverfitting__TBar__Closure__patch1-Closure-22-TBar-plausible,2,2,False,PASS
Patches_ICSE__Doverfitting__TBar__Closure__patch1-Closure-66-TBar-plausible,2,2,False,PASS
Patches_ICSE__Doverfitting__TBar__Lang__patch1-Lang-13-TBar-plausible,18,18,False,PASS
Patches_ICSE__Doverfitting__TBar__Lang__patch1-Lang-18-TBar-plausible,2,2,False,PASS
Patches_ICSE__Doverfitting__TBar__Lang__patch1-Lang-20-TBar-plausible,2,2,False,PASS
Patches_ICSE__Doverfitting__TBar__Lang__patch1-Lang-22-TBar-plausible,2,2,False,PASS
Patches_ICSE__Doverfitting__TBar__Lang__patch1-Lang-24-TBar-plausible,3,3,False,PASS
Patches_ICSE__Doverfitting__TBar__Lang__patch1-Lang-27-TBar-plausible,2,2,False,PASS
Patches_ICSE__Doverfitting__TBar__Lang__patch1-Lang-39-TBar-plausible,2,2,False,PASS
Patches_ICSE__Doverfitting__TBar__Lang__patch1-Lang-41-TBar-plausible,2,2,False,PASS
Patches_ICSE__Doverfitting__TBar__Lang__patch1-Lang-43-TBar-plausible,2,2,False,PASS
Patches_ICSE__Doverfitting__TBar__Lang__patch1-Lang-44-TBar-plausible,4,4,False,PASS
Patches_ICSE__Doverfitting__TBar__Lang__patch1-Lang-45-TBar-plausible,2,2,False,PASS
Patches_ICSE__Doverfitting__TBar__Lang__patch1-Lang-51-TBar-plausible,2,2,False,PASS
Patches_ICSE__Doverfitting__TBar__Lang__patch1-Lang-58-TBar-plausible,4,4,False,PASS
Patches_ICSE__Doverfitting__TBar__Lang__patch1-Lang-60-TBar-plausible,2,2,False,PASS
Patches_ICSE__Doverfitting__TBar__Lang__patch1-Lang-63-TBar-plausible,2,2,False,PASS
Patches_ICSE__Doverfitting__TBar__Math__patch1-Math-15-TBar-plausible,2,2,False,PASS
Patches_ICSE__Doverfitting__TBar__Math__patch1-Math-2-TBar-plausible,4,4,False,PASS
Patches_ICSE__Doverfitting__TBar__Math__patch1-Math-50-TBar-plausible,2,2,False,PASS
Patches_ICSE__Doverfitting__TBar__Math__patch1-Math-6-TBar-plausible,2,2,False,PASS
Patches_ICSE__Doverfitting__TBar__Math__patch1-Math-62-TBar-plausible,2,2,False,PASS
Patches_ICSE__Doverfitting__TBar__Math__patch1-Math-63-TBar-plausible,2,2,False,PASS
Patches_ICSE__Doverfitting__TBar__Math__patch1-Math-8-TBar-plausible,2,2,False,PASS
Patches_ICSE__Doverfitting__TBar__Math__patch1-Math-80-TBar-plausible,2,2,False,PASS
Patches_ICSE__Doverfitting__TBar__Math__patch1-Math-81-TBar-plausible,2,2,False,PASS
Patches_ICSE__Doverfitting__TBar__Math__patch1-Math-82-TBar-plausible,2,2,False,PASS
Patches_ICSE__Doverfitting__TBar__Math__patch1-Math-84-TBar-plausible,2,2,False,PASS
Patches_ICSE__Doverfitting__TBar__Math__patch1-Math-85-TBar-plausible,7,7,False,PASS
Patches_ICSE__Doverfitting__TBar__Math__patch1-Math-88-TBar-plausible,2,2,False,PASS
Patches_ICSE__Doverfitting__TBar__Math__patch1-Math-95-TBar-plausible,2,2,False,PASS
Patches_ICSE__Doverfitting__TBar__Math__patch1-Math-96-TBar-plausible,2,2,False,PASS
Patches_ICSE__Doverfitting__jGenProg__Chart__patch1-Chart-13-jGenProg-plausible,300,294,True,PASS
Patches_ICSE__Doverfitting__jGenProg__Chart__patch1-Chart-25-jGenProg-plausible,16,16,False,PASS
Patches_ICSE__Doverfitting__jGenProg__Chart__patch1-Chart-3-jGenProg-plausible,1,1,False,PASS
Patches_ICSE__Doverfitting__jGenProg__Chart__patch1-Chart-5-jGenProg-plausible,4,4,False,PASS
Patches_ICSE__Doverfitting__jGenProg__Chart__patch1-Chart-7-jGenProg-plausible,2,2,False,PASS
Patches_ICSE__Doverfitting__jGenProg__Closure__patch1-Closure-21-jGenProg-plausible,12,12,False,PASS
Patches_ICSE__Doverfitting__jGenProg__Closure__patch1-Closure-22-jGenProg-plausible,18,18,False,PASS
Patches_ICSE__Doverfitting__jGenProg__Lang__patch1-Lang-27-jGenProg-plausible,4,4,False,PASS
Patches_ICSE__Doverfitting__jGenProg__Lang__patch1-Lang-39-jGenProg-plausible,12,12,False,PASS
Patches_ICSE__Doverfitting__jGenProg__Math__patch1-Math-50-jGenProg-plausible,4,4,False,PASS
Patches_ICSE__Doverfitting__jGenProg__Math__patch1-Math-60-jGenProg-plausible,4,4,False,PASS
Patches_ICSE__Doverfitting__jGenProg__Math__patch1-Math-73-jGenProg-plausible,4,4,False,PASS
Patches_ICSE__Doverfitting__jGenProg__Math__patch1-Math-8-jGenProg-plausible,2,2,False,PASS
Patches_ICSE__Doverfitting__jGenProg__Math__patch1-Math-81-jGenProg-plausible,20,20,False,PASS
Patches_ICSE__Doverfitting__jGenProg__Math__patch1-Math-84-jGenProg-plausible,2,2,False,PASS
Patches_ICSE__Doverfitting__jGenProg__Math__patch1-Math-85-jGenProg-plausible,12,12,False,PASS
Patches_ICSE__Doverfitting__jGenProg__Math__patch1-Math-95-jGenProg-plausible,2,2,False,PASS
Patches_ICSE__Doverfitting__jKali__Chart__patch1-Chart-1-jKali-plausible,2,2,False,PASS
Patches_ICSE__Doverfitting__jKali__Chart__patch1-Chart-13-jKali-plausible,2,2,False,PASS
Patches_ICSE__Doverfitting__jKali__Chart__patch1-Chart-25-jKali-plausible,8,8,False,PASS
Patches_ICSE__Doverfitting__jKali__Chart__patch1-Chart-5-jKali-plausible,2,2,False,PASS
Patches_ICSE__Doverfitting__jKali__Closure__patch1-Closure-101-jKali-plausible,2,2,False,PASS
Patches_ICSE__Doverfitting__jKali__Closure__patch1-Closure-21-jKali-plausible,6,6,False,PASS
Patches_ICSE__Doverfitting__jKali__Closure__patch1-Closure-22-jKali-plausible,8,8,False,PASS
Patches_ICSE__Doverfitting__jKali__Closure__patch1-Closure-45-jKali-plausible,3,3,False,PASS
Patches_ICSE__Doverfitting__jKali__Closure__patch1-Closure-46-jKali-plausible,2,2,False,PASS
Patches_ICSE__Doverfitting__jKali__Closure__patch1-Closure-62-jKali-plausible,4,4,False,PASS
Patches_ICSE__Doverfitting__jKali__Closure__patch1-Closure-63-jKali-plausible,4,4,False,PASS
Patches_ICSE__Doverfitting__jKali__Lang__patch1-Lang-22-jKali-plausible,2,2,False,PASS
Patches_ICSE__Doverfitting__jKali__Lang__patch1-Lang-27-jKali-plausible,2,2,False,PASS
Patches_ICSE__Doverfitting__jKali__Math__patch1-Math-2-jKali-plausible,2,2,False,PASS
Patches_ICSE__Doverfitting__jKali__Math__patch1-Math-28-jKali-plausible,2,2,False,PASS
Patches_ICSE__Doverfitting__jKali__Math__patch1-Math-29-jKali-plausible,2,2,False,PASS
Patches_ICSE__Doverfitting__jKali__Math__patch1-Math-32-jKali-plausible,2,2,False,PASS
Patches_ICSE__Doverfitting__jKali__Math__patch1-Math-49-jKali-plausible,2,2,False,PASS
Patches_ICSE__Doverfitting__jKali__Math__patch1-Math-71-jKali-plausible,1,1,False,PASS
Patches_ICSE__Doverfitting__jKali__Math__patch1-Math-8-jKali-plausible,6,6,False,PASS
Patches_ICSE__Doverfitting__jKali__Math__patch1-Math-80-jKali-plausible,8,8,False,PASS
Patches_ICSE__Doverfitting__jMutRepair__Chart__patch1-Chart-25-jMutRepair-plausible,2,2,False,PASS
Patches_ICSE__Doverfitting__jMutRepair__Chart__patch1-Chart-26-jMutRepair-plausible,2,2,False,PASS
Patches_ICSE__Doverfitting__jMutRepair__Chart__patch1-Chart-7-jMutRepair-plausible,2,2,False,PASS
Patches_ICSE__Doverfitting__jMutRepair__Closure__patch1-Closure-126-jMutRepair-plausible,2,2,False,PASS
Patches_ICSE__Doverfitting__jMutRepair__Closure__patch1-Closure-21-jMutRepair-plausible,2,2,False,PASS
Patches_ICSE__Doverfitting__jMutRepair__Closure__patch1-Closure-22-jMutRepair-plausible,2,2,False,PASS
Patches_ICSE__Doverfitting__jMutRepair__Lang__patch1-Lang-22-jMutRepair-plausible,2,2,False,PASS
Patches_ICSE__Doverfitting__jMutRepair__Lang__patch1-Lang-27-jMutRepair-plausible,2,2,False,PASS
Patches_ICSE__Doverfitting__jMutRepair__Math__patch1-Math-2-jMutRepair-plausible,2,2,False,PASS
Patches_ICSE__Doverfitting__jMutRepair__Math__patch1-Math-28-jMutRepair-plausible,2,2,False,PASS
Patches_ICSE__Doverfitting__jMutRepair__Math__patch1-Math-50-jMutRepair-plausible,2,2,False,PASS
Patches_ICSE__Doverfitting__jMutRepair__Math__patch1-Math-52-jMutRepair-plausible,2,2,False,PASS
Patches_ICSE__Doverfitting__jMutRepair__Math__patch1-Math-57-jMutRepair-plausible,2,2,False,PASS
Patches_ICSE__Doverfitting__jMutRepair__Math__patch1-Math-80-jMutRepair-plausible,2,2,False,PASS
Patches_ICSE__Doverfitting__jMutRepair__Math__patch1-Math-81-jMutRepair-plausible,2,2,False,PASS
Patches_ICSE__Doverfitting__jMutRepair__Math__patch1-Math-84-jMutRepair-plausible,2,2,False,PASS
Patches_ICSE__Doverfitting__jMutRepair__Math__patch1-Math-88-jMutRepair-plausible,2,2,False,PASS
Patches_ICSE__Doverfitting__kPAR__Chart__patch1-Chart-13-kPAR-plausible,2,2,False,PASS
Patches_ICSE__Doverfitting__kPAR__Chart__patch1-Chart-14-kPAR-plausible,5,5,False,PASS
Patches_ICSE__Doverfitting__kPAR__Chart__patch1-Chart-15-kPAR-plausible,5,5,False,PASS
Patches_ICSE__Doverfitting__kPAR__Chart__patch1-Chart-17-kPAR-plausible,2,2,False,PASS
Patches_ICSE__Doverfitting__kPAR__Chart__patch1-Chart-25-kPAR-plausible,2,2,False,PASS
Patches_ICSE__Doverfitting__kPAR__Chart__patch1-Chart-26-kPAR-plausible,2,2,False,PASS
Patches_ICSE__Doverfitting__kPAR__Chart__patch1-Chart-3-kPAR-plausible,2,2,False,PASS
Patches_ICSE__Doverfitting__kPAR__Chart__patch1-Chart-5-kPAR-plausible,2,2,False,PASS
Patches_ICSE__Doverfitting__kPAR__Chart__patch1-Chart-7-kPAR-plausible,2,2,False,PASS
Patches_ICSE__Doverfitting__kPAR__Closure__patch1-Closure-109-kPAR-plausible,2,2,False,PASS
Patches_ICSE__Doverfitting__kPAR__Closure__patch1-Closure-115-kPAR-plausible,2,2,False,PASS
Patches_ICSE__Doverfitting__kPAR__Closure__patch1-Closure-126-kPAR-plausible,2,2,False,PASS
Patches_ICSE__Doverfitting__kPAR__Closure__patch1-Closure-129-kPAR-plausible,2,2,False,PASS
Patches_ICSE__Doverfitting__kPAR__Closure__patch1-Closure-35-kPAR-plausible,2,2,False,PASS
Patches_ICSE__Doverfitting__kPAR__Closure__patch1-Closure-46-kPAR-plausible,2,2,False,PASS
Patches_ICSE__Doverfitting__kPAR__Closure__patch1-Closure-62-kPAR-plausible,3,3,False,PASS
Patches_ICSE__Doverfitting__kPAR__Closure__patch1-Closure-63-kPAR-plausible,3,3,False,PASS
Patches_ICSE__Doverfitting__kPAR__Lang__patch1-Lang-10-kPAR-plausible,2,2,False,PASS
Patches_ICSE__Doverfitting__kPAR__Lang__patch1-Lang-16-kPAR-plausible,2,2,False,PASS
Patches_ICSE__Doverfitting__kPAR__Lang__patch1-Lang-18-kPAR-plausible,2,2,False,PASS
Patches_ICSE__Doverfitting__kPAR__Lang__patch1-Lang-20-kPAR-plausible,2,2,False,PASS
Patches_ICSE__Doverfitting__kPAR__Lang__patch1-Lang-21-kPAR-plausible,2,2,False,PASS
Patches_ICSE__Doverfitting__kPAR__Lang__patch1-Lang-24-kPAR-plausible,3,3,False,PASS
Patches_ICSE__Doverfitting__kPAR__Lang__patch1-Lang-27-kPAR-plausible,2,2,False,PASS
Patches_ICSE__Doverfitting__kPAR__Lang__patch1-Lang-41-kPAR-plausible,2,2,False,PASS
Patches_ICSE__Doverfitting__kPAR__Lang__patch1-Lang-43-kPAR-plausible,2,2,False,PASS
Patches_ICSE__Doverfitting__kPAR__Lang__patch1-Lang-44-kPAR-plausible,3,3,False,PASS
Patches_ICSE__Doverfitting__kPAR__Lang__patch1-Lang-45-kPAR-plausible,2,2,False,PASS
Patches_ICSE__Doverfitting__kPAR__Lang__patch1-Lang-51-kPAR-plausible,2,2,False,PASS
Patches_ICSE__Doverfitting__kPAR__Lang__patch1-Lang-53-kPAR-plausible,2,2,False,PASS
Patches_ICSE__Doverfitting__kPAR__Lang__patch1-Lang-57-kPAR-plausible,5,5,False,PASS
Patches_ICSE__Doverfitting__kPAR__Lang__patch1-Lang-58-kPAR-plausible,3,3,False,PASS
Patches_ICSE__Doverfitting__kPAR__Lang__patch1-Lang-59-kPAR-plausible,2,2,False,PASS
Patches_ICSE__Doverfitting__kPAR__Lang__patch1-Lang-63-kPAR-plausible,2,2,False,PASS
Patches_ICSE__Doverfitting__kPAR__Math__patch1-Math-104-kPAR-plausible,2,2,False,PASS
Patches_ICSE__Doverfitting__kPAR__Math__patch1-Math-15-kPAR-plausible,2,2,False,PASS
Patches_ICSE__Doverfitting__kPAR__Math__patch1-Math-2-kPAR-plausible,2,2,False,PASS
Patches_ICSE__Doverfitting__kPAR__Math__patch1-Math-40-kPAR-plausible,2,2,False,PASS
Patches_ICSE__Doverfitting__kPAR__Math__patch1-Math-42-kPAR-plausible,2,2,False,PASS
Patches_ICSE__Doverfitting__kPAR__Math__patch1-Math-43-kPAR-plausible,2,2,False,PASS
Patches_ICSE__Doverfitting__kPAR__Math__patch1-Math-49-kPAR-plausible,2,2,False,PASS
Patches_ICSE__Doverfitting__kPAR__Math__patch1-Math-50-kPAR-plausible,2,2,False,PASS
Patches_ICSE__Doverfitting__kPAR__Math__patch1-Math-62-kPAR-plausible,2,2,False,PASS
Patches_ICSE__Doverfitting__kPAR__Math__patch1-Math-63-kPAR-plausible,2,2,False,PASS
Patches_ICSE__Doverfitting__kPAR__Math__patch1-Math-7-kPAR-plausible,2,2,False,PASS
Patches_ICSE__Doverfitting__kPAR__Math__patch1-Math-8-kPAR-plausible,2,2,False,PASS
Patches_ICSE__Doverfitting__kPAR__Math__patch1-Math-80-kPAR-plausible,2,2,False,PASS
Patches_ICSE__Doverfitting__kPAR__Math__patch1-Math-81-kPAR-plausible,2,2,False,PASS
Patches_ICSE__Doverfitting__kPAR__Math__patch1-Math-82-kPAR-plausible,2,2,False,PASS
Patches_ICSE__Doverfitting__kPAR__Math__patch1-Math-84-kPAR-plausible,2,2,False,PASS
Patches_ICSE__Doverfitting__kPAR__Math__patch1-Math-88-kPAR-plausible,2,2,False,PASS
Patches_ICSE__Doverfitting__kPAR__Time__patch1-Time-17-kPAR-plausible,2,2,False,PASS
Patches_ICSE__Dsame__ACS__Chart__patch1-Chart-14-ACS,12,12,False,PASS
Patches_ICSE__Dsame__ACS__Time__patch1-Time-15-ACS,2,2,False,PASS
Patches_ICSE__Dsame__AVATAR__Chart__patch1-Chart-1-AVATAR,2,2,False,PASS
Patches_ICSE__Dsame__AVATAR__Chart__patch1-Chart-19-AVATAR,6,6,False,PASS
Patches_ICSE__Dsame__AVATAR__Chart__patch1-Chart-24-AVATAR,2,2,False,PASS
Patches_ICSE__Dsame__AVATAR__Chart__patch1-Chart-4-AVATAR,2,2,False,PASS
Patches_ICSE__Dsame__AVATAR__Closure__patch1-Closure-46-AVATAR,16,16,False,PASS
Patches_ICSE__Dsame__AVATAR__Closure__patch1-Closure-62-AVATAR,2,2,False,PASS
Patches_ICSE__Dsame__AVATAR__Closure__patch1-Closure-63-AVATAR,2,2,False,PASS
Patches_ICSE__Dsame__AVATAR__Closure__patch1-Closure-73-AVATAR,2,2,False,PASS
Patches_ICSE__Dsame__AVATAR__Lang__patch1-Lang-6-AVATAR,2,2,False,PASS
Patches_ICSE__Dsame__AVATAR__Lang__patch1-Lang-7-AVATAR,6,6,False,PASS
Patches_ICSE__Dsame__AVATAR__Math__patch1-Math-4-AVATAR,6,6,False,PASS
Patches_ICSE__Dsame__AVATAR__Math__patch1-Math-59-AVATAR,2,2,False,PASS
Patches_ICSE__Dsame__AVATAR__Math__patch1-Math-89-AVATAR,4,4,False,PASS
Patches_ICSE__Dsame__Arja__Math__patch1-Math-58-Arja,2,2,False,PASS
Patches_ICSE__Dsame__Arja__Math__patch1-Math-98-Arja,2,2,False,PASS
Patches_ICSE__Dsame__Cardumen__Math__patch1-Math-70-Cardumen,2,2,False,PASS
Patches_ICSE__Dsame__FixMiner__Chart__patch1-Chart-1-FixMiner,2,2,False,PASS
Patches_ICSE__Dsame__FixMiner__Chart__patch1-Chart-19-FixMiner,6,6,False,PASS
Patches_ICSE__Dsame__FixMiner__Chart__patch1-Chart-4-FixMiner,2,2,False,PASS
Patches_ICSE__Dsame__FixMiner__Math__patch1-Math-22-FixMiner,2,2,False,PASS
Patches_ICSE__Dsame__FixMiner__Math__patch1-Math-30-FixMiner,2,2,False,PASS
Patches_ICSE__Dsame__FixMiner__Math__patch1-Math-34-FixMiner,2,2,False,PASS
Patches_ICSE__Dsame__FixMiner__Math__patch1-Math-57-FixMiner,2,2,False,PASS
Patches_ICSE__Dsame__FixMiner__Math__patch1-Math-70-FixMiner,2,2,False,PASS
Patches_ICSE__Dsame__FixMiner__Math__patch1-Math-75-FixMiner,2,2,False,PASS
Patches_ICSE__Dsame__FixMiner__Math__patch1-Math-79-FixMiner,4,4,False,PASS
Patches_ICSE__Dsame__RSRepair__Closure__patch1-Closure-126-RSRepair,4,4,False,PASS
Patches_ICSE__Dsame__SimFix__Chart__patch1-Chart-1-SimFix,2,2,False,PASS
Patches_ICSE__Dsame__SimFix__Chart__patch1-Chart-7-SimFix,4,4,False,PASS
Patches_ICSE__Dsame__SimFix__Closure__patch1-Closure-62-SimFix,2,2,False,PASS
Patches_ICSE__Dsame__SimFix__Closure__patch1-Closure-63-SimFix,2,2,False,PASS
Patches_ICSE__Dsame__SimFix__Closure__patch1-Closure-73-SimFix,2,2,False,PASS
Patches_ICSE__Dsame__SimFix__Lang__patch1-Lang-33-SimFix,2,2,False,PASS
Patches_ICSE__Dsame__SimFix__Lang__patch1-Lang-39-SimFix,3,3,False,PASS
Patches_ICSE__Dsame__SimFix__Lang__patch1-Lang-43-SimFix,1,1,False,PASS
Patches_ICSE__Dsame__SimFix__Lang__patch1-Lang-58-SimFix,3,3,False,PASS
Patches_ICSE__Dsame__SimFix__Math__patch1-Math-41-SimFix,2,2,False,PASS
Patches_ICSE__Dsame__SimFix__Math__patch1-Math-5-SimFix,2,2,False,PASS
Patches_ICSE__Dsame__SimFix__Math__patch1-Math-53-SimFix,3,3,False,PASS
Patches_ICSE__Dsame__SimFix__Math__patch1-Math-57-SimFix,2,2,False,PASS
Patches_ICSE__Dsame__SimFix__Math__patch1-Math-59-SimFix,2,2,False,PASS
Patches_ICSE__Dsame__SimFix__Math__patch1-Math-70-SimFix,2,2,False,PASS
Patches_ICSE__Dsame__SimFix__Math__patch1-Math-75-SimFix,2,2,False,PASS
Patches_ICSE__Dsame__SimFix__Math__patch1-Math-79-SimFix,4,4,False,PASS
Patches_ICSE__Dsame__TBar__Chart__patch1-Chart-1-TBar,2,2,False,PASS
Patches_ICSE__Dsame__TBar__Chart__patch1-Chart-19-TBar,6,6,False,PASS
Patches_ICSE__Dsame__TBar__Chart__patch1-Chart-20-TBar,2,2,False,PASS
Patches_ICSE__Dsame__TBar__Chart__patch1-Chart-24-TBar,2,2,False,PASS
Patches_ICSE__Dsame__TBar__Chart__patch1-Chart-4-TBar,2,2,False,PASS
Patches_ICSE__Dsame__TBar__Chart__patch1-Chart-9-TBar,2,2,False,PASS
Patches_ICSE__Dsame__TBar__Closure__patch1-Closure-62-TBar,2,2,False,PASS
Patches_ICSE__Dsame__TBar__Closure__patch1-Closure-63-TBar,2,2,False,PASS
Patches_ICSE__Dsame__TBar__Closure__patch1-Closure-73-TBar,2,2,False,PASS
Patches_ICSE__Dsame__TBar__Lang__patch1-Lang-57-TBar,2,2,False,PASS
Patches_ICSE__Dsame__TBar__Lang__patch1-Lang-59-TBar,2,2,False,PASS
Patches_ICSE__Dsame__TBar__Math__patch1-Math-5-TBar,2,2,False,PASS
Patches_ICSE__Dsame__TBar__Math__patch1-Math-57-TBar,2,2,False,PASS
Patches_ICSE__Dsame__TBar__Math__patch1-Math-70-TBar,2,2,False,PASS
Patches_ICSE__Dsame__TBar__Math__patch1-Math-75-TBar,2,2,False,PASS
Patches_ICSE__Dsame__TBar__Math__patch1-Math-79-TBar,4,4,False,PASS
Patches_ICSE__Dsame__TBar__Math__patch1-Math-89-TBar,4,4,False,PASS
Patches_ICSE__Dsame__jGenProg__Math__patch1-Math-70-jGenProg,2,2,False,PASS
Patches_ICSE__Dsame__jMutRepair__Chart__patch1-Chart-1-jMutRepair,2,2,False,PASS
Patches_ICSE__Dsame__jMutRepair__Closure__patch1-Closure-62-jMutRepair,2,2,False,PASS
Patches_ICSE__Dsame__jMutRepair__Closure__patch1-Closure-63-jMutRepair,2,2,False,PASS
Patches_ICSE__Dsame__jMutRepair__Math__patch1-Math-82-jMutRepair,2,2,False,PASS
Patches_ICSE__Dsame__jMutRepair__Math__patch1-Math-85-jMutRepair,2,2,False,PASS
Patches_ICSE__Dsame__kPAR__Chart__patch1-Chart-1-kPAR,2,2,False,PASS
Patches_ICSE__Dsame__kPAR__Chart__patch1-Chart-19-kPAR,6,6,False,PASS
Patches_ICSE__Dsame__kPAR__Chart__patch1-Chart-4-kPAR,2,2,False,PASS
Patches_ICSE__Dsame__kPAR__Closure__patch1-Closure-73-kPAR,2,2,False,PASS
Patches_ICSE__Dsame__kPAR__Math__patch1-Math-58-kPAR,2,2,False,PASS
Patches_ICSE__Dsame__kPAR__Math__patch1-Math-70-kPAR,2,2,False,PASS
Patches_ICSE__Dsame__kPAR__Math__patch1-Math-75-kPAR,2,2,False,PASS
Patches_ICSE__Dsame__kPAR__Math__patch1-Math-89-kPAR,4,4,False,PASS
Patches_ICSE__Error__patch1-Chart-12-FixMiner-plausible,2,2,False,PASS
Patches_ICSE__Error__patch1-Chart-12-kPAR-plausible,2,2,False,PASS
Patches_ICSE__Error__patch1-Closure-106-SimFix-plausible,1,1,False,PASS
Patches_others__Dcorrect__CapGen__Chart__patch1-Chart-1-CapGen,2,2,False,PASS
Patches_others__Dcorrect__CapGen__Chart__patch1-Chart-11-CapGen,2,2,False,PASS
Patches_others__Dcorrect__CapGen__Chart__patch1-Chart-24-CapGen,2,2,False,PASS
Patches_others__Dcorrect__CapGen__Chart__patch1-Chart-8-CapGen,2,2,False,PASS
Patches_others__Dcorrect__CapGen__Chart__patch2-Chart-11-CapGen,2,2,False,PASS
Patches_others__Dcorrect__CapGen__Lang__patch1-Lang-26-CapGen,2,2,False,PASS
Patches_others__Dcorrect__CapGen__Lang__patch1-Lang-43-CapGen,1,1,False,PASS
Patches_others__Dcorrect__CapGen__Lang__patch1-Lang-57-CapGen,2,2,False,PASS
Patches_others__Dcorrect__CapGen__Lang__patch1-Lang-59-CapGen,2,2,False,PASS
Patches_others__Dcorrect__CapGen__Lang__patch1-Lang-6-CapGen,2,2,False,PASS
Patches_others__Dcorrect__CapGen__Lang__patch2-Lang-43-CapGen,1,1,False,PASS
Patches_others__Dcorrect__CapGen__Lang__patch2-Lang-57-CapGen,2,2,False,PASS
Patches_others__Dcorrect__CapGen__Lang__patch3-Lang-43-CapGen,1,1,False,PASS
Patches_others__Dcorrect__CapGen__Lang__patch3-Lang-57-CapGen,2,2,False,PASS
Patches_others__Dcorrect__CapGen__Math__patch1-Math-30-CapGen,2,2,False,PASS
Patches_others__Dcorrect__CapGen__Math__patch1-Math-33-CapGen,2,2,False,PASS
Patches_others__Dcorrect__CapGen__Math__patch1-Math-5-CapGen,2,2,False,PASS
Patches_others__Dcorrect__CapGen__Math__patch1-Math-53-CapGen,1,1,False,PASS
Patches_others__Dcorrect__CapGen__Math__patch1-Math-57-CapGen,2,2,False,PASS
Patches_others__Dcorrect__CapGen__Math__patch1-Math-58-CapGen,3,3,False,PASS
Patches_others__Dcorrect__CapGen__Math__patch1-Math-59-CapGen,2,2,False,PASS
Patches_others__Dcorrect__CapGen__Math__patch1-Math-63-CapGen,2,2,False,PASS
Patches_others__Dcorrect__CapGen__Math__patch1-Math-65-CapGen,2,2,False,PASS
Patches_others__Dcorrect__CapGen__Math__patch1-Math-70-CapGen,3,3,False,PASS
Patches_others__Dcorrect__CapGen__Math__patch1-Math-75-CapGen,2,2,False,PASS
Patches_others__Dcorrect__CapGen__Math__patch1-Math-80-CapGen,2,2,False,PASS
Patches_others__Dcorrect__CapGen__Math__patch1-Math-85-CapGen,2,2,False,PASS
Patches_others__Dcorrect__CapGen__Math__patch2-Math-53-CapGen,1,1,False,PASS
Patches_others__Dcorrect__Jaid__Chart__patch1-Chart-1-Jaid,2,2,False,PASS
Patches_others__Dcorrect__Jaid__Chart__patch1-Chart-24-Jaid,1,1,False,PASS
Patches_others__Dcorrect__Jaid__Chart__patch1-Chart-26-Jaid,2,2,False,PASS
Patches_others__Dcorrect__Jaid__Chart__patch1-Chart-9-Jaid,2,2,False,PASS
Patches_others__Dcorrect__Jaid__Chart__patch2-Chart-24-Jaid,3,3,False,PASS
Patches_others__Dcorrect__Jaid__Chart__patch2-Chart-26-Jaid,3,3,False,PASS
Patches_others__Dcorrect__Jaid__Chart__patch2-Chart-9-Jaid,2,2,False,PASS
Patches_others__Dcorrect__Jaid__Chart__patch3-Chart-26-Jaid,3,3,False,PASS
Patches_others__Dcorrect__Jaid__Closure__patch1-Closure-126-Jaid,2,2,False,PASS
Patches_others__Dcorrect__Jaid__Closure__patch1-Closure-18-Jaid,2,2,False,PASS
Patches_others__Dcorrect__Jaid__Closure__patch1-Closure-31-Jaid,2,2,False,PASS
Patches_others__Dcorrect__Jaid__Closure__patch1-Closure-33-Jaid,3,3,False,PASS
Patches_others__Dcorrect__Jaid__Closure__patch1-Closure-40-Jaid,2,2,False,PASS
Patches_others__Dcorrect__Jaid__Closure__patch1-Closure-62-Jaid,2,2,False,PASS
Patches_others__Dcorrect__Jaid__Closure__patch1-Closure-63-Jaid,2,2,False,PASS
Patches_others__Dcorrect__Jaid__Closure__patch1-Closure-70-Jaid,2,2,False,PASS
Patches_others__Dcorrect__Jaid__Closure__patch1-Closure-73-Jaid,2,2,False,PASS
Patches_others__Dcorrect__Jaid__Lang__patch1-Lang-33-Jaid,4,4,False,PASS
Patches_others__Dcorrect__Jaid__Lang__patch1-Lang-38-Jaid,1,1,False,PASS
Patches_others__Dcorrect__Jaid__Lang__patch1-Lang-45-Jaid,6,6,False,PASS
Patches_others__Dcorrect__Jaid__Lang__patch1-Lang-51-Jaid,3,3,False,PASS
Patches_others__Dcorrect__Jaid__Lang__patch1-Lang-55-Jaid,2,2,False,PASS
Patches_others__Dcorrect__Jaid__Lang__patch2-Lang-33-Jaid,7,7,False,PASS
Patches_others__Dcorrect__Jaid__Lang__patch2-Lang-38-Jaid,1,1,False,PASS
Patches_others__Dcorrect__Jaid__Lang__patch2-Lang-51-Jaid,4,4,False,PASS
Patches_others__Dcorrect__Jaid__Lang__patch3-Lang-38-Jaid,3,3,False,PASS
Patches_others__Dcorrect__Jaid__Lang__patch3-Lang-51-Jaid,3,3,False,PASS
Patches_others__Dcorrect__Jaid__Lang__patch4-Lang-38-Jaid,3,3,False,PASS
Patches_others__Dcorrect__Jaid__Lang__patch4-Lang-51-Jaid,3,3,False,PASS
Patches_others__Dcorrect__Jaid__Lang__patch5-Lang-51-Jaid,3,3,False,PASS
Patches_others__Dcorrect__Jaid__Lang__patch6-Lang-51-Jaid,3,3,False,PASS
Patches_others__Dcorrect__Jaid__Math__patch1-Math-32-Jaid,2,2,False,PASS
Patches_others__Dcorrect__Jaid__Math__patch1-Math-5-Jaid,4,4,False,PASS
Patches_others__Dcorrect__Jaid__Math__patch1-Math-50-Jaid,2,2,False,PASS
Patches_others__Dcorrect__Jaid__Math__patch1-Math-53-Jaid,3,3,False,PASS
Patches_others__Dcorrect__Jaid__Math__patch1-Math-80-Jaid,3,3,False,PASS
Patches_others__Dcorrect__Jaid__Math__patch1-Math-82-Jaid,2,2,False,PASS
Patches_others__Dcorrect__Jaid__Math__patch1-Math-85-Jaid,2,2,False,PASS
Patches_others__Dcorrect__Jaid__Math__patch2-Math-5-Jaid,3,3,False,PASS
Patches_others__Dcorrect__Jaid__Math__patch2-Math-53-Jaid,3,3,False,PASS
Patches_others__Dcorrect__Jaid__Math__patch2-Math-80-Jaid,1,1,False,PASS
Patches_others__Dcorrect__Jaid__Math__patch3-Math-5-Jaid,3,3,False,PASS
Patches_others__Dcorrect__SOFix__Chart__patch1-Chart-1-SOFix,2,2,False,PASS
Patches_others__Dcorrect__SOFix__Chart__patch1-Chart-11-SOFix,2,2,False,PASS
Patches_others__Dcorrect__SOFix__Chart__patch1-Chart-24-SOFix,2,2,False,PASS
Patches_others__Dcorrect__SOFix__Chart__patch1-Chart-26-SOFix,2,2,False,PASS
Patches_others__Dcorrect__SOFix__Chart__patch1-Chart-4-SOFix,3,3,False,PASS
Patches_others__Dcorrect__SOFix__Lang__patch1-Lang-51-SOFix,1,1,False,PASS
Patches_others__Dcorrect__SOFix__Lang__patch1-Lang-59-SOFix,2,2,False,PASS
Patches_others__Dcorrect__SOFix__Lang__patch1-Lang-6-SOFix,2,2,False,PASS
Patches_others__Dcorrect__SOFix__Math__patch1-Math-2-SOFix,2,2,False,PASS
Patches_others__Dcorrect__SOFix__Math__patch1-Math-33-SOFix,2,2,False,PASS
Patches_others__Dcorrect__SOFix__Math__patch1-Math-34-SOFix,2,2,False,PASS
Patches_others__Dcorrect__SOFix__Math__patch1-Math-5-SOFix,2,2,False,PASS
Patches_others__Dcorrect__SOFix__Math__patch1-Math-50-SOFix,5,5,False,PASS
Patches_others__Dcorrect__SOFix__Math__patch1-Math-57-SOFix,2,2,False,PASS
Patches_others__Dcorrect__SOFix__Math__patch1-Math-58-SOFix,2,2,False,PASS
Patches_others__Dcorrect__SOFix__Math__patch1-Math-59-SOFix,2,2,False,PASS
Patches_others__Dcorrect__SOFix__Math__patch1-Math-70-SOFix,3,3,False,PASS
Patches_others__Dcorrect__SOFix__Math__patch1-Math-75-SOFix,2,2,False,PASS
Patches_others__Dcorrect__SOFix__Math__patch1-Math-80-SOFix,2,2,False,PASS
Patches_others__Dcorrect__SOFix__Math__patch1-Math-82-SOFix,2,2,False,PASS
Patches_others__Dcorrect__SOFix__Math__patch1-Math-85-SOFix,2,2,False,PASS
Patches_others__Dcorrect__SOFix__Time__patch1-Time-19-SOFix,2,2,False,PASS
Patches_others__Dcorrect__SequenceR__Chart__patch1-Chart-1-SequenceR,2,2,False,PASS
Patches_others__Dcorrect__SequenceR__Chart__patch1-Chart-11-SequenceR,2,2,False,PASS
Patches_others__Dcorrect__SequenceR__Chart__patch1-Chart-9-SequenceR,2,2,False,PASS
Patches_others__Dcorrect__SequenceR__Closure__patch1-Closure-18-SequenceR,2,2,False,PASS
Patches_others__Dcorrect__SequenceR__Closure__patch1-Closure-73-SequenceR,2,2,False,PASS
Patches_others__Dcorrect__SequenceR__Closure__patch1-Closure-86-SequenceR,2,2,False,PASS
Patches_others__Dcorrect__SequenceR__Closure__patch2-Closure-73-SequenceR,2,2,False,PASS
Patches_others__Dcorrect__SequenceR__Lang__patch1-Lang-59-SequenceR,2,2,False,PASS
Patches_others__Dcorrect__SequenceR__Lang__patch1-Lang-6-SequenceR,2,2,False,PASS
Patches_others__Dcorrect__SequenceR__Math__patch1-Math-30-SequenceR,2,2,False,PASS
Patches_others__Dcorrect__SequenceR__Math__patch1-Math-5-SequenceR,2,2,False,PASS
Patches_others__Dcorrect__SequenceR__Math__patch1-Math-57-SequenceR,2,2,False,PASS
Patches_others__Dcorrect__SequenceR__Math__patch1-Math-58-SequenceR,2,2,False,PASS
Patches_others__Dcorrect__SequenceR__Math__patch1-Math-75-SequenceR,2,2,False,PASS
Patches_others__Dcorrect__SequenceR__Math__patch1-Math-82-SequenceR,2,2,False,PASS
Patches_others__Dcorrect__SequenceR__Math__patch1-Math-85-SequenceR,2,2,False,PASS
Patches_others__Dcorrect__SequenceR__Math__patch2-Math-82-SequenceR,2,2,False,PASS
Patches_others__Dcorrect__SketchFix__Chart__patch1-Chart-1-SketchFix,2,2,False,PASS
Patches_others__Dcorrect__SketchFix__Chart__patch1-Chart-11-SketchFix,2,2,False,PASS
Patches_others__Dcorrect__SketchFix__Chart__patch1-Chart-20-SketchFix,2,2,False,PASS
Patches_others__Dcorrect__SketchFix__Chart__patch1-Chart-24-SketchFix,2,2,False,PASS
Patches_others__Dcorrect__SketchFix__Chart__patch1-Chart-8-SketchFix,2,2,False,PASS
Patches_others__Dcorrect__SketchFix__Chart__patch1-Chart-9-SketchFix,2,2,False,PASS
Patches_others__Dcorrect__SketchFix__Closure__patch1-Closure-126-SketchFix,2,2,False,PASS
Patches_others__Dcorrect__SketchFix__Closure__patch1-Closure-14-SketchFix,2,2,False,PASS
Patches_others__Dcorrect__SketchFix__Lang__patch1-Lang-59-SketchFix,2,2,False,PASS
Patches_others__Dcorrect__SketchFix__Lang__patch1-Lang-6-SketchFix,2,2,False,PASS
Patches_others__Dcorrect__SketchFix__Math__patch1-Math-33-SketchFix,2,2,False,PASS
Patches_others__Dcorrect__SketchFix__Math__patch1-Math-5-SketchFix,2,2,False,PASS
Patches_others__Dcorrect__SketchFix__Math__patch1-Math-50-SketchFix,4,4,False,PASS
Patches_others__Dcorrect__SketchFix__Math__patch1-Math-59-SketchFix,2,2,False,PASS
Patches_others__Dcorrect__SketchFix__Math__patch1-Math-70-SketchFix,2,2,False,PASS
Patches_others__Dcorrect__SketchFix__Math__patch1-Math-82-SketchFix,2,2,False,PASS
Patches_others__Doverfitting__CapGen__Lang__patch1-Lang-43-CapGen-plausible,1,1,False,PASS
Patches_others__Doverfitting__CapGen__Lang__patch1-Lang-59-CapGen-plausible,2,2,False,PASS
Patches_others__Doverfitting__CapGen__Lang__patch10-Lang-59-CapGen-plausible,3,3,False,PASS
Patches_others__Doverfitting__CapGen__Lang__patch11-Lang-59-CapGen-plausible,3,3,False,PASS
Patches_others__Doverfitting__CapGen__Lang__patch12-Lang-59-CapGen-plausible,3,3,False,PASS
Patches_others__Doverfitting__CapGen__Lang__patch13-Lang-59-CapGen-plausible,3,3,False,PASS
Patches_others__Doverfitting__CapGen__Lang__patch2-Lang-59-CapGen-plausible,2,2,False,PASS
Patches_others__Doverfitting__CapGen__Lang__patch3-Lang-59-CapGen-plausible,3,3,False,PASS
Patches_others__Doverfitting__CapGen__Lang__patch4-Lang-59-CapGen-plausible,3,3,False,PASS
Patches_others__Doverfitting__CapGen__Lang__patch5-Lang-59-CapGen-plausible,3,3,False,PASS
Patches_others__Doverfitting__CapGen__Lang__patch6-Lang-59-CapGen-plausible,3,3,False,PASS
Patches_others__Doverfitting__CapGen__Lang__patch7-Lang-59-CapGen-plausible,3,3,False,PASS
Patches_others__Doverfitting__CapGen__Lang__patch8-Lang-59-CapGen-plausible,2,2,False,PASS
Patches_others__Doverfitting__CapGen__Lang__patch9-Lang-59-CapGen-plausible,2,2,False,PASS
Patches_others__Doverfitting__CapGen__Math__patch1-Math-5-CapGen-plausible,2,2,False,PASS
Patches_others__Doverfitting__CapGen__Math__patch1-Math-63-CapGen-plausible,2,2,False,PASS
Patches_others__Doverfitting__CapGen__Math__patch1-Math-80-CapGen-plausible,2,2,False,PASS
Patches_others__Doverfitting__CapGen__Math__patch1-Math-85-CapGen-plausible,2,2,False,PASS
Patches_others__Doverfitting__CapGen__Math__patch10-Math-80-CapGen-plausible,2,2,False,PASS
Patches_others__Doverfitting__CapGen__Math__patch2-Math-5-CapGen-plausible,2,2,False,PASS
Patches_others__Doverfitting__CapGen__Math__patch2-Math-63-CapGen-plausible,2,2,False,PASS
Patches_others__Doverfitting__CapGen__Math__patch2-Math-80-CapGen-plausible,2,2,False,PASS
Patches_others__Doverfitting__CapGen__Math__patch2-Math-85-CapGen-plausible,2,2,False,PASS
Patches_others__Doverfitting__CapGen__Math__patch3-Math-5-CapGen-plausible,2,2,False,PASS
Patches_others__Doverfitting__CapGen__Math__patch3-Math-63-CapGen-plausible,2,2,False,PASS
Patches_others__Doverfitting__CapGen__Math__patch3-Math-80-CapGen-plausible,2,2,False,PASS
Patches_others__Doverfitting__CapGen__Math__patch3-Math-85-CapGen-plausible,2,2,False,PASS
Patches_others__Doverfitting__CapGen__Math__patch4-Math-63-CapGen-plausible,2,2,False,PASS
Patches_others__Doverfitting__CapGen__Math__patch4-Math-80-CapGen-plausible,2,2,False,PASS
Patches_others__Doverfitting__CapGen__Math__patch5-Math-63-CapGen-plausible,2,2,False,PASS
Patches_others__Doverfitting__CapGen__Math__patch5-Math-80-CapGen-plausible,2,2,False,PASS
Patches_others__Doverfitting__CapGen__Math__patch6-Math-63-CapGen-plausible,2,2,False,PASS
Patches_others__Doverfitting__CapGen__Math__patch6-Math-80-CapGen-plausible,2,2,False,PASS
Patches_others__Doverfitting__CapGen__Math__patch7-Math-63-CapGen-plausible,2,2,False,PASS
Patches_others__Doverfitting__CapGen__Math__patch7-Math-80-CapGen-plausible,2,2,False,PASS
Patches_others__Doverfitting__CapGen__Math__patch8-Math-63-CapGen-plausible,2,2,False,PASS
Patches_others__Doverfitting__CapGen__Math__patch8-Math-80-CapGen-plausible,2,2,False,PASS
Patches_others__Doverfitting__CapGen__Math__patch9-Math-80-CapGen-plausible,2,2,False,PASS
Patches_others__Doverfitting__Jaid__Chart__patch1-Chart-1-Jaid-plausible,2,2,False,PASS
Patches_others__Doverfitting__Jaid__Chart__patch1-Chart-26-Jaid-plausible,1,1,False,PASS
Patches_others__Doverfitting__Jaid__Chart__patch1-Chart-9-Jaid-plausible,4,4,False,PASS
Patches_others__Doverfitting__Jaid__Chart__patch2-Chart-1-Jaid-plausible,2,2,False,PASS
Patches_others__Doverfitting__Jaid__Chart__patch2-Chart-26-Jaid-plausible,2,2,False,PASS
Patches_others__Doverfitting__Jaid__Chart__patch2-Chart-9-Jaid-plausible,3,3,False,PASS
Patches_others__Doverfitting__Jaid__Chart__patch3-Chart-1-Jaid-plausible,2,2,False,PASS
Patches_others__Doverfitting__Jaid__Chart__patch3-Chart-9-Jaid-plausible,3,3,False,PASS
Patches_others__Doverfitting__Jaid__Closure__patch1-Closure-33-Jaid-plausible,3,3,False,PASS
Patches_others__Doverfitting__Jaid__Closure__patch1-Closure-62-Jaid-plausible,2,2,False,PASS
Patches_others__Doverfitting__Jaid__Closure__patch1-Closure-63-Jaid-plausible,2,2,False,PASS
Patches_others__Doverfitting__Jaid__Closure__patch2-Closure-33-Jaid-plausible,3,3,False,PASS
Patches_others__Doverfitting__Jaid__Lang__patch1-Lang-45-Jaid-plausible,5,5,False,PASS
Patches_others__Doverfitting__Jaid__Lang__patch1-Lang-51-Jaid-plausible,3,3,False,PASS
Patches_others__Doverfitting__Jaid__Lang__patch1-Lang-55-Jaid-plausible,3,3,False,PASS
Patches_others__Doverfitting__Jaid__Lang__patch1-Lang-61-Jaid-plausible,2,2,False,PASS
Patches_others__Doverfitting__Jaid__Lang__patch2-Lang-45-Jaid-plausible,5,5,False,PASS
Patches_others__Doverfitting__Jaid__Lang__patch2-Lang-51-Jaid-plausible,3,3,False,PASS
Patches_others__Doverfitting__Jaid__Lang__patch2-Lang-55-Jaid-plausible,4,4,False,PASS
Patches_others__Doverfitting__Jaid__Lang__patch2-Lang-61-Jaid-plausible,2,2,False,PASS
Patches_others__Doverfitting__Jaid__Lang__patch3-Lang-51-Jaid-plausible,4,4,False,PASS
Patches_others__Doverfitting__Jaid__Lang__patch3-Lang-55-Jaid-plausible,3,3,False,PASS
Patches_others__Doverfitting__Jaid__Math__patch1-Math-32-Jaid-plausible,2,2,False,PASS
Patches_others__Doverfitting__Jaid__Math__patch1-Math-50-Jaid-plausible,4,4,False,PASS
Patches_others__Doverfitting__Jaid__Math__patch1-Math-53-Jaid-plausible,3,3,False,PASS
Patches_others__Doverfitting__Jaid__Math__patch1-Math-80-Jaid-plausible,3,3,False,PASS
Patches_others__Doverfitting__Jaid__Math__patch1-Math-82-Jaid-plausible,4,4,False,PASS
Patches_others__Doverfitting__Jaid__Math__patch1-Math-85-Jaid-plausible,2,2,False,PASS
Patches_others__Doverfitting__Jaid__Math__patch2-Math-53-Jaid-plausible,3,3,False,PASS
Patches_others__Doverfitting__Jaid__Math__patch2-Math-80-Jaid-plausible,3,3,False,PASS
Patches_others__Doverfitting__Jaid__Math__patch2-Math-82-Jaid-plausible,3,3,False,PASS
Patches_others__Doverfitting__Jaid__Math__patch2-Math-85-Jaid-plausible,2,2,False,PASS
Patches_others__Doverfitting__Jaid__Math__patch3-Math-50-Jaid-plausible,2,2,False,PASS
Patches_others__Doverfitting__Jaid__Math__patch3-Math-53-Jaid-plausible,4,4,False,PASS
Patches_others__Doverfitting__Jaid__Math__patch3-Math-80-Jaid-plausible,3,3,False,PASS
Patches_others__Doverfitting__Jaid__Math__patch3-Math-82-Jaid-plausible,2,2,False,PASS
Patches_others__Doverfitting__Jaid__Math__patch3-Math-85-Jaid-plausible,2,2,False,PASS
Patches_others__Doverfitting__Jaid__Math__patch4-Math-82-Jaid-plausible,2,2,False,PASS
Patches_others__Doverfitting__Jaid__Math__patch4-Math-85-Jaid-plausible,2,2,False,PASS
Patches_others__Doverfitting__SOFix__Math__patch1-Math-2-SOFix-plausible,2,2,False,PASS
Patches_others__Doverfitting__SOFix__Math__patch2-Math-2-SOFix-plausible,2,2,False,PASS
Patches_others__Doverfitting__SequenceR__Chart__patch2-Chart-1-SequenceR,2,2,False,PASS
Patches_others__Doverfitting__SequenceR__Chart__patch3-Chart-1-SequenceR,2,2,False,PASS
Patches_others__Doverfitting__SequenceR__Chart__patch4-Chart-1-SequenceR,2,2,False,PASS
Patches_others__Doverfitting__SequenceR__Closure__patch1-Closure-123-SequenceR,2,2,False,PASS
Patches_others__Doverfitting__SequenceR__Closure__patch1-Closure-18-SequenceR,2,2,False,PASS
Patches_others__Doverfitting__SequenceR__Closure__patch1-Closure-38-SequenceR,2,2,False,PASS
Patches_others__Doverfitting__SequenceR__Closure__patch1-Closure-73-SequenceR,2,2,False,PASS
Patches_others__Doverfitting__SequenceR__Closure__patch1-Closure-92-SequenceR,2,2,False,PASS
Patches_others__Doverfitting__SequenceR__Closure__patch1-Closure-93-SequenceR,2,2,False,PASS
Patches_others__Doverfitting__SequenceR__Closure__patch10-Closure-92-SequenceR,2,2,False,PASS
Patches_others__Doverfitting__SequenceR__Closure__patch10-Closure-93-SequenceR,2,2,False,PASS
Patches_others__Doverfitting__SequenceR__Closure__patch2-Closure-38-SequenceR,2,2,False,PASS
Patches_others__Doverfitting__SequenceR__Closure__patch2-Closure-86-SequenceR,2,2,False,PASS
Patches_others__Doverfitting__SequenceR__Closure__patch2-Closure-92-SequenceR,2,2,False,PASS
Patches_others__Doverfitting__SequenceR__Closure__patch2-Closure-93-SequenceR,2,2,False,PASS
Patches_others__Doverfitting__SequenceR__Closure__patch3-Closure-18-SequenceR,2,2,False,PASS
Patches_others__Doverfitting__SequenceR__Closure__patch3-Closure-38-SequenceR,2,2,False,PASS
Patches_others__Doverfitting__SequenceR__Closure__patch3-Closure-86-SequenceR,2,2,False,PASS
Patches_others__Doverfitting__SequenceR__Closure__patch3-Closure-92-SequenceR,2,2,False,PASS
Patches_others__Doverfitting__SequenceR__Closure__patch3-Closure-93-SequenceR,2,2,False,PASS
Patches_others__Doverfitting__SequenceR__Closure__patch4-Closure-18-SequenceR,2,2,False,PASS
Patches_others__Doverfitting__SequenceR__Closure__patch4-Closure-86-SequenceR,2,2,False,PASS
Patches_others__Doverfitting__SequenceR__Closure__patch4-Closure-92-SequenceR,2,2,False,PASS
Patches_others__Doverfitting__SequenceR__Closure__patch4-Closure-93-SequenceR,2,2,False,PASS
Patches_others__Doverfitting__SequenceR__Closure__patch5-Closure-18-SequenceR,2,2,False,PASS
Patches_others__Doverfitting__SequenceR__Closure__patch5-Closure-86-SequenceR,2,2,False,PASS
Patches_others__Doverfitting__SequenceR__Closure__patch5-Closure-92-SequenceR,2,2,False,PASS
Patches_others__Doverfitting__SequenceR__Closure__patch5-Closure-93-SequenceR,2,2,False,PASS
Patches_others__Doverfitting__SequenceR__Closure__patch6-Closure-92-SequenceR,2,2,False,PASS
Patches_others__Doverfitting__SequenceR__Closure__patch6-Closure-93-SequenceR,2,2,False,PASS
Patches_others__Doverfitting__SequenceR__Closure__patch7-Closure-92-SequenceR,2,2,False,PASS
Patches_others__Doverfitting__SequenceR__Closure__patch8-Closure-92-SequenceR,2,2,False,PASS
Patches_others__Doverfitting__SequenceR__Closure__patch8-Closure-93-SequenceR,2,2,False,PASS
Patches_others__Doverfitting__SequenceR__Closure__patch9-Closure-92-SequenceR,2,2,False,PASS
Patches_others__Doverfitting__SequenceR__Closure__patch9-Closure-93-SequenceR,2,2,False,PASS
Patches_others__Doverfitting__SequenceR__Lang__patch2-Lang-6-SequenceR,2,2,False,PASS
Patches_others__Doverfitting__SequenceR__Math__patch1-Math-59-SequenceR,2,2,False,PASS
Patches_others__Doverfitting__SequenceR__Math__patch1-Math-63-SequenceR,2,2,False,PASS
Patches_others__Doverfitting__SequenceR__Math__patch1-Math-80-SequenceR,2,2,False,PASS
Patches_others__Doverfitting__SequenceR__Math__patch10-Math-85-SequenceR,2,2,False,PASS
Patches_others__Doverfitting__SequenceR__Math__patch11-Math-85-SequenceR,2,2,False,PASS
Patches_others__Doverfitting__SequenceR__Math__patch12-Math-85-SequenceR,2,2,False,PASS
Patches_others__Doverfitting__SequenceR__Math__patch13-Math-85-SequenceR,2,2,False,PASS
Patches_others__Doverfitting__SequenceR__Math__patch14-Math-85-SequenceR,2,2,False,PASS
Patches_others__Doverfitting__SequenceR__Math__patch15-Math-85-SequenceR,2,2,False,PASS
Patches_others__Doverfitting__SequenceR__Math__patch16-Math-85-SequenceR,2,2,False,PASS
Patches_others__Doverfitting__SequenceR__Math__patch17-Math-85-SequenceR,2,2,False,PASS
Patches_others__Doverfitting__SequenceR__Math__patch2-Math-85-SequenceR,2,2,False,PASS
Patches_others__Doverfitting__SequenceR__Math__patch3-Math-82-SequenceR,2,2,False,PASS
Patches_others__Doverfitting__SequenceR__Math__patch3-Math-85-SequenceR,2,2,False,PASS
Patches_others__Doverfitting__SequenceR__Math__patch4-Math-85-SequenceR,2,2,False,PASS
Patches_others__Doverfitting__SequenceR__Math__patch5-Math-85-SequenceR,2,2,False,PASS
Patches_others__Doverfitting__SequenceR__Math__patch6-Math-85-SequenceR,2,2,False,PASS
Patches_others__Doverfitting__SequenceR__Math__patch7-Math-85-SequenceR,2,2,False,PASS
Patches_others__Doverfitting__SequenceR__Math__patch8-Math-85-SequenceR,2,2,False,PASS
Patches_others__Doverfitting__SequenceR__Math__patch9-Math-85-SequenceR,2,2,False,PASS
Patches_others__Doverfitting__SketchFix__Chart__patch1-Chart-1-SketchFix-plausible,2,2,False,PASS
Patches_others__Doverfitting__SketchFix__Chart__patch2-Chart-1-SketchFix-plausible,2,2,False,PASS
Patches_others__Doverfitting__SketchFix__Lang__patch1-Lang-6-SketchFix-plausible,2,2,False,PASS
Patches_others__Doverfitting__SketchFix__Lang__patch2-Lang-6-SketchFix-plausible,2,2,False,PASS
Patches_others__Doverfitting__SketchFix__Math__patch1-Math-33-SketchFix-plausible,2,2,False,PASS
Patches_others__Doverfitting__SketchFix__Math__patch1-Math-70-SketchFix-plausible,4,4,False,PASS
Patches_others__Doverfitting__SketchFix__Math__patch1-Math-82-SketchFix-plausible,2,2,False,PASS
Patches_others__Doverfitting__SketchFix__Math__patch2-Math-70-SketchFix-plausible,4,4,False,PASS
Patches_others__Doverfitting__SketchFix__Math__patch2-Math-82-SketchFix-plausible,2,2,False,PASS
