patch_id,bug_id,patch_applies,patch_compiles,original_tests_pass,error
Patches_ICSE__Ddifferent__ACS__Chart__patch1-Chart-19-ACS,Chart-19,True,True,True,
Patches_ICSE__Ddifferent__ACS__Lang__patch1-Lang-24-ACS,Lang-24,True,True,True,
Patches_ICSE__Ddifferent__ACS__Lang__patch1-Lang-35-ACS,Lang-35,False,NA,NA,"dry-run failed: checking file src/main/java/org/apache/commons/lang3/ArrayUtils.java
Hunk #2 FAILED at 3571.
1 out of 2 hunks FAILED
"
Patches_ICSE__Ddifferent__ACS__Math__patch1-Math-25-ACS,Math-25,True,True,True,
Patches_ICSE__Ddifferent__ACS__Math__patch1-Math-3-ACS,Math-3,True,True,True,
Patches_ICSE__Ddifferent__ACS__Math__patch1-Math-35-ACS,Math-35,True,True,True,
Patches_ICSE__Ddifferent__ACS__Math__patch1-Math-5-ACS,Math-5,True,True,True,
Patches_ICSE__Ddifferent__ACS__Math__patch1-Math-61-ACS,Math-61,True,True,True,
Patches_ICSE__Ddifferent__ACS__Math__patch1-Math-82-ACS,Math-82,True,True,True,
Patches_ICSE__Ddifferent__ACS__Math__patch1-Math-85-ACS,Math-85,True,True,True,
Patches_ICSE__Ddifferent__ACS__Math__patch1-Math-89-ACS,Math-89,True,True,True,
Patches_ICSE__Ddifferent__ACS__Math__patch1-Math-90-ACS,Math-90,True,True,True,
Patches_ICSE__Ddifferent__ACS__Math__patch1-Math-99-ACS,Math-99,True,True,True,
Patches_ICSE__Ddifferent__AVATAR__Chart__patch1-Chart-11-AVATAR,Chart-11,True,True,True,
Patches_ICSE__Ddifferent__AVATAR__Closure__patch1-Closure-115-AVATAR,Closure-115,True,True,True,
Patches_ICSE__Ddifferent__AVATAR__Closure__patch1-Closure-2-AVATAR,Closure-2,True,True,True,
Patches_ICSE__Ddifferent__AVATAR__Closure__patch1-Closure-38-AVATAR,Closure-38,True,True,True,
Patches_ICSE__Ddifferent__AVATAR__Lang__patch1-Lang-10-AVATAR,Lang-10,True,True,True,
Patches_ICSE__Ddifferent__AVATAR__Lang__patch1-Lang-57-AVATAR,Lang-57,True,True,True,
Patches_ICSE__Ddifferent__Arja__Chart__patch1-Chart-12-Arja,Chart-12,True,True,True,
Patches_ICSE__Ddifferent__Arja__Closure__patch1-Closure-115-Arja,Closure-115,True,True,True,
Patches_ICSE__Ddifferent__Arja__Closure__patch1-Closure-126-Arja,Closure-126,True,True,True,
Patches_ICSE__Ddifferent__Arja__Math__patch1-Math-35-Arja,Math-35,False,NA,NA,"dry-run failed: checking file src/main/java/org/apache/commons/math3/genetics/ElitisticListPopulation.java
Hunk #1 FAILED at 49.
1 out of 2 hunks FAILED
"
Patches_ICSE__Ddifferent__Arja__Math__patch1-Math-50-Arja,Math-50,True,True,True,
Patches_ICSE__Ddifferent__Cardumen__Chart__patch1-Chart-11-Cardumen,Chart-11,True,True,True,
Patches_ICSE__Ddifferent__DynaMoth__Math__patch1-Math-50-DynaMoth,Math-50,True,True,True,
Patches_ICSE__Ddifferent__FixMiner__Chart__patch1-Chart-11-FixMiner,Chart-11,True,True,True,
Patches_ICSE__Ddifferent__FixMiner__Chart__patch1-Chart-24-FixMiner,Chart-24,True,True,True,
Patches_ICSE__Ddifferent__GenProg__Closure__patch1-Closure-115-GenProg,Closure-115,True,True,True,
Patches_ICSE__Ddifferent__GenProg__Closure__patch1-Closure-126-GenProg,Closure-126,True,True,True,
Patches_ICSE__Ddifferent__Kali__Closure__patch1-Closure-115-Kali,Closure-115,True,True,True,
Patches_ICSE__Ddifferent__Kali__Closure__patch1-Closure-126-Kali,Closure-126,True,True,True,
Patches_ICSE__Ddifferent__Kali__Math__patch1-Math-50-Kali,Math-50,False,NA,NA,"dry-run failed: checking file src/main/java/org/apache/commons/math/analysis/solvers/BaseSecantSolver.java
Hunk #1 FAILED at 184.
1 out of 1 hunk FAILED
"
Patches_ICSE__Ddifferent__Nopol__Lang__patch1-Lang-46-Nopol,Lang-46,True,True,True,
Patches_ICSE__Ddifferent__RSRepair__Closure__patch1-Closure-115-RSRepair,Closure-115,True,True,True,
Patches_ICSE__Ddifferent__SimFix__Chart__patch1-Chart-20-SimFix,Chart-20,True,True,False,
Patches_ICSE__Ddifferent__SimFix__Closure__patch1-Closure-115-SimFix,Closure-115,True,True,True,
Patches_ICSE__Ddifferent__SimFix__Closure__patch1-Closure-19-SimFix,Closure-19,True,True,True,
Patches_ICSE__Ddifferent__SimFix__Closure__patch1-Closure-6-SimFix,Closure-6,True,True,False,
Patches_ICSE__Ddifferent__SimFix__Closure__patch1-Closure-68-SimFix,Closure-68,True,True,True,
Patches_ICSE__Ddifferent__SimFix__Lang__patch1-Lang-60-SimFix,Lang-60,True,True,False,
Patches_ICSE__Ddifferent__SimFix__Math__patch1-Math-71-SimFix,Math-71,False,NA,NA,"dry-run failed: checking file src/main/java/org/apache/commons/math/ode/nonstiff/EmbeddedRungeKuttaIntegrator.java
Hunk #2 FAILED at 312.
1 out of 2 hunks FAILED
"
Patches_ICSE__Ddifferent__SimFix__Math__patch1-Math-72-SimFix,Math-72,True,True,False,
Patches_ICSE__Ddifferent__TBar__Chart__patch1-Chart-11-TBar,Chart-11,True,True,True,
Patches_ICSE__Ddifferent__TBar__Lang__patch1-Lang-10-TBar,Lang-10,True,True,True,
Patches_ICSE__Ddifferent__TBar__Lang__patch1-Lang-33-TBar,Lang-33,True,True,True,
Patches_ICSE__Ddifferent__TBar__Lang__patch1-Lang-47-TBar,Lang-47,True,True,False,
Patches_ICSE__Ddifferent__TBar__Math__patch1-Math-11-TBar,Math-11,True,True,True,
Patches_ICSE__Ddifferent__TBar__Math__patch1-Math-65-TBar,Math-65,True,True,True,
Patches_ICSE__Ddifferent__jGenProg__Math__patch1-Math-5-jGenProg,Math-5,True,True,True,
Patches_ICSE__Ddifferent__jGenProg__Math__patch1-Math-53-jGenProg,Math-53,True,True,True,
Patches_ICSE__Ddifferent__jKali__Closure__patch1-Closure-126-jKali,Closure-126,True,True,True,
Patches_ICSE__Ddifferent__jKali__Lang__patch1-Lang-10-jKali,Lang-10,True,True,True,
Patches_ICSE__Ddifferent__jKali__Lang__patch1-Lang-7-jKali,Lang-7,True,True,True,
Patches_ICSE__Ddifferent__jKali__Math__patch1-Math-50-jKali,Math-50,True,True,True,
Patches_ICSE__Ddifferent__kPAR__Closure__patch1-Closure-40-kPAR,Closure-40,True,True,True,
Patches_ICSE__Doverfitting__ACS__Math__patch1-Math-28-ACS-plausible,Math-28,True,True,True,
Patches_ICSE__Doverfitting__ACS__Math__patch1-Math-4-ACS-plausible,Math-4,True,True,True,
Patches_ICSE__Doverfitting__ACS__Math__patch1-Math-73-ACS-plausible,Math-73,True,True,True,
Patches_ICSE__Doverfitting__ACS__Math__patch1-Math-81-ACS-plausible,Math-81,True,True,True,
Patches_ICSE__Doverfitting__ACS__Math__patch1-Math-93-ACS-plausible,Math-93,True,True,True,
Patches_ICSE__Doverfitting__ACS__Math__patch1-Math-97-ACS-plausible,Math-97,True,True,True,
Patches_ICSE__Doverfitting__AVATAR__Chart__patch1-Chart-13-AVATAR-plausible,Chart-13,True,True,True,
Patches_ICSE__Doverfitting__AVATAR__Chart__patch1-Chart-14-AVATAR-plausible,Chart-14,True,True,False,
Patches_ICSE__Doverfitting__AVATAR__Chart__patch1-Chart-15-AVATAR-plausible,Chart-15,True,True,True,
Patches_ICSE__Doverfitting__AVATAR__Chart__patch1-Chart-25-AVATAR-plausible,Chart-25,True,True,True,
Patches_ICSE__Doverfitting__AVATAR__Chart__patch1-Chart-5-AVATAR-plausible,Chart-5,True,True,True,
Patches_ICSE__Doverfitting__AVATAR__Chart__patch1-Chart-7-AVATAR-plausible,Chart-7,True,True,True,
Patches_ICSE__Doverfitting__AVATAR__Closure__patch1-Closure-108-AVATAR-plausible,Closure-108,True,True,True,
Patches_ICSE__Doverfitting__AVATAR__Closure__patch1-Closure-12-AVATAR-plausible,Closure-12,True,True,True,
Patches_ICSE__Doverfitting__AVATAR__Closure__patch1-Closure-126-AVATAR-plausible,Closure-126,True,True,True,
Patches_ICSE__Doverfitting__AVATAR__Closure__patch1-Closure-21-AVATAR-plausible,Closure-21,True,True,True,
Patches_ICSE__Doverfitting__AVATAR__Closure__patch1-Closure-22-AVATAR-plausible,Closure-22,True,True,True,
Patches_ICSE__Doverfitting__AVATAR__Closure__patch1-Closure-45-AVATAR-plausible,Closure-45,True,True,True,
Patches_ICSE__Doverfitting__AVATAR__Closure__patch1-Closure-48-AVATAR-plausible,Closure-48,True,True,True,
Patches_ICSE__Doverfitting__AVATAR__Closure__patch1-Closure-66-AVATAR-plausible,Closure-66,True,True,True,
Patches_ICSE__Doverfitting__AVATAR__Lang__patch1-Lang-13-AVATAR-plausible,Lang-13,True,True,True,
Patches_ICSE__Doverfitting__AVATAR__Lang__patch1-Lang-20-AVATAR-plausible,Lang-20,True,True,False,
Patches_ICSE__Doverfitting__AVATAR__Lang__patch1-Lang-22-AVATAR-plausible,Lang-22,True,True,True,
Patches_ICSE__Doverfitting__AVATAR__Lang__patch1-Lang-27-AVATAR-plausible,Lang-27,True,True,True,
Patches_ICSE__Doverfitting__AVATAR__Lang__patch1-Lang-39-AVATAR-plausible,Lang-39,True,True,True,
Patches_ICSE__Doverfitting__AVATAR__Lang__patch1-Lang-51-AVATAR-plausible,Lang-51,True,True,True,
Patches_ICSE__Doverfitting__AVATAR__Lang__patch1-Lang-58-AVATAR-plausible,Lang-58,True,True,True,
Patches_ICSE__Doverfitting__AVATAR__Lang__patch1-Lang-59-AVATAR-plausible,Lang-59,True,True,True,
Patches_ICSE__Doverfitting__AVATAR__Lang__patch1-Lang-63-AVATAR-plausible,Lang-63,True,True,True,
Patches_ICSE__Doverfitting__AVATAR__Math__patch1-Math-104-AVATAR-plausible,Math-104,True,True,True,
Patches_ICSE__Doverfitting__AVATAR__Math__patch1-Math-2-AVATAR-plausible,Math-2,True,True,True,
Patches_ICSE__Doverfitting__AVATAR__Math__patch1-Math-49-AVATAR-plausible,Math-49,True,True,True,
Patches_ICSE__Doverfitting__AVATAR__Math__patch1-Math-50-AVATAR-plausible,Math-50,True,True,True,
Patches_ICSE__Doverfitting__AVATAR__Math__patch1-Math-57-AVATAR-plausible,Math-57,True,True,True,
Patches_ICSE__Doverfitting__AVATAR__Math__patch1-Math-6-AVATAR-plausible,Math-6,True,True,True,
Patches_ICSE__Doverfitting__AVATAR__Math__patch1-Math-62-AVATAR-plausible,Math-62,True,True,True,
Patches_ICSE__Doverfitting__AVATAR__Math__patch1-Math-78-AVATAR-plausible,Math-78,True,True,True,
Patches_ICSE__Doverfitting__AVATAR__Math__patch1-Math-80-AVATAR-plausible,Math-80,True,True,True,
Patches_ICSE__Doverfitting__AVATAR__Math__patch1-Math-81-AVATAR-plausible,Math-81,True,True,True,
Patches_ICSE__Doverfitting__AVATAR__Math__patch1-Math-82-AVATAR-plausible,Math-82,True,True,True,
Patches_ICSE__Doverfitting__AVATAR__Math__patch1-Math-84-AVATAR-plausible,Math-84,True,True,True,
Patches_ICSE__Doverfitting__AVATAR__Math__patch1-Math-88-AVATAR-plausible,Math-88,True,True,True,
Patches_ICSE__Doverfitting__AVATAR__Math__patch1-Math-95-AVATAR-plausible,Math-95,True,True,True,
Patches_ICSE__Doverfitting__Arja__Chart__patch1-Chart-1-Arja-plusible,Chart-1,True,True,True,
Patches_ICSE__Doverfitting__Arja__Chart__patch1-Chart-13-Arja-plusible,Chart-13,True,True,True,
Patches_ICSE__Doverfitting__Arja__Chart__patch1-Chart-14-Arja-plusible,Chart-14,True,True,True,
Patches_ICSE__Doverfitting__Arja__Chart__patch1-Chart-15-Arja-plusible,Chart-15,True,True,True,
Patches_ICSE__Doverfitting__Arja__Chart__patch1-Chart-19-Arja-plusible,Chart-19,True,True,True,
Patches_ICSE__Doverfitting__Arja__Chart__patch1-Chart-25-Arja-plusible,Chart-25,True,True,True,
Patches_ICSE__Doverfitting__Arja__Chart__patch1-Chart-3-Arja-plusible,Chart-3,True,True,True,
Patches_ICSE__Doverfitting__Arja__Chart__patch1-Chart-5-Arja-plusible,Chart-5,True,True,True,
Patches_ICSE__Doverfitting__Arja__Chart__patch1-Chart-7-Arja-plusible,Chart-7,True,True,True,
Patches_ICSE__Doverfitting__Arja__Closure__patch1-Closure-1-Arja-plausible,Closure-1,True,True,True,
Patches_ICSE__Doverfitting__Arja__Closure__patch1-Closure-10-Arja-plausible,Closure-10,True,True,True,
Patches_ICSE__Doverfitting__Arja__Closure__patch1-Closure-112-Arja-plausible,Closure-112,True,True,True,
Patches_ICSE__Doverfitting__Arja__Closure__patch1-Closure-114-Arja-plausible,Closure-114,True,True,True,
Patches_ICSE__Doverfitting__Arja__Closure__patch1-Closure-116-Arja-plausible,Closure-116,True,True,True,
Patches_ICSE__Doverfitting__Arja__Closure__patch1-Closure-117-Arja-plausible,Closure-117,True,True,True,
Patches_ICSE__Doverfitting__Arja__Closure__patch1-Closure-119-Arja-plausible,Closure-119,True,True,True,
Patches_ICSE__Doverfitting__Arja__Closure__patch1-Closure-120-Arja-plausible,Closure-120,True,True,True,
Patches_ICSE__Doverfitting__Arja__Closure__patch1-Closure-121-Arja-plausible,Closure-121,True,True,True,
Patches_ICSE__Doverfitting__Arja__Closure__patch1-Closure-124-Arja-plausible,Closure-124,True,True,True,
Patches_ICSE__Doverfitting__Arja__Closure__patch1-Closure-125-Arja-plausible,Closure-125,True,True,True,
Patches_ICSE__Doverfitting__Arja__Closure__patch1-Closure-129-Arja-plausible,Closure-129,True,True,True,
Patches_ICSE__Doverfitting__Arja__Closure__patch1-Closure-130-Arja-plausible,Closure-130,True,True,True,
Patches_ICSE__Doverfitting__Arja__Closure__patch1-Closure-133-Arja-plausible,Closure-133,True,True,True,
Patches_ICSE__Doverfitting__Arja__Closure__patch1-Closure-21-Arja-plausible,Closure-21,True,True,True,
Patches_ICSE__Doverfitting__Arja__Closure__patch1-Closure-22-Arja-plausible,Closure-22,True,True,True,
Patches_ICSE__Doverfitting__Arja__Closure__patch1-Closure-33-Arja-plausible,Closure-33,True,True,True,
Patches_ICSE__Doverfitting__Arja__Closure__patch1-Closure-45-Arja-plausible,Closure-45,True,True,True,
Patches_ICSE__Doverfitting__Arja__Closure__patch1-Closure-46-Arja-plausible,Closure-46,True,True,True,
Patches_ICSE__Doverfitting__Arja__Closure__patch1-Closure-55-Arja-plausible,Closure-55,True,True,True,
Patches_ICSE__Doverfitting__Arja__Closure__patch1-Closure-59-Arja-plausible,Closure-59,True,True,True,
Patches_ICSE__Doverfitting__Arja__Closure__patch1-Closure-67-Arja-plausible,Closure-67,True,True,True,
Patches_ICSE__Doverfitting__Arja__Closure__patch1-Closure-68-Arja-plausible,Closure-68,True,True,True,
Patches_ICSE__Doverfitting__Arja__Closure__patch1-Closure-7-Arja-plausible,Closure-7,True,True,True,
Patches_ICSE__Doverfitting__Arja__Closure__patch1-Closure-75-Arja-plausible,Closure-75,True,True,True,
Patches_ICSE__Doverfitting__Arja__Closure__patch1-Closure-78-Arja-plausible,Closure-78,True,True,True,
Patches_ICSE__Doverfitting__Arja__Closure__patch1-Closure-8-Arja-plausible,Closure-8,True,True,True,
Patches_ICSE__Doverfitting__Arja__Lang__patch1-Lang-16-Arja-plausible,Lang-16,True,True,True,
Patches_ICSE__Doverfitting__Arja__Lang__patch1-Lang-20-Arja-plausible,Lang-20,True,True,True,
Patches_ICSE__Doverfitting__Arja__Lang__patch1-Lang-7-Arja-plausible,Lang-7,True,True,True,
Patches_ICSE__Doverfitting__Arja__Math__patch1-Math-2-Arja-plausible,Math-2,True,True,True,
Patches_ICSE__Doverfitting__Arja__Math__patch1-Math-28-Arja-plausible,Math-28,True,True,True,
Patches_ICSE__Doverfitting__Arja__Math__patch1-Math-40-Arja-plausible,Math-40,True,True,True,
Patches_ICSE__Doverfitting__Arja__Math__patch1-Math-56-Arja-plausible,Math-56,True,True,True,
Patches_ICSE__Doverfitting__Arja__Math__patch1-Math-74-Arja-plausible,Math-74,True,True,True,
Patches_ICSE__Doverfitting__Arja__Math__patch1-Math-80-Arja-plausible,Math-80,True,True,True,
Patches_ICSE__Doverfitting__Arja__Math__patch1-Math-81-Arja-plausible,Math-81,True,True,True,
Patches_ICSE__Doverfitting__Arja__Math__patch1-Math-82-Arja-plausible,Math-82,True,True,True,
Patches_ICSE__Doverfitting__Arja__Math__patch1-Math-84-Arja-plausible,Math-84,True,True,True,
Patches_ICSE__Doverfitting__Arja__Math__patch1-Math-85-Arja-plausible,Math-85,True,True,True,
Patches_ICSE__Doverfitting__Arja__Math__patch1-Math-95-Arja-plausible,Math-95,True,True,True,
Patches_ICSE__Doverfitting__Cardumen__Chart__patch1-Chart-13-Cardumen-plausible,Chart-13,True,True,True,
Patches_ICSE__Doverfitting__Cardumen__Chart__patch1-Chart-24-Cardumen-plausible,Chart-24,True,True,True,
Patches_ICSE__Doverfitting__Cardumen__Chart__patch1-Chart-6-Cardumen-plausible,Chart-6,True,True,True,
Patches_ICSE__Doverfitting__Cardumen__Closure__patch1-Closure-62-Cardumen-plausible,Closure-62,True,True,True,
Patches_ICSE__Doverfitting__Cardumen__Math__patch1-Math-5-Cardumen-plausible,Math-5,True,True,True,
Patches_ICSE__Doverfitting__Cardumen__Math__patch1-Math-63-Cardumen-plausible,Math-63,True,True,True,
Patches_ICSE__Doverfitting__Cardumen__Math__patch1-Math-73-Cardumen-plausible,Math-73,False,NA,NA,"dry-run failed: checking file src/main/java/org/apache/commons/math/analysis/solvers/BrentSolver.java
Hunk #1 FAILED at 135.
1 out of 1 hunk FAILED
"
Patches_ICSE__Doverfitting__Cardumen__Math__patch1-Math-85-Cardumen-plausible,Math-85,False,NA,NA,"dry-run failed: checking file src/java/org/apache/commons/math/distribution/NormalDistributionImpl.java
Hunk #1 FAILED at 178.
1 out of 1 hunk FAILED
"
Patches_ICSE__Doverfitting__Cardumen__Math__patch1-Math-95-Cardumen-plausible,Math-95,True,True,True,
Patches_ICSE__Doverfitting__DynaMoth__Chart__patch1-Chart-1-DynaMoth-plausible,Chart-1,True,True,True,
Patches_ICSE__Doverfitting__DynaMoth__Chart__patch1-Chart-13-DynaMoth-plausible,Chart-13,True,True,True,
Patches_ICSE__Doverfitting__DynaMoth__Chart__patch1-Chart-15-DynaMoth-plausible,Chart-15,True,True,True,
Patches_ICSE__Doverfitting__DynaMoth__Chart__patch1-Chart-18-DynaMoth-plausible,Chart-18,True,True,False,
Patches_ICSE__Doverfitting__DynaMoth__Chart__patch1-Chart-25-DynaMoth-plausible,Chart-25,True,True,True,
Patches_ICSE__Doverfitting__DynaMoth__Chart__patch1-Chart-5-DynaMoth-plausible,Chart-5,True,True,True,
Patches_ICSE__Doverfitting__DynaMoth__Lang__patch1-Lang-51-DynaMoth-plausible,Lang-51,False,NA,NA,"dry-run failed: checking file src/java/org/apache/commons/lang/BooleanUtils.java
Hunk #1 FAILED at 671.
1 out of 1 hunk FAILED
"
Patches_ICSE__Doverfitting__DynaMoth__Lang__patch1-Lang-63-DynaMoth-plausible,Lang-63,True,True,True,
Patches_ICSE__Doverfitting__DynaMoth__Math__patch1-Math-105-DynaMoth-plausible,Math-105,True,True,True,
Patches_ICSE__Doverfitting__DynaMoth__Math__patch1-Math-20-DynaMoth-plausible,Math-20,True,True,True,
Patches_ICSE__Doverfitting__DynaMoth__Math__patch1-Math-32-DynaMoth-plausible,Math-32,False,NA,NA,"dry-run failed: checking file src/main/java/org/apache/commons/math3/geometry/euclidean/twod/PolygonsSet.java
Hunk #1 FAILED at 135.
1 out of 1 hunk FAILED
"
Patches_ICSE__Doverfitting__DynaMoth__Math__patch1-Math-41-DynaMoth-plausible,Math-41,True,True,True,
Patches_ICSE__Doverfitting__DynaMoth__Math__patch1-Math-49-DynaMoth-plausible,Math-49,True,True,True,
Patches_ICSE__Doverfitting__DynaMoth__Math__patch1-Math-58-DynaMoth-plausible,Math-58,True,True,True,
Patches_ICSE__Doverfitting__DynaMoth__Math__patch1-Math-71-DynaMoth-plausible,Math-71,True,True,False,
Patches_ICSE__Doverfitting__DynaMoth__Math__patch1-Math-8-DynaMoth-plausible,Math-8,True,True,True,
Patches_ICSE__Doverfitting__DynaMoth__Math__patch1-Math-80-DynaMoth-plausible,Math-80,True,True,True,
Patches_ICSE__Doverfitting__DynaMoth__Math__patch1-Math-81-DynaMoth-plausible,Math-81,True,True,True,
Patches_ICSE__Doverfitting__DynaMoth__Math__patch1-Math-82-DynaMoth-plausible,Math-82,True,True,True,
Patches_ICSE__Doverfitting__DynaMoth__Math__patch1-Math-85-DynaMoth-plausible,Math-85,True,True,True,
Patches_ICSE__Doverfitting__DynaMoth__Time__patch1-Time-11-DynaMoth-plausible,Time-11,True,True,True,
Patches_ICSE__Doverfitting__FixMiner__Chart__patch1-Chart-13-FixMiner-plausible,Chart-13,True,True,True,
Patches_ICSE__Doverfitting__FixMiner__Chart__patch1-Chart-14-FixMiner-plausible,Chart-14,True,True,False,
Patches_ICSE__Doverfitting__FixMiner__Chart__patch1-Chart-15-FixMiner-plausible,Chart-15,True,True,True,
Patches_ICSE__Doverfitting__FixMiner__Chart__patch1-Chart-17-FixMiner-plausible,Chart-17,True,True,True,
Patches_ICSE__Doverfitting__FixMiner__Chart__patch1-Chart-25-FixMiner-plausible,Chart-25,True,True,False,
Patches_ICSE__Doverfitting__FixMiner__Chart__patch1-Chart-3-FixMiner-plausible,Chart-3,True,True,True,
Patches_ICSE__Doverfitting__FixMiner__Chart__patch1-Chart-7-FixMiner-plausible,Chart-7,True,True,True,
Patches_ICSE__Doverfitting__FixMiner__Closure__patch1-Closure-129-FixMiner-plausible,Closure-129,True,True,True,
Patches_ICSE__Doverfitting__FixMiner__Closure__patch1-Closure-19-FixMiner-plausible,Closure-19,True,True,True,
Patches_ICSE__Doverfitting__FixMiner__Lang__patch1-Lang-57-FixMiner-plausible,Lang-57,True,True,True,
Patches_ICSE__Doverfitting__FixMiner__Lang__patch1-Lang-63-FixMiner-plausible,Lang-63,True,True,True,
Patches_ICSE__Doverfitting__FixMiner__Math__patch1-Math-20-FixMiner-plausible,Math-20,True,True,True,
Patches_ICSE__Doverfitting__FixMiner__Math__patch1-Math-50-FixMiner-plausible,Math-50,True,True,True,
Patches_ICSE__Doverfitting__FixMiner__Math__patch1-Math-63-FixMiner-plausible,Math-63,True,True,True,
Patches_ICSE__Doverfitting__FixMiner__Math__patch1-Math-80-FixMiner-plausible,Math-80,True,True,True,
Patches_ICSE__Doverfitting__FixMiner__Math__patch1-Math-81-FixMiner-plausible,Math-81,True,True,True,
Patches_ICSE__Doverfitting__FixMiner__Math__patch1-Math-84-FixMiner-plausible,Math-84,True,True,True,
Patches_ICSE__Doverfitting__FixMiner__Math__patch1-Math-85-FixMiner-plausible,Math-85,True,True,True,
Patches_ICSE__Doverfitting__FixMiner__Time__patch1-Time-11-FixMiner-plausible,Time-11,True,True,True,
Patches_ICSE__Doverfitting__GenProg__Chart__patch1-Chart-1-GenProg-plausible,Chart-1,True,True,True,
Patches_ICSE__Doverfitting__GenProg__Chart__patch1-Chart-12-GenProg-plausible,Chart-12,True,True,True,
Patches_ICSE__Doverfitting__GenProg__Chart__patch1-Chart-13-GenProg-plausible,Chart-13,True,True,True,
Patches_ICSE__Doverfitting__GenProg__Chart__patch1-Chart-25-GenProg-plausible,Chart-25,True,True,True,
Patches_ICSE__Doverfitting__GenProg__Chart__patch1-Chart-3-GenProg-plausible,Chart-3,True,True,True,
Patches_ICSE__Doverfitting__GenProg__Closure__patch1-Closure-10-GenProg-plausible,Closure-10,True,True,True,
Patches_ICSE__Doverfitting__GenProg__Closure__patch1-Closure-112-GenProg-plausible,Closure-112,True,True,True,
Patches_ICSE__Doverfitting__GenProg__Closure__patch1-Closure-114-GenProg-plausible,Closure-114,True,True,True,
Patches_ICSE__Doverfitting__GenProg__Closure__patch1-Closure-124-GenProg-plausible,Closure-124,True,True,True,
Patches_ICSE__Doverfitting__GenProg__Closure__patch1-Closure-129-GenProg-plausible,Closure-129,True,True,True,
Patches_ICSE__Doverfitting__GenProg__Closure__patch1-Closure-130-GenProg-plausible,Closure-130,True,True,True,
Patches_ICSE__Doverfitting__GenProg__Closure__patch1-Closure-21-GenProg-plausible,Closure-21,True,True,True,
Patches_ICSE__Doverfitting__GenProg__Closure__patch1-Closure-22-GenProg-plausible,Closure-22,True,True,True,
Patches_ICSE__Doverfitting__GenProg__Closure__patch1-Closure-55-GenProg-plausible,Closure-55,True,True,True,
Patches_ICSE__Doverfitting__GenProg__Closure__patch1-Closure-59-GenProg-plausible,Closure-59,True,True,True,
Patches_ICSE__Doverfitting__GenProg__Closure__patch1-Closure-67-GenProg-plausible,Closure-67,True,True,True,
Patches_ICSE__Doverfitting__GenProg__Closure__patch1-Closure-75-GenProg-plausible,Closure-75,True,True,True,
Patches_ICSE__Doverfitting__GenProg__Closure__patch1-Closure-78-GenProg-plausible,Closure-78,True,True,True,
Patches_ICSE__Doverfitting__GenProg__Lang__patch1-Lang-7-GenProg-plausible,Lang-7,True,True,True,
Patches_ICSE__Doverfitting__GenProg__Math__patch1-Math-2-GenProg-plausible,Math-2,True,True,True,
Patches_ICSE__Doverfitting__GenProg__Math__patch1-Math-28-GenProg-plausible,Math-28,True,True,True,
Patches_ICSE__Doverfitting__GenProg__Math__patch1-Math-31-GenProg-plausible,Math-31,False,NA,NA,"dry-run failed: checking file src/main/java/org/apache/commons/math3/distribution/FDistribution.java
checking file src/main/java/org/apache/commons/math3/util/ContinuedFraction.java
checking file src/main/java/org/apache/commons/math3/exception/MathIllegalStateException.java
Hunk #1 FAILED at 83.
1 out of 1 hunk FAILED
"
Patches_ICSE__Doverfitting__GenProg__Math__patch1-Math-40-GenProg-plausible,Math-40,True,True,True,
Patches_ICSE__Doverfitting__GenProg__Math__patch1-Math-80-GenProg-plausible,Math-80,True,True,True,
Patches_ICSE__Doverfitting__GenProg__Math__patch1-Math-81-GenProg-plausible,Math-81,True,True,True,
Patches_ICSE__Doverfitting__GenProg__Math__patch1-Math-82-GenProg-plausible,Math-82,True,True,True,
Patches_ICSE__Doverfitting__GenProg__Math__patch1-Math-85-GenProg-plausible,Math-85,True,True,True,
Patches_ICSE__Doverfitting__GenProg__Math__patch1-Math-95-GenProg-plausible,Math-95,True,True,True,
Patches_ICSE__Doverfitting__Kali__Chart__patch1-Chart-1-Kali-plausible,Chart-1,True,True,True,
Patches_ICSE__Doverfitting__Kali__Chart__patch1-Chart-12-Kali-plausible,Chart-12,True,True,True,
Patches_ICSE__Doverfitting__Kali__Chart__patch1-Chart-15-Kali-plausible,Chart-15,True,True,True,
Patches_ICSE__Doverfitting__Kali__Chart__patch1-Chart-25-Kali-plausible,Chart-25,True,True,True,
Patches_ICSE__Doverfitting__Kali__Chart__patch1-Chart-5-Kali-plausible,Chart-5,True,True,True,
Patches_ICSE__Doverfitting__Kali__Closure__patch1-Closure-1-Kali-plausible,Closure-1,True,True,True,
Patches_ICSE__Doverfitting__Kali__Closure__patch1-Closure-10-Kali-plausible,Closure-10,True,True,True,
Patches_ICSE__Doverfitting__Kali__Closure__patch1-Closure-112-Kali-plausible,Closure-112,True,True,True,
Patches_ICSE__Doverfitting__Kali__Closure__patch1-Closure-114-Kali-plausible,Closure-114,True,True,True,
Patches_ICSE__Doverfitting__Kali__Closure__patch1-Closure-117-Kali-plausible,Closure-117,True,True,True,
Patches_ICSE__Doverfitting__Kali__Closure__patch1-Closure-119-Kali-plausible,Closure-119,True,True,True,
Patches_ICSE__Doverfitting__Kali__Closure__patch1-Closure-12-Kali-plausible,Closure-12,True,True,True,
Patches_ICSE__Doverfitting__Kali__Closure__patch1-Closure-120-Kali-plausible,Closure-120,True,True,True,
Patches_ICSE__Doverfitting__Kali__Closure__patch1-Closure-121-Kali-plausible,Closure-121,True,True,True,
Patches_ICSE__Doverfitting__Kali__Closure__patch1-Closure-122-Kali-plausible,Closure-122,True,True,True,
Patches_ICSE__Doverfitting__Kali__Closure__patch1-Closure-124-Kali-plausible,Closure-124,True,True,True,
Patches_ICSE__Doverfitting__Kali__Closure__patch1-Closure-125-Kali-plausible,Closure-125,True,True,True,
Patches_ICSE__Doverfitting__Kali__Closure__patch1-Closure-127-Kali-plausible,Closure-127,True,True,True,
Patches_ICSE__Doverfitting__Kali__Closure__patch1-Closure-129-Kali-plausible,Closure-129,True,True,True,
Patches_ICSE__Doverfitting__Kali__Closure__patch1-Closure-130-Kali-plausible,Closure-130,True,True,True,
Patches_ICSE__Doverfitting__Kali__Closure__patch1-Closure-131-Kali-plausible,Closure-131,True,True,True,
Patches_ICSE__Doverfitting__Kali__Closure__patch1-Closure-132-Kali-plausible,Closure-132,True,True,True,
Patches_ICSE__Doverfitting__Kali__Closure__patch1-Closure-15-Kali-plausible,Closure-15,True,True,True,
Patches_ICSE__Doverfitting__Kali__Closure__patch1-Closure-20-Kali-plausible,Closure-20,True,True,True,
Patches_ICSE__Doverfitting__Kali__Closure__patch1-Closure-21-Kali-plausible,Closure-21,True,True,True,
Patches_ICSE__Doverfitting__Kali__Closure__patch1-Closure-22-Kali-plausible,Closure-22,True,True,True,
Patches_ICSE__Doverfitting__Kali__Closure__patch1-Closure-26-Kali-plausible,Closure-26,True,True,True,
Patches_ICSE__Doverfitting__Kali__Closure__patch1-Closure-29-Kali-plausible,Closure-29,True,True,True,
Patches_ICSE__Doverfitting__Kali__Closure__patch1-Closure-3-Kali-plausible,Closure-3,True,True,True,
Patches_ICSE__Doverfitting__Kali__Closure__patch1-Closure-30-Kali-plausible,Closure-30,True,True,True,
Patches_ICSE__Doverfitting__Kali__Closure__patch1-Closure-31-Kali-plausible,Closure-31,True,True,True,
Patches_ICSE__Doverfitting__Kali__Closure__patch1-Closure-33-Kali-plausible,Closure-33,True,True,True,
Patches_ICSE__Doverfitting__Kali__Closure__patch1-Closure-36-Kali-plausible,Closure-36,True,True,True,
Patches_ICSE__Doverfitting__Kali__Closure__patch1-Closure-45-Kali-plausible,Closure-45,True,True,True,
Patches_ICSE__Doverfitting__Kali__Closure__patch1-Closure-46-Kali-plausible,Closure-46,True,True,True,
Patches_ICSE__Doverfitting__Kali__Closure__patch1-Closure-49-Kali-plausible,Closure-49,True,True,True,
Patches_ICSE__Doverfitting__Kali__Closure__patch1-Closure-5-Kali-plausible,Closure-5,True,True,True,
Patches_ICSE__Doverfitting__Kali__Closure__patch1-Closure-50-Kali-plausible,Closure-50,True,True,True,
Patches_ICSE__Doverfitting__Kali__Closure__patch1-Closure-55-Kali-plausible,Closure-55,True,True,True,
Patches_ICSE__Doverfitting__Kali__Closure__patch1-Closure-59-Kali-plausible,Closure-59,True,True,True,
Patches_ICSE__Doverfitting__Kali__Closure__patch1-Closure-61-Kali-plausible,Closure-61,True,True,True,
Patches_ICSE__Doverfitting__Kali__Closure__patch1-Closure-64-Kali-plausible,Closure-64,True,True,True,
Patches_ICSE__Doverfitting__Kali__Closure__patch1-Closure-67-Kali-plausible,Closure-67,True,True,True,
Patches_ICSE__Doverfitting__Kali__Closure__patch1-Closure-68-Kali-plausible,Closure-68,True,True,True,
Patches_ICSE__Doverfitting__Kali__Closure__patch1-Closure-7-Kali-plausible,Closure-7,True,True,True,
Patches_ICSE__Doverfitting__Kali__Closure__patch1-Closure-72-Kali-plausible,Closure-72,True,True,True,
Patches_ICSE__Doverfitting__Kali__Closure__patch1-Closure-75-Kali-plausible,Closure-75,True,True,True,
Patches_ICSE__Doverfitting__Kali__Closure__patch1-Closure-76-Kali-plausible,Closure-76,True,True,True,
Patches_ICSE__Doverfitting__Kali__Closure__patch1-Closure-78-Kali-plausible,Closure-78,True,True,True,
Patches_ICSE__Doverfitting__Kali__Closure__patch1-Closure-8-Kali-plausible,Closure-8,True,True,True,
Patches_ICSE__Doverfitting__Kali__Math__patch1-Math-2-Kali-plausible,Math-2,True,True,True,
Patches_ICSE__Doverfitting__Kali__Math__patch1-Math-28-Kali-plausible,Math-28,True,True,True,
Patches_ICSE__Doverfitting__Kali__Math__patch1-Math-31-Kali-plausible,Math-31,True,True,True,
Patches_ICSE__Doverfitting__Kali__Math__patch1-Math-32-Kali-plausible,Math-32,True,True,True,
Patches_ICSE__Doverfitting__Kali__Math__patch1-Math-49-Kali-plausible,Math-49,True,True,True,
Patches_ICSE__Doverfitting__Kali__Math__patch1-Math-80-Kali-plausible,Math-80,True,True,True,
Patches_ICSE__Doverfitting__Kali__Math__patch1-Math-81-Kali-plausible,Math-81,True,True,True,
Patches_ICSE__Doverfitting__Kali__Math__patch1-Math-84-Kali-plausible,Math-84,True,True,True,
Patches_ICSE__Doverfitting__Kali__Math__patch1-Math-95-Kali-plausible,Math-95,True,True,True,
Patches_ICSE__Doverfitting__Nopol__Chart__patch1-Chart-13-Nopol-plausible,Chart-13,True,True,True,
Patches_ICSE__Doverfitting__Nopol__Chart__patch1-Chart-17-Nopol-plausible,Chart-17,True,True,True,
Patches_ICSE__Doverfitting__Nopol__Chart__patch1-Chart-21-Nopol-plausible,Chart-21,True,True,True,
Patches_ICSE__Doverfitting__Nopol__Chart__patch1-Chart-25-Nopol-plausible,Chart-25,True,True,True,
Patches_ICSE__Doverfitting__Nopol__Chart__patch1-Chart-5-Nopol-plausible,Chart-5,True,True,True,
Patches_ICSE__Doverfitting__Nopol__Chart__patch1-Chart-9-Nopol-plausible,Chart-9,True,True,True,
Patches_ICSE__Doverfitting__Nopol__Lang__patch1-Lang-44-Nopol-plausible,Lang-44,True,True,True,
Patches_ICSE__Doverfitting__Nopol__Lang__patch1-Lang-51-Nopol-plausible,Lang-51,False,NA,NA,"dry-run failed: checking file src/java/org/apache/commons/lang/BooleanUtils.java
Hunk #1 FAILED at 671.
1 out of 1 hunk FAILED
"
Patches_ICSE__Doverfitting__Nopol__Lang__patch1-Lang-53-Nopol-plausible,Lang-53,True,True,True,
Patches_ICSE__Doverfitting__Nopol__Lang__patch1-Lang-55-Nopol-plausible,Lang-55,True,True,True,
Patches_ICSE__Doverfitting__Nopol__Lang__patch1-Lang-58-Nopol-plausible,Lang-58,True,True,True,
Patches_ICSE__Doverfitting__Nopol__Math__patch1-Math-105-Nopol-plausible,Math-105,True,True,True,
Patches_ICSE__Doverfitting__Nopol__Math__patch1-Math-18-Nopol-plausible,Math-18,True,True,True,
Patches_ICSE__Doverfitting__Nopol__Math__patch1-Math-2-Nopol-plausible,Math-2,True,True,True,
Patches_ICSE__Doverfitting__Nopol__Math__patch1-Math-20-Nopol-plausible,Math-20,True,True,True,
Patches_ICSE__Doverfitting__Nopol__Math__patch1-Math-33-Nopol-plausible,Math-33,True,True,True,
Patches_ICSE__Doverfitting__Nopol__Math__patch1-Math-4-Nopol-plausible,Math-4,True,True,False,
Patches_ICSE__Doverfitting__Nopol__Math__patch1-Math-41-Nopol-plausible,Math-41,True,True,True,
Patches_ICSE__Doverfitting__Nopol__Math__patch1-Math-42-Nopol-plausible,Math-42,True,True,True,
Patches_ICSE__Doverfitting__Nopol__Math__patch1-Math-49-Nopol-plausible,Math-49,True,True,True,
Patches_ICSE__Doverfitting__Nopol__Math__patch1-Math-58-Nopol-plausible,Math-58,True,True,True,
Patches_ICSE__Doverfitting__Nopol__Math__patch1-Math-69-Nopol-plausible,Math-69,True,True,True,
Patches_ICSE__Doverfitting__Nopol__Math__patch1-Math-7-Nopol-plausible,Math-7,True,True,True,
Patches_ICSE__Doverfitting__Nopol__Math__patch1-Math-73-Nopol-plausible,Math-73,True,True,True,
Patches_ICSE__Doverfitting__Nopol__Math__patch1-Math-78-Nopol-plausible,Math-78,True,True,True,
Patches_ICSE__Doverfitting__Nopol__Math__patch1-Math-80-Nopol-plausible,Math-80,True,True,True,
Patches_ICSE__Doverfitting__Nopol__Math__patch1-Math-81-Nopol-plausible,Math-81,True,True,True,
Patches_ICSE__Doverfitting__Nopol__Math__patch1-Math-82-Nopol-plausible,Math-82,True,True,True,
Patches_ICSE__Doverfitting__Nopol__Math__patch1-Math-87-Nopol-plausible,Math-87,True,True,True,
Patches_ICSE__Doverfitting__Nopol__Time__patch1-Time-14-Nopol-plausible,Time-14,True,True,True,
Patches_ICSE__Doverfitting__RSRepair__Chart__patch1-Chart-12-RSRepair-plausible,Chart-12,True,True,True,
Patches_ICSE__Doverfitting__RSRepair__Chart__patch1-Chart-13-RSRepair-plausible,Chart-13,True,True,True,
Patches_ICSE__Doverfitting__RSRepair__Chart__patch1-Chart-25-RSRepair-plausible,Chart-25,True,True,True,
Patches_ICSE__Doverfitting__RSRepair__Chart__patch1-Chart-5-RSRepair-plausible,Chart-5,True,True,True,
Patches_ICSE__Doverfitting__RSRepair__Closure__patch1-Closure-10-RSRepair-plausible,Closure-10,True,True,True,
Patches_ICSE__Doverfitting__RSRepair__Closure__patch1-Closure-112-RSRepair-plausible,Closure-112,True,True,True,
Patches_ICSE__Doverfitting__RSRepair__Closure__patch1-Closure-114-RSRepair-plausible,Closure-114,True,True,True,
Patches_ICSE__Doverfitting__RSRepair__Closure__patch1-Closure-120-RSRepair-plausible,Closure-120,True,True,True,
Patches_ICSE__Doverfitting__RSRepair__Closure__patch1-Closure-121-RSRepair-plausible,Closure-121,True,True,True,
Patches_ICSE__Doverfitting__RSRepair__Closure__patch1-Closure-124-RSRepair-plausible,Closure-124,True,True,True,
Patches_ICSE__Doverfitting__RSRepair__Closure__patch1-Closure-127-RSRepair-plausible,Closure-127,True,True,True,
Patches_ICSE__Doverfitting__RSRepair__Closure__patch1-Closure-129-RSRepair-plausible,Closure-129,True,True,True,
Patches_ICSE__Doverfitting__RSRepair__Closure__patch1-Closure-130-RSRepair-plausible,Closure-130,True,True,True,
Patches_ICSE__Doverfitting__RSRepair__Closure__patch1-Closure-21-RSRepair-plausible,Closure-21,True,True,True,
Patches_ICSE__Doverfitting__RSRepair__Closure__patch1-Closure-22-RSRepair-plausible,Closure-22,True,True,True,
Patches_ICSE__Doverfitting__RSRepair__Closure__patch1-Closure-31-RSRepair-plausible,Closure-31,True,True,True,
Patches_ICSE__Doverfitting__RSRepair__Closure__patch1-Closure-33-RSRepair-plausible,Closure-33,True,True,True,
Patches_ICSE__Doverfitting__RSRepair__Closure__patch1-Closure-45-RSRepair-plausible,Closure-45,True,True,True,
Patches_ICSE__Doverfitting__RSRepair__Closure__patch1-Closure-55-RSRepair-plausible,Closure-55,True,True,True,
Patches_ICSE__Doverfitting__RSRepair__Closure__patch1-Closure-59-RSRepair-plausible,Closure-59,True,True,True,
Patches_ICSE__Doverfitting__RSRepair__Closure__patch1-Closure-61-RSRepair-plausible,Closure-61,True,True,True,
Patches_ICSE__Doverfitting__RSRepair__Closure__patch1-Closure-67-RSRepair-plausible,Closure-67,True,True,True,
Patches_ICSE__Doverfitting__RSRepair__Closure__patch1-Closure-75-RSRepair-plausible,Closure-75,True,True,True,
Patches_ICSE__Doverfitting__RSRepair__Closure__patch1-Closure-78-RSRepair-plausible,Closure-78,True,True,True,
Patches_ICSE__Doverfitting__RSRepair__Lang__patch1-Lang-13-RSRepair-plausible,Lang-13,True,True,True,
Patches_ICSE__Doverfitting__RSRepair__Lang__patch1-Lang-16-RSRepair-plausible,Lang-16,True,True,True,
Patches_ICSE__Doverfitting__RSRepair__Lang__patch1-Lang-7-RSRepair-plausible,Lang-7,True,True,True,
Patches_ICSE__Doverfitting__RSRepair__Math__patch1-Math-103-RSRepair-plausible,Math-103,True,True,True,
Patches_ICSE__Doverfitting__RSRepair__Math__patch1-Math-2-RSRepair-plausible,Math-2,True,True,True,
Patches_ICSE__Doverfitting__RSRepair__Math__patch1-Math-28-RSRepair-plausible,Math-28,True,True,True,
Patches_ICSE__Doverfitting__RSRepair__Math__patch1-Math-33-RSRepair-plausible,Math-33,True,True,True,
Patches_ICSE__Doverfitting__RSRepair__Math__patch1-Math-40-RSRepair-plausible,Math-40,True,True,True,
Patches_ICSE__Doverfitting__RSRepair__Math__patch1-Math-58-RSRepair-plausible,Math-58,True,True,True,
Patches_ICSE__Doverfitting__RSRepair__Math__patch1-Math-80-RSRepair-plausible,Math-80,True,True,True,
Patches_ICSE__Doverfitting__RSRepair__Math__patch1-Math-81-RSRepair-plausible,Math-81,True,True,True,
Patches_ICSE__Doverfitting__RSRepair__Math__patch1-Math-82-RSRepair-plausible,Math-82,True,True,True,
Patches_ICSE__Doverfitting__RSRepair__Math__patch1-Math-84-RSRepair-plausible,Math-84,True,True,True,
Patches_ICSE__Doverfitting__RSRepair__Math__patch1-Math-85-RSRepair-plausible,Math-85,True,True,True,
Patches_ICSE__Doverfitting__RSRepair__Math__patch1-Math-95-RSRepair-plausible,Math-95,True,True,True,
Patches_ICSE__Doverfitting__SimFix__Chart__patch1-Chart-12-SimFix-plausible,Chart-12,True,True,True,
Patches_ICSE__Doverfitting__SimFix__Chart__patch1-Chart-18-SimFix-plausible,Chart-18,True,True,False,
Patches_ICSE__Doverfitting__SimFix__Chart__patch1-Chart-22-SimFix-plausible,Chart-22,True,True,False,
Patches_ICSE__Doverfitting__SimFix__Chart__patch1-Chart-25-SimFix-plausible,Chart-25,True,True,False,
Patches_ICSE__Doverfitting__SimFix__Chart__patch1-Chart-3-SimFix-plausible,Chart-3,True,True,False,
Patches_ICSE__Doverfitting__SimFix__Closure__patch1-Closure-106-SimFix-plausible,Closure-106,True,True,False,
Patches_ICSE__Doverfitting__SimFix__Closure__patch1-Closure-107-SimFix-plausible,Closure-107,True,True,True,
Patches_ICSE__Doverfitting__SimFix__Closure__patch1-Closure-108-SimFix-plausible,Closure-108,True,True,True,
Patches_ICSE__Doverfitting__SimFix__Closure__patch1-Closure-109-SimFix-plausible,Closure-109,True,True,False,
Patches_ICSE__Doverfitting__SimFix__Closure__patch1-Closure-126-SimFix-plausible,Closure-126,True,True,False,
Patches_ICSE__Doverfitting__SimFix__Closure__patch1-Closure-14-SimFix-plausible,Closure-14,True,True,True,
Patches_ICSE__Doverfitting__SimFix__Closure__patch1-Closure-21-SimFix-plausible,Closure-21,True,True,True,
Patches_ICSE__Doverfitting__SimFix__Closure__patch1-Closure-22-SimFix-plausible,Closure-22,True,True,True,
Patches_ICSE__Doverfitting__SimFix__Closure__patch1-Closure-26-SimFix-plausible,Closure-26,True,True,False,
Patches_ICSE__Doverfitting__SimFix__Closure__patch1-Closure-38-SimFix-plausible,Closure-38,True,True,True,
Patches_ICSE__Doverfitting__SimFix__Closure__patch1-Closure-46-SimFix-plausible,Closure-46,True,True,True,
Patches_ICSE__Doverfitting__SimFix__Closure__patch1-Closure-57-SimFix-plausible,Closure-57,True,True,True,
Patches_ICSE__Doverfitting__SimFix__Lang__patch1-Lang-1-SimFix-plausible,Lang-1,True,True,False,
Patches_ICSE__Doverfitting__SimFix__Lang__patch1-Lang-10-SimFix-plausible,Lang-10,True,True,False,
Patches_ICSE__Doverfitting__SimFix__Lang__patch1-Lang-12-SimFix-plausible,Lang-12,True,True,False,
Patches_ICSE__Doverfitting__SimFix__Lang__patch1-Lang-16-SimFix-plausible,Lang-16,True,True,True,
Patches_ICSE__Doverfitting__SimFix__Lang__patch1-Lang-27-SimFix-plausible,Lang-27,True,True,True,
Patches_ICSE__Doverfitting__SimFix__Lang__patch1-Lang-41-SimFix-plausible,Lang-41,True,True,False,
Patches_ICSE__Doverfitting__SimFix__Lang__patch1-Lang-45-SimFix-plausible,Lang-45,True,True,True,
Patches_ICSE__Doverfitting__SimFix__Lang__patch1-Lang-50-SimFix-plausible,Lang-50,True,True,False,
Patches_ICSE__Doverfitting__SimFix__Lang__patch1-Lang-61-SimFix-plausible,Lang-61,True,True,False,
Patches_ICSE__Doverfitting__SimFix__Lang__patch1-Lang-63-SimFix-plausible,Lang-63,True,True,True,
Patches_ICSE__Doverfitting__SimFix__Lang__patch1-Lang-9-SimFix-plausible,Lang-9,True,True,False,
Patches_ICSE__Doverfitting__SimFix__Math__patch1-Math-1-SimFix-plausible,Math-1,True,True,False,
Patches_ICSE__Doverfitting__SimFix__Math__patch1-Math-43-SimFix-plausible,Math-43,True,True,False,
Patches_ICSE__Doverfitting__SimFix__Math__patch1-Math-44-SimFix-plausible,Math-44,True,True,True,
Patches_ICSE__Doverfitting__SimFix__Math__patch1-Math-50-SimFix-plausible,Math-50,True,True,True,
Patches_ICSE__Doverfitting__SimFix__Math__patch1-Math-6-SimFix-plausible,Math-6,True,True,True,
Patches_ICSE__Doverfitting__SimFix__Math__patch1-Math-63-SimFix-plausible,Math-63,True,True,True,
Patches_ICSE__Doverfitting__SimFix__Math__patch1-Math-69-SimFix-plausible,Math-69,True,True,False,
Patches_ICSE__Doverfitting__SimFix__Math__patch1-Math-73-SimFix-plausible,Math-73,True,True,True,
Patches_ICSE__Doverfitting__SimFix__Math__patch1-Math-8-SimFix-plausible,Math-8,True,True,True,
Patches_ICSE__Doverfitting__SimFix__Math__patch1-Math-80-SimFix-plausible,Math-80,True,True,True,
Patches_ICSE__Doverfitting__SimFix__Math__patch1-Math-81-SimFix-plausible,Math-81,True,True,True,
Patches_ICSE__Doverfitting__SimFix__Math__patch1-Math-82-SimFix-plausible,Math-82,True,True,True,
Patches_ICSE__Doverfitting__SimFix__Math__patch1-Math-84-SimFix-plausible,Math-84,True,True,True,
Patches_ICSE__Doverfitting__SimFix__Math__patch1-Math-85-SimFix-plausible,Math-85,True,True,True,
Patches_ICSE__Doverfitting__SimFix__Math__patch1-Math-88-SimFix-plausible,Math-88,True,True,True,
Patches_ICSE__Doverfitting__TBar__Chart__patch1-Chart-12-TBar-plausible,Chart-12,True,True,True,
Patches_ICSE__Doverfitting__TBar__Chart__patch1-Chart-13-TBar-plausible,Chart-13,True,True,True,
Patches_ICSE__Doverfitting__TBar__Chart__patch1-Chart-14-TBar-plausible,Chart-14,True,True,False,
Patches_ICSE__Doverfitting__TBar__Chart__patch1-Chart-15-TBar-plausible,Chart-15,True,True,True,
Patches_ICSE__Doverfitting__TBar__Chart__patch1-Chart-25-TBar-plausible,Chart-25,True,True,True,
Patches_ICSE__Doverfitting__TBar__Chart__patch1-Chart-3-TBar-plausible,Chart-3,True,True,True,
Patches_ICSE__Doverfitting__TBar__Chart__patch1-Chart-5-TBar-plausible,Chart-5,True,True,True,
Patches_ICSE__Doverfitting__TBar__Chart__patch1-Chart-7-TBar-plausible,Chart-7,True,True,True,
Patches_ICSE__Doverfitting__TBar__Closure__patch1-Closure-107-TBar-plausible,Closure-107,True,True,True,
Patches_ICSE__Doverfitting__TBar__Closure__patch1-Closure-109-TBar-plausible,Closure-109,True,True,True,
Patches_ICSE__Doverfitting__TBar__Closure__patch1-Closure-115-TBar-plausible,Closure-115,True,True,True,
Patches_ICSE__Doverfitting__TBar__Closure__patch1-Closure-12-TBar-plausible,Closure-12,True,True,True,
Patches_ICSE__Doverfitting__TBar__Closure__patch1-Closure-126-TBar-plausible,Closure-126,True,True,True,
Patches_ICSE__Doverfitting__TBar__Closure__patch1-Closure-133-TBar-plausible,Closure-133,True,True,True,
Patches_ICSE__Doverfitting__TBar__Closure__patch1-Closure-21-TBar-plausible,Closure-21,True,True,True,
Patches_ICSE__Doverfitting__TBar__Closure__patch1-Closure-22-TBar-plausible,Closure-22,True,True,True,
Patches_ICSE__Doverfitting__TBar__Closure__patch1-Closure-66-TBar-plausible,Closure-66,True,True,True,
Patches_ICSE__Doverfitting__TBar__Lang__patch1-Lang-13-TBar-plausible,Lang-13,True,True,True,
Patches_ICSE__Doverfitting__TBar__Lang__patch1-Lang-18-TBar-plausible,Lang-18,True,True,True,
Patches_ICSE__Doverfitting__TBar__Lang__patch1-Lang-20-TBar-plausible,Lang-20,True,True,False,
Patches_ICSE__Doverfitting__TBar__Lang__patch1-Lang-22-TBar-plausible,Lang-22,True,True,True,
Patches_ICSE__Doverfitting__TBar__Lang__patch1-Lang-24-TBar-plausible,Lang-24,True,True,True,
Patches_ICSE__Doverfitting__TBar__Lang__patch1-Lang-27-TBar-plausible,Lang-27,True,True,True,
Patches_ICSE__Doverfitting__TBar__Lang__patch1-Lang-39-TBar-plausible,Lang-39,True,True,True,
Patches_ICSE__Doverfitting__TBar__Lang__patch1-Lang-41-TBar-plausible,Lang-41,True,True,False,
Patches_ICSE__Doverfitting__TBar__Lang__patch1-Lang-43-TBar-plausible,Lang-43,True,True,True,
Patches_ICSE__Doverfitting__TBar__Lang__patch1-Lang-44-TBar-plausible,Lang-44,True,True,True,
Patches_ICSE__Doverfitting__TBar__Lang__patch1-Lang-45-TBar-plausible,Lang-45,True,True,True,
Patches_ICSE__Doverfitting__TBar__Lang__patch1-Lang-51-TBar-plausible,Lang-51,True,True,True,
Patches_ICSE__Doverfitting__TBar__Lang__patch1-Lang-58-TBar-plausible,Lang-58,True,True,True,
Patches_ICSE__Doverfitting__TBar__Lang__patch1-Lang-60-TBar-plausible,Lang-60,True,True,True,
Patches_ICSE__Doverfitting__TBar__Lang__patch1-Lang-63-TBar-plausible,Lang-63,True,True,True,
Patches_ICSE__Doverfitting__TBar__Math__patch1-Math-15-TBar-plausible,Math-15,True,True,True,
Patches_ICSE__Doverfitting__TBar__Math__patch1-Math-2-TBar-plausible,Math-2,True,True,True,
Patches_ICSE__Doverfitting__TBar__Math__patch1-Math-50-TBar-plausible,Math-50,True,True,True,
Patches_ICSE__Doverfitting__TBar__Math__patch1-Math-6-TBar-plausible,Math-6,True,True,True,
Patches_ICSE__Doverfitting__TBar__Math__patch1-Math-62-TBar-plausible,Math-62,True,True,True,
Patches_ICSE__Doverfitting__TBar__Math__patch1-Math-63-TBar-plausible,Math-63,True,True,True,
Patches_ICSE__Doverfitting__TBar__Math__patch1-Math-8-TBar-plausible,Math-8,True,True,True,
Patches_ICSE__Doverfitting__TBar__Math__patch1-Math-80-TBar-plausible,Math-80,True,True,True,
Patches_ICSE__Doverfitting__TBar__Math__patch1-Math-81-TBar-plausible,Math-81,True,True,True,
Patches_ICSE__Doverfitting__TBar__Math__patch1-Math-82-TBar-plausible,Math-82,True,True,True,
Patches_ICSE__Doverfitting__TBar__Math__patch1-Math-84-TBar-plausible,Math-84,True,True,True,
Patches_ICSE__Doverfitting__TBar__Math__patch1-Math-85-TBar-plausible,Math-85,True,True,True,
Patches_ICSE__Doverfitting__TBar__Math__patch1-Math-88-TBar-plausible,Math-88,True,True,True,
Patches_ICSE__Doverfitting__TBar__Math__patch1-Math-95-TBar-plausible,Math-95,True,True,True,
Patches_ICSE__Doverfitting__TBar__Math__patch1-Math-96-TBar-plausible,Math-96,True,True,True,
Patches_ICSE__Doverfitting__jGenProg__Chart__patch1-Chart-13-jGenProg-plausible,Chart-13,True,True,True,
Patches_ICSE__Doverfitting__jGenProg__Chart__patch1-Chart-25-jGenProg-plausible,Chart-25,False,NA,NA,"dry-run failed: checking file source/org/jfree/chart/renderer/category/StatisticalBarRenderer.java
Hunk #1 FAILED at 204.
1 out of 1 hunk FAILED
"
Patches_ICSE__Doverfitting__jGenProg__Chart__patch1-Chart-3-jGenProg-plausible,Chart-3,True,True,True,
Patches_ICSE__Doverfitting__jGenProg__Chart__patch1-Chart-5-jGenProg-plausible,Chart-5,True,True,True,
Patches_ICSE__Doverfitting__jGenProg__Chart__patch1-Chart-7-jGenProg-plausible,Chart-7,True,True,True,
Patches_ICSE__Doverfitting__jGenProg__Closure__patch1-Closure-21-jGenProg-plausible,Closure-21,False,NA,NA,"dry-run failed: checking file src/com/google/javascript/jscomp/CheckSideEffects.java
Hunk #1 FAILED at 115.
1 out of 1 hunk FAILED
"
Patches_ICSE__Doverfitting__jGenProg__Closure__patch1-Closure-22-jGenProg-plausible,Closure-22,False,NA,NA,"dry-run failed: checking file src/com/google/javascript/jscomp/CheckSideEffects.java
Hunk #1 FAILED at 109.
1 out of 1 hunk FAILED
"
Patches_ICSE__Doverfitting__jGenProg__Lang__patch1-Lang-27-jGenProg-plausible,Lang-27,True,True,True,
Patches_ICSE__Doverfitting__jGenProg__Lang__patch1-Lang-39-jGenProg-plausible,Lang-39,True,True,True,
Patches_ICSE__Doverfitting__jGenProg__Math__patch1-Math-50-jGenProg-plausible,Math-50,False,NA,NA,"dry-run failed: checking file src/main/java/org/apache/commons/math/analysis/solvers/BaseSecantSolver.java
Hunk #1 FAILED at 185.
1 out of 1 hunk FAILED
"
Patches_ICSE__Doverfitting__jGenProg__Math__patch1-Math-60-jGenProg-plausible,Math-60,True,True,True,
Patches_ICSE__Doverfitting__jGenProg__Math__patch1-Math-73-jGenProg-plausible,Math-73,True,True,True,
Patches_ICSE__Doverfitting__jGenProg__Math__patch1-Math-8-jGenProg-plausible,Math-8,False,NA,NA,"dry-run failed: checking file src/main/java/org/apache/commons/math3/distribution/DiscreteDistribution.java
Hunk #1 FAILED at 187.
1 out of 1 hunk FAILED
"
Patches_ICSE__Doverfitting__jGenProg__Math__patch1-Math-81-jGenProg-plausible,Math-81,True,True,True,
Patches_ICSE__Doverfitting__jGenProg__Math__patch1-Math-84-jGenProg-plausible,Math-84,False,NA,NA,"dry-run failed: checking file src/main/java/org/apache/commons/math/optimization/direct/MultiDirectional.java
Hunk #1 FAILED at 92.
1 out of 1 hunk FAILED
"
Patches_ICSE__Doverfitting__jGenProg__Math__patch1-Math-85-jGenProg-plausible,Math-85,False,NA,NA,"dry-run failed: checking file src/java/org/apache/commons/math/analysis/solvers/UnivariateRealSolverUtils.java
Hunk #1 FAILED at 196.
1 out of 1 hunk FAILED
"
Patches_ICSE__Doverfitting__jGenProg__Math__patch1-Math-95-jGenProg-plausible,Math-95,False,NA,NA,"dry-run failed: checking file src/java/org/apache/commons/math/distribution/FDistributionImpl.java
Hunk #1 FAILED at 144.
1 out of 1 hunk FAILED
"
Patches_ICSE__Doverfitting__jKali__Chart__patch1-Chart-1-jKali-plausible,Chart-1,False,NA,NA,"dry-run failed: checking file source/org/jfree/chart/renderer/category/AbstractCategoryItemRenderer.java
Hunk #1 FAILED at 1794.
1 out of 1 hunk FAILED
"
Patches_ICSE__Doverfitting__jKali__Chart__patch1-Chart-13-jKali-plausible,Chart-13,True,True,True,
Patches_ICSE__Doverfitting__jKali__Chart__patch1-Chart-25-jKali-plausible,Chart-25,True,True,True,
Patches_ICSE__Doverfitting__jKali__Chart__patch1-Chart-5-jKali-plausible,Chart-5,False,NA,NA,"dry-run failed: checking file source/org/jfree/data/xy/XYSeries.java
Hunk #1 FAILED at 560.
1 out of 1 hunk FAILED
"
Patches_ICSE__Doverfitting__jKali__Closure__patch1-Closure-101-jKali-plausible,Closure-101,False,NA,NA,"dry-run failed: checking file src/com/google/javascript/jscomp/CompilationLevel.java
Hunk #1 FAILED at 91.
1 out of 1 hunk FAILED
"
Patches_ICSE__Doverfitting__jKali__Closure__patch1-Closure-21-jKali-plausible,Closure-21,True,True,True,
Patches_ICSE__Doverfitting__jKali__Closure__patch1-Closure-22-jKali-plausible,Closure-22,True,True,True,
Patches_ICSE__Doverfitting__jKali__Closure__patch1-Closure-45-jKali-plausible,Closure-45,True,True,True,
Patches_ICSE__Doverfitting__jKali__Closure__patch1-Closure-46-jKali-plausible,Closure-46,True,True,True,
Patches_ICSE__Doverfitting__jKali__Closure__patch1-Closure-62-jKali-plausible,Closure-62,True,True,True,
Patches_ICSE__Doverfitting__jKali__Lang__patch1-Lang-22-jKali-plausible,Lang-22,True,True,True,
Patches_ICSE__Doverfitting__jKali__Lang__patch1-Lang-27-jKali-plausible,Lang-27,True,True,True,
Patches_ICSE__Doverfitting__jKali__Math__patch1-Math-2-jKali-plausible,Math-2,False,NA,NA,"dry-run failed: checking file src/main/java/org/apache/commons/math3/distribution/AbstractIntegerDistribution.java
Hunk #1 FAILED at 134.
1 out of 1 hunk FAILED
"
Patches_ICSE__Doverfitting__jKali__Math__patch1-Math-28-jKali-plausible,Math-28,True,True,True,
Patches_ICSE__Doverfitting__jKali__Math__patch1-Math-29-jKali-plausible,Math-29,True,True,True,
Patches_ICSE__Doverfitting__jKali__Math__patch1-Math-32-jKali-plausible,Math-32,True,True,True,
Patches_ICSE__Doverfitting__jKali__Math__patch1-Math-49-jKali-plausible,Math-49,True,True,True,
Patches_ICSE__Doverfitting__jKali__Math__patch1-Math-71-jKali-plausible,Math-71,True,True,True,
Patches_ICSE__Doverfitting__jKali__Math__patch1-Math-8-jKali-plausible,Math-8,False,NA,NA,"dry-run failed: checking file src/main/java/org/apache/commons/math3/distribution/DiscreteDistribution.java
Hunk #1 FAILED at 186.
1 out of 1 hunk FAILED
"
Patches_ICSE__Doverfitting__jKali__Math__patch1-Math-80-jKali-plausible,Math-80,True,True,True,
Patches_ICSE__Doverfitting__jMutRepair__Chart__patch1-Chart-25-jMutRepair-plausible,Chart-25,True,True,True,
Patches_ICSE__Doverfitting__jMutRepair__Chart__patch1-Chart-7-jMutRepair-plausible,Chart-7,True,True,True,
Patches_ICSE__Doverfitting__jMutRepair__Closure__patch1-Closure-126-jMutRepair-plausible,Closure-126,True,True,True,
Patches_ICSE__Doverfitting__jMutRepair__Closure__patch1-Closure-21-jMutRepair-plausible,Closure-21,True,True,True,
Patches_ICSE__Doverfitting__jMutRepair__Closure__patch1-Closure-22-jMutRepair-plausible,Closure-22,True,True,True,
Patches_ICSE__Doverfitting__jMutRepair__Lang__patch1-Lang-22-jMutRepair-plausible,Lang-22,True,True,True,
Patches_ICSE__Doverfitting__jMutRepair__Lang__patch1-Lang-27-jMutRepair-plausible,Lang-27,False,NA,NA,"dry-run failed: checking file src/main/java/org/apache/commons/lang3/math/NumberUtils.java
Hunk #1 FAILED at 485.
1 out of 1 hunk FAILED
"
Patches_ICSE__Doverfitting__jMutRepair__Math__patch1-Math-2-jMutRepair-plausible,Math-2,True,True,True,
Patches_ICSE__Doverfitting__jMutRepair__Math__patch1-Math-28-jMutRepair-plausible,Math-28,True,True,True,
Patches_ICSE__Doverfitting__jMutRepair__Math__patch1-Math-50-jMutRepair-plausible,Math-50,True,True,True,
Patches_ICSE__Doverfitting__jMutRepair__Math__patch1-Math-52-jMutRepair-plausible,Math-52,True,True,True,
Patches_ICSE__Doverfitting__jMutRepair__Math__patch1-Math-57-jMutRepair-plausible,Math-57,True,True,False,
Patches_ICSE__Doverfitting__jMutRepair__Math__patch1-Math-80-jMutRepair-plausible,Math-80,True,True,False,
Patches_ICSE__Doverfitting__jMutRepair__Math__patch1-Math-81-jMutRepair-plausible,Math-81,True,True,True,
Patches_ICSE__Doverfitting__jMutRepair__Math__patch1-Math-84-jMutRepair-plausible,Math-84,True,True,True,
Patches_ICSE__Doverfitting__jMutRepair__Math__patch1-Math-88-jMutRepair-plausible,Math-88,True,True,True,
Patches_ICSE__Doverfitting__kPAR__Chart__patch1-Chart-13-kPAR-plausible,Chart-13,True,True,True,
Patches_ICSE__Doverfitting__kPAR__Chart__patch1-Chart-14-kPAR-plausible,Chart-14,True,True,False,
Patches_ICSE__Doverfitting__kPAR__Chart__patch1-Chart-15-kPAR-plausible,Chart-15,True,True,True,
Patches_ICSE__Doverfitting__kPAR__Chart__patch1-Chart-17-kPAR-plausible,Chart-17,True,True,True,
Patches_ICSE__Doverfitting__kPAR__Chart__patch1-Chart-25-kPAR-plausible,Chart-25,True,True,False,
Patches_ICSE__Doverfitting__kPAR__Chart__patch1-Chart-3-kPAR-plausible,Chart-3,True,True,True,
Patches_ICSE__Doverfitting__kPAR__Chart__patch1-Chart-5-kPAR-plausible,Chart-5,True,True,True,
Patches_ICSE__Doverfitting__kPAR__Chart__patch1-Chart-7-kPAR-plausible,Chart-7,True,True,True,
Patches_ICSE__Doverfitting__kPAR__Closure__patch1-Closure-109-kPAR-plausible,Closure-109,True,True,True,
Patches_ICSE__Doverfitting__kPAR__Closure__patch1-Closure-115-kPAR-plausible,Closure-115,True,True,True,
Patches_ICSE__Doverfitting__kPAR__Closure__patch1-Closure-126-kPAR-plausible,Closure-126,True,True,True,
Patches_ICSE__Doverfitting__kPAR__Closure__patch1-Closure-129-kPAR-plausible,Closure-129,True,True,True,
Patches_ICSE__Doverfitting__kPAR__Closure__patch1-Closure-35-kPAR-plausible,Closure-35,True,True,True,
Patches_ICSE__Doverfitting__kPAR__Closure__patch1-Closure-46-kPAR-plausible,Closure-46,True,True,True,
Patches_ICSE__Doverfitting__kPAR__Closure__patch1-Closure-62-kPAR-plausible,Closure-62,True,True,True,
Patches_ICSE__Doverfitting__kPAR__Lang__patch1-Lang-10-kPAR-plausible,Lang-10,True,True,True,
Patches_ICSE__Doverfitting__kPAR__Lang__patch1-Lang-16-kPAR-plausible,Lang-16,True,True,True,
Patches_ICSE__Doverfitting__kPAR__Lang__patch1-Lang-18-kPAR-plausible,Lang-18,True,True,True,
Patches_ICSE__Doverfitting__kPAR__Lang__patch1-Lang-20-kPAR-plausible,Lang-20,True,True,False,
Patches_ICSE__Doverfitting__kPAR__Lang__patch1-Lang-21-kPAR-plausible,Lang-21,True,True,True,
Patches_ICSE__Doverfitting__kPAR__Lang__patch1-Lang-24-kPAR-plausible,Lang-24,True,True,True,
Patches_ICSE__Doverfitting__kPAR__Lang__patch1-Lang-27-kPAR-plausible,Lang-27,True,True,True,
Patches_ICSE__Doverfitting__kPAR__Lang__patch1-Lang-41-kPAR-plausible,Lang-41,True,True,False,
Patches_ICSE__Doverfitting__kPAR__Lang__patch1-Lang-43-kPAR-plausible,Lang-43,True,True,True,
Patches_ICSE__Doverfitting__kPAR__Lang__patch1-Lang-44-kPAR-plausible,Lang-44,True,True,True,
Patches_ICSE__Doverfitting__kPAR__Lang__patch1-Lang-45-kPAR-plausible,Lang-45,True,True,True,
Patches_ICSE__Doverfitting__kPAR__Lang__patch1-Lang-51-kPAR-plausible,Lang-51,True,True,True,
Patches_ICSE__Doverfitting__kPAR__Lang__patch1-Lang-53-kPAR-plausible,Lang-53,True,True,False,
Patches_ICSE__Doverfitting__kPAR__Lang__patch1-Lang-57-kPAR-plausible,Lang-57,True,True,True,
Patches_ICSE__Doverfitting__kPAR__Lang__patch1-Lang-58-kPAR-plausible,Lang-58,True,True,True,
Patches_ICSE__Doverfitting__kPAR__Lang__patch1-Lang-59-kPAR-plausible,Lang-59,True,True,True,
Patches_ICSE__Doverfitting__kPAR__Lang__patch1-Lang-63-kPAR-plausible,Lang-63,True,True,True,
Patches_ICSE__Doverfitting__kPAR__Math__patch1-Math-104-kPAR-plausible,Math-104,True,True,True,
Patches_ICSE__Doverfitting__kPAR__Math__patch1-Math-15-kPAR-plausible,Math-15,True,True,True,
Patches_ICSE__Doverfitting__kPAR__Math__patch1-Math-2-kPAR-plausible,Math-2,True,True,True,
Patches_ICSE__Doverfitting__kPAR__Math__patch1-Math-40-kPAR-plausible,Math-40,True,True,True,
Patches_ICSE__Doverfitting__kPAR__Math__patch1-Math-42-kPAR-plausible,Math-42,True,True,True,
Patches_ICSE__Doverfitting__kPAR__Math__patch1-Math-43-kPAR-plausible,Math-43,True,True,False,
Patches_ICSE__Doverfitting__kPAR__Math__patch1-Math-49-kPAR-plausible,Math-49,True,True,True,
Patches_ICSE__Doverfitting__kPAR__Math__patch1-Math-50-kPAR-plausible,Math-50,True,True,True,
Patches_ICSE__Doverfitting__kPAR__Math__patch1-Math-62-kPAR-plausible,Math-62,True,True,True,
Patches_ICSE__Doverfitting__kPAR__Math__patch1-Math-63-kPAR-plausible,Math-63,True,True,True,
Patches_ICSE__Doverfitting__kPAR__Math__patch1-Math-7-kPAR-plausible,Math-7,True,True,True,
Patches_ICSE__Doverfitting__kPAR__Math__patch1-Math-8-kPAR-plausible,Math-8,True,True,True,
Patches_ICSE__Doverfitting__kPAR__Math__patch1-Math-80-kPAR-plausible,Math-80,True,True,True,
Patches_ICSE__Doverfitting__kPAR__Math__patch1-Math-81-kPAR-plausible,Math-81,True,True,True,
Patches_ICSE__Doverfitting__kPAR__Math__patch1-Math-82-kPAR-plausible,Math-82,True,True,True,
Patches_ICSE__Doverfitting__kPAR__Math__patch1-Math-84-kPAR-plausible,Math-84,True,True,True,
Patches_ICSE__Doverfitting__kPAR__Math__patch1-Math-88-kPAR-plausible,Math-88,True,True,True,
Patches_ICSE__Doverfitting__kPAR__Time__patch1-Time-17-kPAR-plausible,Time-17,True,True,True,
Patches_ICSE__Dsame__ACS__Chart__patch1-Chart-14-ACS,Chart-14,True,True,True,
Patches_ICSE__Dsame__ACS__Time__patch1-Time-15-ACS,Time-15,True,True,True,
Patches_ICSE__Dsame__AVATAR__Chart__patch1-Chart-1-AVATAR,Chart-1,True,True,True,
Patches_ICSE__Dsame__AVATAR__Chart__patch1-Chart-19-AVATAR,Chart-19,True,True,True,
Patches_ICSE__Dsame__AVATAR__Chart__patch1-Chart-24-AVATAR,Chart-24,True,True,True,
Patches_ICSE__Dsame__AVATAR__Chart__patch1-Chart-4-AVATAR,Chart-4,True,True,True,
Patches_ICSE__Dsame__AVATAR__Closure__patch1-Closure-46-AVATAR,Closure-46,True,True,True,
Patches_ICSE__Dsame__AVATAR__Closure__patch1-Closure-62-AVATAR,Closure-62,True,True,True,
Patches_ICSE__Dsame__AVATAR__Closure__patch1-Closure-73-AVATAR,Closure-73,True,True,True,
Patches_ICSE__Dsame__AVATAR__Lang__patch1-Lang-6-AVATAR,Lang-6,False,NA,NA,"dry-run failed: checking file src/main/java/org/apache/commons/lang3/text/translate/CharSequenceTranslator.java
Hunk #1 FAILED at 92.
1 out of 1 hunk FAILED
"
Patches_ICSE__Dsame__AVATAR__Lang__patch1-Lang-7-AVATAR,Lang-7,True,True,True,
Patches_ICSE__Dsame__AVATAR__Math__patch1-Math-4-AVATAR,Math-4,True,True,True,
Patches_ICSE__Dsame__AVATAR__Math__patch1-Math-59-AVATAR,Math-59,True,True,True,
Patches_ICSE__Dsame__AVATAR__Math__patch1-Math-89-AVATAR,Math-89,True,True,True,
Patches_ICSE__Dsame__Arja__Math__patch1-Math-58-Arja,Math-58,True,True,True,
Patches_ICSE__Dsame__Arja__Math__patch1-Math-98-Arja,Math-98,True,True,False,
Patches_ICSE__Dsame__Cardumen__Math__patch1-Math-70-Cardumen,Math-70,True,True,True,
Patches_ICSE__Dsame__FixMiner__Chart__patch1-Chart-1-FixMiner,Chart-1,True,True,True,
Patches_ICSE__Dsame__FixMiner__Chart__patch1-Chart-19-FixMiner,Chart-19,True,True,True,
Patches_ICSE__Dsame__FixMiner__Chart__patch1-Chart-4-FixMiner,Chart-4,True,True,True,
Patches_ICSE__Dsame__FixMiner__Math__patch1-Math-22-FixMiner,Math-22,True,True,False,
Patches_ICSE__Dsame__FixMiner__Math__patch1-Math-30-FixMiner,Math-30,True,True,True,
Patches_ICSE__Dsame__FixMiner__Math__patch1-Math-34-FixMiner,Math-34,True,True,True,
Patches_ICSE__Dsame__FixMiner__Math__patch1-Math-57-FixMiner,Math-57,True,True,True,
Patches_ICSE__Dsame__FixMiner__Math__patch1-Math-70-FixMiner,Math-70,True,True,True,
Patches_ICSE__Dsame__FixMiner__Math__patch1-Math-75-FixMiner,Math-75,True,True,True,
Patches_ICSE__Dsame__FixMiner__Math__patch1-Math-79-FixMiner,Math-79,True,True,True,
Patches_ICSE__Dsame__RSRepair__Closure__patch1-Closure-126-RSRepair,Closure-126,True,True,True,
Patches_ICSE__Dsame__SimFix__Chart__patch1-Chart-1-SimFix,Chart-1,True,True,True,
Patches_ICSE__Dsame__SimFix__Chart__patch1-Chart-7-SimFix,Chart-7,True,True,True,
Patches_ICSE__Dsame__SimFix__Closure__patch1-Closure-62-SimFix,Closure-62,True,True,True,
Patches_ICSE__Dsame__SimFix__Closure__patch1-Closure-73-SimFix,Closure-73,True,True,True,
Patches_ICSE__Dsame__SimFix__Lang__patch1-Lang-33-SimFix,Lang-33,True,True,True,
Patches_ICSE__Dsame__SimFix__Lang__patch1-Lang-39-SimFix,Lang-39,True,True,True,
Patches_ICSE__Dsame__SimFix__Lang__patch1-Lang-43-SimFix,Lang-43,True,True,True,
Patches_ICSE__Dsame__SimFix__Lang__patch1-Lang-58-SimFix,Lang-58,True,True,True,
Patches_ICSE__Dsame__SimFix__Math__patch1-Math-41-SimFix,Math-41,True,True,True,
Patches_ICSE__Dsame__SimFix__Math__patch1-Math-5-SimFix,Math-5,True,True,True,
Patches_ICSE__Dsame__SimFix__Math__patch1-Math-53-SimFix,Math-53,True,True,True,
Patches_ICSE__Dsame__SimFix__Math__patch1-Math-57-SimFix,Math-57,True,True,True,
Patches_ICSE__Dsame__SimFix__Math__patch1-Math-59-SimFix,Math-59,True,True,True,
Patches_ICSE__Dsame__SimFix__Math__patch1-Math-70-SimFix,Math-70,True,True,True,
Patches_ICSE__Dsame__SimFix__Math__patch1-Math-75-SimFix,Math-75,True,True,True,
Patches_ICSE__Dsame__SimFix__Math__patch1-Math-79-SimFix,Math-79,True,True,True,
Patches_ICSE__Dsame__TBar__Chart__patch1-Chart-1-TBar,Chart-1,True,True,True,
Patches_ICSE__Dsame__TBar__Chart__patch1-Chart-19-TBar,Chart-19,True,True,True,
Patches_ICSE__Dsame__TBar__Chart__patch1-Chart-20-TBar,Chart-20,True,True,True,
Patches_ICSE__Dsame__TBar__Chart__patch1-Chart-24-TBar,Chart-24,True,True,True,
Patches_ICSE__Dsame__TBar__Chart__patch1-Chart-4-TBar,Chart-4,True,True,True,
Patches_ICSE__Dsame__TBar__Chart__patch1-Chart-9-TBar,Chart-9,True,True,True,
Patches_ICSE__Dsame__TBar__Closure__patch1-Closure-62-TBar,Closure-62,True,True,True,
Patches_ICSE__Dsame__TBar__Closure__patch1-Closure-73-TBar,Closure-73,True,True,True,
Patches_ICSE__Dsame__TBar__Lang__patch1-Lang-57-TBar,Lang-57,True,True,True,
Patches_ICSE__Dsame__TBar__Lang__patch1-Lang-59-TBar,Lang-59,True,True,True,
Patches_ICSE__Dsame__TBar__Math__patch1-Math-5-TBar,Math-5,True,True,True,
Patches_ICSE__Dsame__TBar__Math__patch1-Math-57-TBar,Math-57,True,True,True,
Patches_ICSE__Dsame__TBar__Math__patch1-Math-70-TBar,Math-70,True,True,True,
Patches_ICSE__Dsame__TBar__Math__patch1-Math-75-TBar,Math-75,True,True,True,
Patches_ICSE__Dsame__TBar__Math__patch1-Math-79-TBar,Math-79,True,True,True,
Patches_ICSE__Dsame__TBar__Math__patch1-Math-89-TBar,Math-89,True,True,True,
Patches_ICSE__Dsame__jGenProg__Math__patch1-Math-70-jGenProg,Math-70,True,True,True,
Patches_ICSE__Dsame__jMutRepair__Chart__patch1-Chart-1-jMutRepair,Chart-1,True,True,True,
Patches_ICSE__Dsame__jMutRepair__Closure__patch1-Closure-62-jMutRepair,Closure-62,True,True,True,
Patches_ICSE__Dsame__jMutRepair__Math__patch1-Math-82-jMutRepair,Math-82,True,True,True,
Patches_ICSE__Dsame__jMutRepair__Math__patch1-Math-85-jMutRepair,Math-85,True,True,True,
Patches_ICSE__Dsame__kPAR__Chart__patch1-Chart-1-kPAR,Chart-1,True,True,True,
Patches_ICSE__Dsame__kPAR__Chart__patch1-Chart-19-kPAR,Chart-19,True,True,True,
Patches_ICSE__Dsame__kPAR__Chart__patch1-Chart-4-kPAR,Chart-4,True,True,True,
Patches_ICSE__Dsame__kPAR__Closure__patch1-Closure-73-kPAR,Closure-73,True,True,True,
Patches_ICSE__Dsame__kPAR__Math__patch1-Math-58-kPAR,Math-58,True,True,True,
Patches_ICSE__Dsame__kPAR__Math__patch1-Math-70-kPAR,Math-70,True,True,True,
Patches_ICSE__Dsame__kPAR__Math__patch1-Math-75-kPAR,Math-75,True,True,True,
Patches_ICSE__Dsame__kPAR__Math__patch1-Math-89-kPAR,Math-89,True,True,True,
Patches_others__Dcorrect__CapGen__Chart__patch1-Chart-1-CapGen,Chart-1,True,True,True,
Patches_others__Dcorrect__CapGen__Chart__patch1-Chart-11-CapGen,Chart-11,True,True,True,
Patches_others__Dcorrect__CapGen__Chart__patch1-Chart-24-CapGen,Chart-24,True,True,True,
Patches_others__Dcorrect__CapGen__Chart__patch1-Chart-8-CapGen,Chart-8,True,True,True,
Patches_others__Dcorrect__CapGen__Chart__patch2-Chart-11-CapGen,Chart-11,True,True,True,
Patches_others__Dcorrect__CapGen__Lang__patch1-Lang-26-CapGen,Lang-26,True,True,True,
Patches_others__Dcorrect__CapGen__Lang__patch1-Lang-43-CapGen,Lang-43,True,True,True,
Patches_others__Dcorrect__CapGen__Lang__patch1-Lang-57-CapGen,Lang-57,False,NA,NA,"dry-run failed: checking file src/java/org/apache/commons/lang/LocaleUtils.java
Hunk #1 FAILED at 220.
1 out of 1 hunk FAILED
"
Patches_others__Dcorrect__CapGen__Lang__patch1-Lang-59-CapGen,Lang-59,True,True,True,
Patches_others__Dcorrect__CapGen__Lang__patch1-Lang-6-CapGen,Lang-6,True,True,True,
Patches_others__Dcorrect__CapGen__Lang__patch2-Lang-43-CapGen,Lang-43,True,True,True,
Patches_others__Dcorrect__CapGen__Lang__patch2-Lang-57-CapGen,Lang-57,False,NA,NA,"dry-run failed: checking file src/java/org/apache/commons/lang/LocaleUtils.java
Hunk #1 FAILED at 220.
1 out of 1 hunk FAILED
"
Patches_others__Dcorrect__CapGen__Lang__patch3-Lang-43-CapGen,Lang-43,True,True,True,
Patches_others__Dcorrect__CapGen__Lang__patch3-Lang-57-CapGen,Lang-57,False,NA,NA,"dry-run failed: checking file src/java/org/apache/commons/lang/LocaleUtils.java
Hunk #1 FAILED at 220.
1 out of 1 hunk FAILED
"
Patches_others__Dcorrect__CapGen__Math__patch1-Math-30-CapGen,Math-30,True,True,True,
Patches_others__Dcorrect__CapGen__Math__patch1-Math-33-CapGen,Math-33,True,True,True,
Patches_others__Dcorrect__CapGen__Math__patch1-Math-5-CapGen,Math-5,True,True,True,
Patches_others__Dcorrect__CapGen__Math__patch1-Math-53-CapGen,Math-53,True,True,True,
Patches_others__Dcorrect__CapGen__Math__patch1-Math-57-CapGen,Math-57,True,True,True,
Patches_others__Dcorrect__CapGen__Math__patch1-Math-58-CapGen,Math-58,True,True,True,
Patches_others__Dcorrect__CapGen__Math__patch1-Math-59-CapGen,Math-59,True,True,True,
Patches_others__Dcorrect__CapGen__Math__patch1-Math-63-CapGen,Math-63,True,True,True,
Patches_others__Dcorrect__CapGen__Math__patch1-Math-65-CapGen,Math-65,True,True,True,
Patches_others__Dcorrect__CapGen__Math__patch1-Math-70-CapGen,Math-70,True,True,True,
Patches_others__Dcorrect__CapGen__Math__patch1-Math-75-CapGen,Math-75,True,True,True,
Patches_others__Dcorrect__CapGen__Math__patch1-Math-80-CapGen,Math-80,True,True,True,
Patches_others__Dcorrect__CapGen__Math__patch1-Math-85-CapGen,Math-85,True,True,True,
Patches_others__Dcorrect__CapGen__Math__patch2-Math-53-CapGen,Math-53,True,True,True,
Patches_others__Dcorrect__Jaid__Chart__patch1-Chart-1-Jaid,Chart-1,True,True,True,
Patches_others__Dcorrect__Jaid__Chart__patch1-Chart-24-Jaid,Chart-24,True,True,True,
Patches_others__Dcorrect__Jaid__Chart__patch1-Chart-9-Jaid,Chart-9,True,True,True,
Patches_others__Dcorrect__Jaid__Chart__patch2-Chart-24-Jaid,Chart-24,True,True,True,
Patches_others__Dcorrect__Jaid__Chart__patch2-Chart-9-Jaid,Chart-9,True,True,True,
Patches_others__Dcorrect__Jaid__Closure__patch1-Closure-126-Jaid,Closure-126,True,True,True,
Patches_others__Dcorrect__Jaid__Closure__patch1-Closure-18-Jaid,Closure-18,True,True,True,
Patches_others__Dcorrect__Jaid__Closure__patch1-Closure-31-Jaid,Closure-31,True,True,True,
Patches_others__Dcorrect__Jaid__Closure__patch1-Closure-33-Jaid,Closure-33,True,True,True,
Patches_others__Dcorrect__Jaid__Closure__patch1-Closure-40-Jaid,Closure-40,True,True,True,
Patches_others__Dcorrect__Jaid__Closure__patch1-Closure-62-Jaid,Closure-62,True,True,True,
Patches_others__Dcorrect__Jaid__Closure__patch1-Closure-70-Jaid,Closure-70,True,True,True,
Patches_others__Dcorrect__Jaid__Closure__patch1-Closure-73-Jaid,Closure-73,True,True,True,
Patches_others__Dcorrect__Jaid__Lang__patch1-Lang-33-Jaid,Lang-33,True,True,True,
Patches_others__Dcorrect__Jaid__Lang__patch1-Lang-38-Jaid,Lang-38,True,True,True,
Patches_others__Dcorrect__Jaid__Lang__patch1-Lang-45-Jaid,Lang-45,True,True,True,
Patches_others__Dcorrect__Jaid__Lang__patch1-Lang-51-Jaid,Lang-51,True,True,True,
Patches_others__Dcorrect__Jaid__Lang__patch1-Lang-55-Jaid,Lang-55,True,True,True,
Patches_others__Dcorrect__Jaid__Lang__patch2-Lang-33-Jaid,Lang-33,True,True,True,
Patches_others__Dcorrect__Jaid__Lang__patch2-Lang-38-Jaid,Lang-38,True,True,True,
Patches_others__Dcorrect__Jaid__Lang__patch2-Lang-51-Jaid,Lang-51,True,True,True,
Patches_others__Dcorrect__Jaid__Lang__patch3-Lang-38-Jaid,Lang-38,True,True,True,
Patches_others__Dcorrect__Jaid__Lang__patch3-Lang-51-Jaid,Lang-51,True,True,True,
Patches_others__Dcorrect__Jaid__Lang__patch4-Lang-38-Jaid,Lang-38,True,True,True,
Patches_others__Dcorrect__Jaid__Lang__patch4-Lang-51-Jaid,Lang-51,True,True,True,
Patches_others__Dcorrect__Jaid__Lang__patch5-Lang-51-Jaid,Lang-51,True,True,True,
Patches_others__Dcorrect__Jaid__Lang__patch6-Lang-51-Jaid,Lang-51,True,True,True,
Patches_others__Dcorrect__Jaid__Math__patch1-Math-32-Jaid,Math-32,True,True,True,
Patches_others__Dcorrect__Jaid__Math__patch1-Math-5-Jaid,Math-5,True,True,True,
Patches_others__Dcorrect__Jaid__Math__patch1-Math-50-Jaid,Math-50,True,True,True,
Patches_others__Dcorrect__Jaid__Math__patch1-Math-53-Jaid,Math-53,True,True,True,
Patches_others__Dcorrect__Jaid__Math__patch1-Math-80-Jaid,Math-80,True,True,True,
Patches_others__Dcorrect__Jaid__Math__patch1-Math-82-Jaid,Math-82,True,True,True,
Patches_others__Dcorrect__Jaid__Math__patch1-Math-85-Jaid,Math-85,True,True,True,
Patches_others__Dcorrect__Jaid__Math__patch2-Math-5-Jaid,Math-5,True,True,True,
Patches_others__Dcorrect__Jaid__Math__patch2-Math-53-Jaid,Math-53,True,True,True,
Patches_others__Dcorrect__Jaid__Math__patch2-Math-80-Jaid,Math-80,True,True,True,
Patches_others__Dcorrect__Jaid__Math__patch3-Math-5-Jaid,Math-5,True,True,True,
Patches_others__Dcorrect__SOFix__Chart__patch1-Chart-1-SOFix,Chart-1,True,True,True,
Patches_others__Dcorrect__SOFix__Chart__patch1-Chart-11-SOFix,Chart-11,True,True,True,
Patches_others__Dcorrect__SOFix__Chart__patch1-Chart-24-SOFix,Chart-24,True,True,True,
Patches_others__Dcorrect__SOFix__Chart__patch1-Chart-4-SOFix,Chart-4,True,True,True,
Patches_others__Dcorrect__SOFix__Lang__patch1-Lang-51-SOFix,Lang-51,True,True,True,
Patches_others__Dcorrect__SOFix__Lang__patch1-Lang-59-SOFix,Lang-59,True,True,True,
Patches_others__Dcorrect__SOFix__Lang__patch1-Lang-6-SOFix,Lang-6,True,True,True,
Patches_others__Dcorrect__SOFix__Math__patch1-Math-33-SOFix,Math-33,True,True,True,
Patches_others__Dcorrect__SOFix__Math__patch1-Math-34-SOFix,Math-34,True,True,True,
Patches_others__Dcorrect__SOFix__Math__patch1-Math-5-SOFix,Math-5,True,True,True,
Patches_others__Dcorrect__SOFix__Math__patch1-Math-50-SOFix,Math-50,True,True,True,
Patches_others__Dcorrect__SOFix__Math__patch1-Math-57-SOFix,Math-57,True,True,True,
Patches_others__Dcorrect__SOFix__Math__patch1-Math-58-SOFix,Math-58,False,NA,NA,"dry-run failed: checking file src/main/java/org/apache/commons/math/optimization/fitting/GaussianFitter.java
patch: **** malformed patch at line 11:  

"
Patches_others__Dcorrect__SOFix__Math__patch1-Math-59-SOFix,Math-59,True,True,True,
Patches_others__Dcorrect__SOFix__Math__patch1-Math-70-SOFix,Math-70,True,True,True,
Patches_others__Dcorrect__SOFix__Math__patch1-Math-75-SOFix,Math-75,True,True,True,
Patches_others__Dcorrect__SOFix__Math__patch1-Math-80-SOFix,Math-80,True,True,True,
Patches_others__Dcorrect__SOFix__Math__patch1-Math-82-SOFix,Math-82,True,True,True,
Patches_others__Dcorrect__SOFix__Math__patch1-Math-85-SOFix,Math-85,True,True,True,
Patches_others__Dcorrect__SOFix__Time__patch1-Time-19-SOFix,Time-19,True,True,True,
Patches_others__Dcorrect__SequenceR__Chart__patch1-Chart-1-SequenceR,Chart-1,True,True,True,
Patches_others__Dcorrect__SequenceR__Chart__patch1-Chart-11-SequenceR,Chart-11,True,True,True,
Patches_others__Dcorrect__SequenceR__Chart__patch1-Chart-9-SequenceR,Chart-9,True,True,True,
Patches_others__Dcorrect__SequenceR__Closure__patch1-Closure-18-SequenceR,Closure-18,True,True,True,
Patches_others__Dcorrect__SequenceR__Closure__patch1-Closure-73-SequenceR,Closure-73,True,True,True,
Patches_others__Dcorrect__SequenceR__Closure__patch1-Closure-86-SequenceR,Closure-86,True,True,True,
Patches_others__Dcorrect__SequenceR__Closure__patch2-Closure-73-SequenceR,Closure-73,True,True,True,
Patches_others__Dcorrect__SequenceR__Lang__patch1-Lang-59-SequenceR,Lang-59,True,True,True,
Patches_others__Dcorrect__SequenceR__Lang__patch1-Lang-6-SequenceR,Lang-6,True,True,True,
Patches_others__Dcorrect__SequenceR__Math__patch1-Math-30-SequenceR,Math-30,True,True,True,
Patches_others__Dcorrect__SequenceR__Math__patch1-Math-5-SequenceR,Math-5,True,True,True,
Patches_others__Dcorrect__SequenceR__Math__patch1-Math-57-SequenceR,Math-57,True,True,True,
Patches_others__Dcorrect__SequenceR__Math__patch1-Math-58-SequenceR,Math-58,True,True,True,
Patches_others__Dcorrect__SequenceR__Math__patch1-Math-75-SequenceR,Math-75,True,True,True,
Patches_others__Dcorrect__SequenceR__Math__patch1-Math-82-SequenceR,Math-82,True,True,True,
Patches_others__Dcorrect__SequenceR__Math__patch1-Math-85-SequenceR,Math-85,True,True,True,
Patches_others__Dcorrect__SequenceR__Math__patch2-Math-82-SequenceR,Math-82,True,True,True,
Patches_others__Dcorrect__SketchFix__Chart__patch1-Chart-1-SketchFix,Chart-1,True,True,True,
Patches_others__Dcorrect__SketchFix__Chart__patch1-Chart-11-SketchFix,Chart-11,True,True,True,
Patches_others__Dcorrect__SketchFix__Chart__patch1-Chart-20-SketchFix,Chart-20,True,True,True,
Patches_others__Dcorrect__SketchFix__Chart__patch1-Chart-24-SketchFix,Chart-24,True,True,True,
Patches_others__Dcorrect__SketchFix__Chart__patch1-Chart-8-SketchFix,Chart-8,True,True,True,
Patches_others__Dcorrect__SketchFix__Chart__patch1-Chart-9-SketchFix,Chart-9,True,True,True,
Patches_others__Dcorrect__SketchFix__Closure__patch1-Closure-126-SketchFix,Closure-126,True,True,True,
Patches_others__Dcorrect__SketchFix__Closure__patch1-Closure-14-SketchFix,Closure-14,True,True,True,
Patches_others__Dcorrect__SketchFix__Lang__patch1-Lang-59-SketchFix,Lang-59,True,True,True,
Patches_others__Dcorrect__SketchFix__Lang__patch1-Lang-6-SketchFix,Lang-6,True,True,True,
Patches_others__Dcorrect__SketchFix__Math__patch1-Math-33-SketchFix,Math-33,True,True,True,
Patches_others__Dcorrect__SketchFix__Math__patch1-Math-5-SketchFix,Math-5,True,True,True,
Patches_others__Dcorrect__SketchFix__Math__patch1-Math-50-SketchFix,Math-50,True,True,True,
Patches_others__Dcorrect__SketchFix__Math__patch1-Math-59-SketchFix,Math-59,True,True,True,
Patches_others__Dcorrect__SketchFix__Math__patch1-Math-70-SketchFix,Math-70,True,True,True,
Patches_others__Dcorrect__SketchFix__Math__patch1-Math-82-SketchFix,Math-82,True,True,True,
Patches_others__Doverfitting__CapGen__Lang__patch1-Lang-43-CapGen-plausible,Lang-43,True,True,True,
Patches_others__Doverfitting__CapGen__Lang__patch1-Lang-59-CapGen-plausible,Lang-59,True,True,True,
Patches_others__Doverfitting__CapGen__Lang__patch10-Lang-59-CapGen-plausible,Lang-59,True,True,True,
Patches_others__Doverfitting__CapGen__Lang__patch11-Lang-59-CapGen-plausible,Lang-59,True,True,True,
Patches_others__Doverfitting__CapGen__Lang__patch12-Lang-59-CapGen-plausible,Lang-59,True,True,True,
Patches_others__Doverfitting__CapGen__Lang__patch13-Lang-59-CapGen-plausible,Lang-59,True,True,True,
Patches_others__Doverfitting__CapGen__Lang__patch2-Lang-59-CapGen-plausible,Lang-59,True,True,True,
Patches_others__Doverfitting__CapGen__Lang__patch3-Lang-59-CapGen-plausible,Lang-59,True,True,True,
Patches_others__Doverfitting__CapGen__Lang__patch4-Lang-59-CapGen-plausible,Lang-59,True,True,True,
Patches_others__Doverfitting__CapGen__Lang__patch5-Lang-59-CapGen-plausible,Lang-59,True,True,True,
Patches_others__Doverfitting__CapGen__Lang__patch6-Lang-59-CapGen-plausible,Lang-59,True,True,True,
Patches_others__Doverfitting__CapGen__Lang__patch7-Lang-59-CapGen-plausible,Lang-59,True,True,True,
Patches_others__Doverfitting__CapGen__Lang__patch8-Lang-59-CapGen-plausible,Lang-59,True,True,True,
Patches_others__Doverfitting__CapGen__Lang__patch9-Lang-59-CapGen-plausible,Lang-59,True,True,True,
Patches_others__Doverfitting__CapGen__Math__patch1-Math-5-CapGen-plausible,Math-5,True,True,True,
Patches_others__Doverfitting__CapGen__Math__patch1-Math-63-CapGen-plausible,Math-63,True,True,True,
Patches_others__Doverfitting__CapGen__Math__patch1-Math-80-CapGen-plausible,Math-80,True,True,True,
Patches_others__Doverfitting__CapGen__Math__patch1-Math-85-CapGen-plausible,Math-85,True,True,True,
Patches_others__Doverfitting__CapGen__Math__patch10-Math-80-CapGen-plausible,Math-80,True,True,True,
Patches_others__Doverfitting__CapGen__Math__patch2-Math-5-CapGen-plausible,Math-5,True,True,True,
Patches_others__Doverfitting__CapGen__Math__patch2-Math-63-CapGen-plausible,Math-63,True,True,True,
Patches_others__Doverfitting__CapGen__Math__patch2-Math-80-CapGen-plausible,Math-80,True,True,True,
Patches_others__Doverfitting__CapGen__Math__patch2-Math-85-CapGen-plausible,Math-85,True,True,True,
Patches_others__Doverfitting__CapGen__Math__patch3-Math-5-CapGen-plausible,Math-5,True,True,True,
Patches_others__Doverfitting__CapGen__Math__patch3-Math-63-CapGen-plausible,Math-63,True,True,True,
Patches_others__Doverfitting__CapGen__Math__patch3-Math-80-CapGen-plausible,Math-80,True,True,True,
Patches_others__Doverfitting__CapGen__Math__patch3-Math-85-CapGen-plausible,Math-85,True,True,True,
Patches_others__Doverfitting__CapGen__Math__patch4-Math-63-CapGen-plausible,Math-63,True,True,True,
Patches_others__Doverfitting__CapGen__Math__patch4-Math-80-CapGen-plausible,Math-80,True,True,True,
Patches_others__Doverfitting__CapGen__Math__patch5-Math-63-CapGen-plausible,Math-63,True,True,True,
Patches_others__Doverfitting__CapGen__Math__patch5-Math-80-CapGen-plausible,Math-80,True,True,True,
Patches_others__Doverfitting__CapGen__Math__patch6-Math-63-CapGen-plausible,Math-63,True,True,True,
Patches_others__Doverfitting__CapGen__Math__patch6-Math-80-CapGen-plausible,Math-80,True,True,True,
Patches_others__Doverfitting__CapGen__Math__patch7-Math-63-CapGen-plausible,Math-63,True,True,True,
Patches_others__Doverfitting__CapGen__Math__patch7-Math-80-CapGen-plausible,Math-80,True,True,True,
Patches_others__Doverfitting__CapGen__Math__patch8-Math-63-CapGen-plausible,Math-63,True,True,True,
Patches_others__Doverfitting__CapGen__Math__patch8-Math-80-CapGen-plausible,Math-80,True,True,True,
Patches_others__Doverfitting__CapGen__Math__patch9-Math-80-CapGen-plausible,Math-80,True,True,True,
Patches_others__Doverfitting__Jaid__Chart__patch1-Chart-1-Jaid-plausible,Chart-1,True,True,True,
Patches_others__Doverfitting__Jaid__Chart__patch1-Chart-9-Jaid-plausible,Chart-9,True,True,True,
Patches_others__Doverfitting__Jaid__Chart__patch2-Chart-1-Jaid-plausible,Chart-1,True,True,True,
Patches_others__Doverfitting__Jaid__Chart__patch2-Chart-9-Jaid-plausible,Chart-9,True,True,True,
Patches_others__Doverfitting__Jaid__Chart__patch3-Chart-1-Jaid-plausible,Chart-1,True,True,True,
Patches_others__Doverfitting__Jaid__Chart__patch3-Chart-9-Jaid-plausible,Chart-9,True,True,True,
Patches_others__Doverfitting__Jaid__Closure__patch1-Closure-33-Jaid-plausible,Closure-33,True,True,True,
Patches_others__Doverfitting__Jaid__Closure__patch1-Closure-62-Jaid-plausible,Closure-62,True,True,True,
Patches_others__Doverfitting__Jaid__Closure__patch2-Closure-33-Jaid-plausible,Closure-33,True,True,True,
Patches_others__Doverfitting__Jaid__Lang__patch1-Lang-45-Jaid-plausible,Lang-45,True,True,True,
Patches_others__Doverfitting__Jaid__Lang__patch1-Lang-51-Jaid-plausible,Lang-51,True,True,True,
Patches_others__Doverfitting__Jaid__Lang__patch1-Lang-55-Jaid-plausible,Lang-55,True,True,True,
Patches_others__Doverfitting__Jaid__Lang__patch1-Lang-61-Jaid-plausible,Lang-61,True,True,True,
Patches_others__Doverfitting__Jaid__Lang__patch2-Lang-45-Jaid-plausible,Lang-45,True,True,True,
Patches_others__Doverfitting__Jaid__Lang__patch2-Lang-51-Jaid-plausible,Lang-51,True,True,True,
Patches_others__Doverfitting__Jaid__Lang__patch2-Lang-55-Jaid-plausible,Lang-55,True,True,True,
Patches_others__Doverfitting__Jaid__Lang__patch2-Lang-61-Jaid-plausible,Lang-61,True,True,True,
Patches_others__Doverfitting__Jaid__Lang__patch3-Lang-51-Jaid-plausible,Lang-51,True,True,True,
Patches_others__Doverfitting__Jaid__Lang__patch3-Lang-55-Jaid-plausible,Lang-55,True,True,True,
Patches_others__Doverfitting__Jaid__Math__patch1-Math-32-Jaid-plausible,Math-32,True,True,True,
Patches_others__Doverfitting__Jaid__Math__patch1-Math-50-Jaid-plausible,Math-50,True,True,True,
Patches_others__Doverfitting__Jaid__Math__patch1-Math-53-Jaid-plausible,Math-53,True,True,True,
Patches_others__Doverfitting__Jaid__Math__patch1-Math-80-Jaid-plausible,Math-80,True,True,True,
Patches_others__Doverfitting__Jaid__Math__patch1-Math-82-Jaid-plausible,Math-82,True,True,True,
Patches_others__Doverfitting__Jaid__Math__patch1-Math-85-Jaid-plausible,Math-85,True,True,True,
Patches_others__Doverfitting__Jaid__Math__patch2-Math-53-Jaid-plausible,Math-53,True,True,True,
Patches_others__Doverfitting__Jaid__Math__patch2-Math-80-Jaid-plausible,Math-80,True,True,True,
Patches_others__Doverfitting__Jaid__Math__patch2-Math-82-Jaid-plausible,Math-82,True,True,True,
Patches_others__Doverfitting__Jaid__Math__patch2-Math-85-Jaid-plausible,Math-85,True,True,True,
Patches_others__Doverfitting__Jaid__Math__patch3-Math-50-Jaid-plausible,Math-50,True,True,True,
Patches_others__Doverfitting__Jaid__Math__patch3-Math-53-Jaid-plausible,Math-53,True,True,True,
Patches_others__Doverfitting__Jaid__Math__patch3-Math-80-Jaid-plausible,Math-80,True,True,True,
Patches_others__Doverfitting__Jaid__Math__patch3-Math-82-Jaid-plausible,Math-82,True,True,True,
Patches_others__Doverfitting__Jaid__Math__patch3-Math-85-Jaid-plausible,Math-85,True,True,True,
Patches_others__Doverfitting__Jaid__Math__patch4-Math-82-Jaid-plausible,Math-82,True,True,True,
Patches_others__Doverfitting__Jaid__Math__patch4-Math-85-Jaid-plausible,Math-85,True,True,True,
Patches_others__Doverfitting__SOFix__Math__patch1-Math-2-SOFix-plausible,Math-2,True,True,True,
Patches_others__Doverfitting__SOFix__Math__patch2-Math-2-SOFix-plausible,Math-2,True,True,True,
Patches_others__Doverfitting__SequenceR__Chart__patch2-Chart-1-SequenceR,Chart-1,True,True,True,
Patches_others__Doverfitting__SequenceR__Chart__patch3-Chart-1-SequenceR,Chart-1,True,True,True,
Patches_others__Doverfitting__SequenceR__Chart__patch4-Chart-1-SequenceR,Chart-1,True,True,True,
Patches_others__Doverfitting__SequenceR__Closure__patch1-Closure-123-SequenceR,Closure-123,True,True,True,
Patches_others__Doverfitting__SequenceR__Closure__patch1-Closure-18-SequenceR,Closure-18,True,True,True,
Patches_others__Doverfitting__SequenceR__Closure__patch1-Closure-38-SequenceR,Closure-38,True,True,True,
Patches_others__Doverfitting__SequenceR__Closure__patch1-Closure-73-SequenceR,Closure-73,True,True,True,
Patches_others__Doverfitting__SequenceR__Closure__patch1-Closure-92-SequenceR,Closure-92,True,True,True,
Patches_others__Doverfitting__SequenceR__Closure__patch10-Closure-92-SequenceR,Closure-92,True,True,True,
Patches_others__Doverfitting__SequenceR__Closure__patch2-Closure-38-SequenceR,Closure-38,True,True,True,
Patches_others__Doverfitting__SequenceR__Closure__patch2-Closure-86-SequenceR,Closure-86,True,True,True,
Patches_others__Doverfitting__SequenceR__Closure__patch2-Closure-92-SequenceR,Closure-92,True,True,True,
Patches_others__Doverfitting__SequenceR__Closure__patch3-Closure-18-SequenceR,Closure-18,True,True,True,
Patches_others__Doverfitting__SequenceR__Closure__patch3-Closure-38-SequenceR,Closure-38,True,True,True,
Patches_others__Doverfitting__SequenceR__Closure__patch3-Closure-86-SequenceR,Closure-86,True,True,True,
Patches_others__Doverfitting__SequenceR__Closure__patch3-Closure-92-SequenceR,Closure-92,True,True,True,
Patches_others__Doverfitting__SequenceR__Closure__patch4-Closure-18-SequenceR,Closure-18,True,True,True,
Patches_others__Doverfitting__SequenceR__Closure__patch4-Closure-86-SequenceR,Closure-86,True,True,True,
Patches_others__Doverfitting__SequenceR__Closure__patch4-Closure-92-SequenceR,Closure-92,True,True,True,
Patches_others__Doverfitting__SequenceR__Closure__patch5-Closure-18-SequenceR,Closure-18,True,True,True,
Patches_others__Doverfitting__SequenceR__Closure__patch5-Closure-86-SequenceR,Closure-86,True,True,True,
Patches_others__Doverfitting__SequenceR__Closure__patch5-Closure-92-SequenceR,Closure-92,True,True,True,
Patches_others__Doverfitting__SequenceR__Closure__patch6-Closure-92-SequenceR,Closure-92,True,True,True,
Patches_others__Doverfitting__SequenceR__Closure__patch7-Closure-92-SequenceR,Closure-92,True,True,True,
Patches_others__Doverfitting__SequenceR__Closure__patch8-Closure-92-SequenceR,Closure-92,True,True,True,
Patches_others__Doverfitting__SequenceR__Closure__patch9-Closure-92-SequenceR,Closure-92,True,True,True,
Patches_others__Doverfitting__SequenceR__Lang__patch2-Lang-6-SequenceR,Lang-6,True,True,True,
Patches_others__Doverfitting__SequenceR__Math__patch1-Math-59-SequenceR,Math-59,True,True,True,
Patches_others__Doverfitting__SequenceR__Math__patch1-Math-63-SequenceR,Math-63,True,True,True,
Patches_others__Doverfitting__SequenceR__Math__patch1-Math-80-SequenceR,Math-80,True,True,True,
Patches_others__Doverfitting__SequenceR__Math__patch10-Math-85-SequenceR,Math-85,True,True,True,
Patches_others__Doverfitting__SequenceR__Math__patch11-Math-85-SequenceR,Math-85,True,True,True,
Patches_others__Doverfitting__SequenceR__Math__patch12-Math-85-SequenceR,Math-85,True,True,True,
Patches_others__Doverfitting__SequenceR__Math__patch13-Math-85-SequenceR,Math-85,True,True,True,
Patches_others__Doverfitting__SequenceR__Math__patch14-Math-85-SequenceR,Math-85,True,True,True,
Patches_others__Doverfitting__SequenceR__Math__patch15-Math-85-SequenceR,Math-85,True,True,True,
Patches_others__Doverfitting__SequenceR__Math__patch16-Math-85-SequenceR,Math-85,True,True,True,
Patches_others__Doverfitting__SequenceR__Math__patch17-Math-85-SequenceR,Math-85,True,True,True,
Patches_others__Doverfitting__SequenceR__Math__patch2-Math-85-SequenceR,Math-85,True,True,True,
Patches_others__Doverfitting__SequenceR__Math__patch3-Math-82-SequenceR,Math-82,True,True,True,
Patches_others__Doverfitting__SequenceR__Math__patch3-Math-85-SequenceR,Math-85,True,True,True,
Patches_others__Doverfitting__SequenceR__Math__patch4-Math-85-SequenceR,Math-85,True,True,True,
Patches_others__Doverfitting__SequenceR__Math__patch5-Math-85-SequenceR,Math-85,True,True,True,
Patches_others__Doverfitting__SequenceR__Math__patch6-Math-85-SequenceR,Math-85,True,True,True,
Patches_others__Doverfitting__SequenceR__Math__patch7-Math-85-SequenceR,Math-85,True,True,True,
Patches_others__Doverfitting__SequenceR__Math__patch8-Math-85-SequenceR,Math-85,True,True,True,
Patches_others__Doverfitting__SequenceR__Math__patch9-Math-85-SequenceR,Math-85,True,True,True,
Patches_others__Doverfitting__SketchFix__Chart__patch1-Chart-1-SketchFix-plausible,Chart-1,True,True,True,
Patches_others__Doverfitting__SketchFix__Chart__patch2-Chart-1-SketchFix-plausible,Chart-1,True,True,True,
Patches_others__Doverfitting__SketchFix__Math__patch1-Math-33-SketchFix-plausible,Math-33,True,True,True,
Patches_others__Doverfitting__SketchFix__Math__patch1-Math-70-SketchFix-plausible,Math-70,True,True,True,
Patches_others__Doverfitting__SketchFix__Math__patch1-Math-82-SketchFix-plausible,Math-82,True,True,True,
Patches_others__Doverfitting__SketchFix__Math__patch2-Math-70-SketchFix-plausible,Math-70,True,True,True,
Patches_others__Doverfitting__SketchFix__Math__patch2-Math-82-SketchFix-plausible,Math-82,True,True,True,
